Dosya,Yöntem,Entropy,Kontrast (Std),Renk Canlılığı,Kenar Yoğunluğu,Ort. Parlaklık,PSNR (dB),SSIM,İşlem Süresi (ms)
0003_0.8_0.2.jpg,DCP (Dark Channel Prior),7.206,41.8012,83.6489,45.1732,99.3395,17.7046,0.851,69.62
0003_0.8_0.2.jpg,CLAHE (LAB),6.963,36.2137,30.5997,51.9826,154.5761,18.5606,0.8969,111.11
0003_0.8_0.2.jpg,"MSRCR (σ=[15,80,250])",7.3107,74.7517,53.4078,85.057,138.9706,14.4553,0.6764,1220.79
0016_0.8_0.08.jpg,DCP (Dark Channel Prior),7.7727,60.9914,89.8719,95.4363,103.1721,15.6089,0.864,95.98
0016_0.8_0.08.jpg,CLAHE (LAB),7.7356,59.6802,31.2561,127.99,141.2204,18.0976,0.8349,100.6
0016_0.8_0.08.jpg,"MSRCR (σ=[15,80,250])",6.955,91.1052,39.0633,162.6743,135.888,15.61,0.6817,1977.04
0002_0.8_0.08.jpg,DCP (Dark Channel Prior),7.3338,60.7047,61.6574,47.394,73.8246,14.6851,0.7848,103.49
0002_0.8_0.08.jpg,CLAHE (LAB),7.5537,57.9897,17.1943,84.9578,135.0463,17.4747,0.7601,113.96
0002_0.8_0.08.jpg,"MSRCR (σ=[15,80,250])",6.192,103.0897,22.0155,137.44,123.797,14.256,0.5485,2052.87
0011_0.95_0.16.jpg,DCP (Dark Channel Prior),7.1342,69.056,43.2136,33.4742,68.6015,18.656,0.8832,102.96
0011_0.95_0.16.jpg,CLAHE (LAB),7.4585,55.5612,14.6909,51.6166,137.2111,12.3018,0.6216,121.11
0011_0.95_0.16.jpg,"MSRCR (σ=[15,80,250])",5.8723,100.1914,16.3727,85.1004,124.7328,12.2271,0.5174,2012.69
0009_0.8_0.16.jpg,DCP (Dark Channel Prior),7.2582,45.9273,60.61,62.5075,88.0433,18.1995,0.8981,97.79
0009_0.8_0.16.jpg,CLAHE (LAB),7.6487,51.0979,39.2858,98.6849,137.7191,15.0904,0.7926,114.62
0009_0.8_0.16.jpg,"MSRCR (σ=[15,80,250])",7.354,79.8735,94.1065,139.2632,132.7507,13.2433,0.5759,2106.82
0010_0.95_0.16.jpg,DCP (Dark Channel Prior),7.261,56.8927,22.7101,59.5296,72.6382,20.6466,0.917,92.83
0010_0.95_0.16.jpg,CLAHE (LAB),7.5764,50.716,11.1875,77.4974,136.2696,12.5041,0.695,135.59
0010_0.95_0.16.jpg,"MSRCR (σ=[15,80,250])",6.9592,87.0326,34.8759,120.283,125.616,12.3112,0.534,2107.26
0004_0.9_0.12.jpg,DCP (Dark Channel Prior),7.3691,53.3598,109.3038,108.3691,138.7482,13.3151,0.8573,98.86
0004_0.9_0.12.jpg,CLAHE (LAB),7.4245,54.0037,42.1132,133.296,170.1312,19.6728,0.8694,89.35
0004_0.9_0.12.jpg,"MSRCR (σ=[15,80,250])",7.209,71.5817,49.7856,174.3285,143.515,13.3381,0.7618,2590.55
0006_0.85_0.08.jpg,DCP (Dark Channel Prior),7.7329,61.8409,101.5912,65.2796,98.3582,14.4276,0.8545,97.12
0006_0.85_0.08.jpg,CLAHE (LAB),7.6839,61.6428,33.102,102.2817,145.6354,16.6405,0.7782,111.31
0006_0.85_0.08.jpg,"MSRCR (σ=[15,80,250])",6.8759,96.8102,48.1138,133.033,137.8655,16.2187,0.6726,2590.81
0001_0.8_0.2.jpg,DCP (Dark Channel Prior),7.6063,51.2777,93.8365,113.9285,127.2105,20.1496,0.9017,96.78
0001_0.8_0.2.jpg,CLAHE (LAB),7.609,52.4454,32.331,130.9892,147.0379,21.1082,0.9244,120.65
0001_0.8_0.2.jpg,"MSRCR (σ=[15,80,250])",7.1172,81.4924,70.0382,199.8875,133.2572,15.7818,0.7176,2549.85
0014_0.8_0.12.jpg,DCP (Dark Channel Prior),7.2792,55.354,20.4409,49.33,82.0786,14.6067,0.7888,89.36
0014_0.8_0.12.jpg,CLAHE (LAB),7.3468,51.385,8.3232,78.9144,145.6588,17.443,0.844,167.78
0014_0.8_0.12.jpg,"MSRCR (σ=[15,80,250])",6.3723,93.6459,26.594,129.2828,131.2932,15.0116,0.6104,2690.37
0007_0.9_0.16.jpg,DCP (Dark Channel Prior),7.0265,53.4468,19.02,40.201,70.2731,16.5901,0.8534,81.06
0007_0.9_0.16.jpg,CLAHE (LAB),7.3435,47.3687,9.5719,67.5176,146.1925,13.4038,0.7283,117.05
0007_0.9_0.16.jpg,"MSRCR (σ=[15,80,250])",6.7822,83.2155,30.3866,112.2158,131.647,13.5012,0.5465,2767.72
0022_0.8_0.08.jpg,DCP (Dark Channel Prior),7.5541,52.9904,47.539,56.9566,93.3664,11.509,0.7377,54.08
0022_0.8_0.08.jpg,CLAHE (LAB),7.4128,62.3005,14.3502,96.313,154.489,17.9522,0.7975,3.09
0022_0.8_0.08.jpg,"MSRCR (σ=[15,80,250])",6.6538,98.1178,31.1685,128.2181,142.616,15.1183,0.6088,828.23
0017_0.9_0.08.jpg,DCP (Dark Channel Prior),7.6354,67.004,24.1232,55.0514,99.9501,17.0291,0.8256,36.06
0017_0.9_0.08.jpg,CLAHE (LAB),7.3827,66.3954,11.7916,84.4824,147.6629,16.8064,0.7518,4.97
0017_0.9_0.08.jpg,"MSRCR (σ=[15,80,250])",6.3935,101.3141,22.1012,116.666,136.302,14.4591,0.6476,2328.94
0021_0.8_0.08.jpg,DCP (Dark Channel Prior),7.7412,58.1064,70.355,67.4425,106.7681,12.5172,0.7856,70.42
0021_0.8_0.08.jpg,CLAHE (LAB),7.4148,62.4337,22.9078,102.7134,159.0823,18.9035,0.8447,4.1
0021_0.8_0.08.jpg,"MSRCR (σ=[15,80,250])",6.7453,93.3082,41.7106,135.7068,141.5777,15.0834,0.6676,1011.12
0019_0.8_0.16.jpg,DCP (Dark Channel Prior),7.4554,54.6359,35.4799,66.2111,79.5999,14.5679,0.8748,66.69
0019_0.8_0.16.jpg,CLAHE (LAB),7.6634,58.7356,12.33,98.2936,142.4093,15.3127,0.7916,3.65
0019_0.8_0.16.jpg,"MSRCR (σ=[15,80,250])",6.7293,99.5807,28.4444,151.2563,129.2224,14.22,0.6293,1067.46
0018_0.9_0.2.jpg,DCP (Dark Channel Prior),7.7237,55.8917,102.1712,57.5528,113.278,16.2789,0.888,84.8
0018_0.9_0.2.jpg,CLAHE (LAB),7.5097,54.0337,30.3496,80.9985,156.678,16.6139,0.8467,5.11
0018_0.9_0.2.jpg,"MSRCR (σ=[15,80,250])",7.1726,85.828,62.5606,124.9877,136.9827,14.6738,0.634,1536.4
0029_0.85_0.08.jpg,DCP (Dark Channel Prior),7.4885,59.3855,86.7874,50.0293,84.8384,14.0872,0.821,106.19
0029_0.85_0.08.jpg,CLAHE (LAB),7.68,56.2692,30.2365,77.4221,142.4625,17.1976,0.7974,119.17
0029_0.85_0.08.jpg,"MSRCR (σ=[15,80,250])",7.1275,91.9671,47.9095,110.6454,131.9117,16.6293,0.6369,1333.8
0040_1_0.08.jpg,DCP (Dark Channel Prior),7.8057,62.8446,55.9733,79.566,111.9222,19.7086,0.9127,63.42
0040_1_0.08.jpg,CLAHE (LAB),7.7857,64.1981,22.7705,122.0348,147.2385,17.5252,0.8115,127.64
0040_1_0.08.jpg,"MSRCR (σ=[15,80,250])",7.0788,91.1754,30.9009,158.4389,139.5826,15.2953,0.6816,1643.74
0024_0.85_0.08.jpg,DCP (Dark Channel Prior),6.9451,69.8312,43.1263,20.8541,58.1058,14.4129,0.843,102.88
0024_0.85_0.08.jpg,CLAHE (LAB),7.5043,66.7951,14.5751,42.2444,115.4417,15.3132,0.5617,157.5
0024_0.85_0.08.jpg,"MSRCR (σ=[15,80,250])",6.1329,102.1405,21.6088,72.7329,116.5532,14.7021,0.5536,1826.93
0030_0.95_0.12.jpg,DCP (Dark Channel Prior),7.6909,59.0524,63.2241,86.7043,94.5554,21.6842,0.9594,93.36
0030_0.95_0.12.jpg,CLAHE (LAB),7.816,62.5987,26.8998,132.1548,133.9985,15.4292,0.7759,122.31
0030_0.95_0.12.jpg,"MSRCR (σ=[15,80,250])",7.0048,94.6702,40.3692,182.1146,129.5858,13.7359,0.6264,2175.84
0033_0.85_0.08.jpg,DCP (Dark Channel Prior),7.4356,49.5746,72.8663,73.2851,84.8754,14.8404,0.8415,84.59
0033_0.85_0.08.jpg,CLAHE (LAB),7.6472,53.6884,34.6687,103.1012,137.8141,20.2132,0.8481,134.49
0033_0.85_0.08.jpg,"MSRCR (σ=[15,80,250])",7.0095,82.8251,58.4369,135.3409,137.5364,15.5518,0.6812,2103.91
0023_0.85_0.12.jpg,DCP (Dark Channel Prior),7.1164,62.711,85.1576,15.1719,67.648,14.8668,0.8544,107.33
0023_0.85_0.12.jpg,CLAHE (LAB),7.2804,48.6179,31.297,33.1751,130.4492,13.7212,0.6432,118.72
0023_0.85_0.12.jpg,"MSRCR (σ=[15,80,250])",6.749,101.9229,36.6317,54.5604,120.7511,13.0665,0.5189,2417.15
0036_1_0.08.jpg,DCP (Dark Channel Prior),7.3449,49.6964,21.1561,46.1154,87.4042,10.9431,0.7639,95.6
0036_1_0.08.jpg,CLAHE (LAB),7.4274,61.3932,6.8487,84.3011,161.5456,18.7456,0.8211,123.95
0036_1_0.08.jpg,"MSRCR (σ=[15,80,250])",6.5706,99.185,21.1775,120.3589,143.2908,14.8768,0.6057,2194.56
0026_0.95_0.08.jpg,DCP (Dark Channel Prior),7.6123,70.001,76.8686,47.1668,88.3143,16.7282,0.8657,90.27
0026_0.95_0.08.jpg,CLAHE (LAB),7.6989,61.9747,25.0664,67.1159,138.8818,16.2215,0.782,110.46
0026_0.95_0.08.jpg,"MSRCR (σ=[15,80,250])",6.7149,99.3108,40.5835,88.535,133.286,14.6973,0.6175,2563.95
0039_0.9_0.2.jpg,DCP (Dark Channel Prior),7.5884,68.3703,30.5832,93.8014,93.9591,18.9402,0.9196,157.72
0039_0.9_0.2.jpg,CLAHE (LAB),7.6541,62.3904,11.5376,118.2316,142.2556,14.2688,0.7339,174.19
0039_0.9_0.2.jpg,"MSRCR (σ=[15,80,250])",6.3203,102.6228,20.7645,173.5103,129.5226,15.0597,0.6655,2502.22
0034_0.9_0.16.jpg,DCP (Dark Channel Prior),7.2947,54.3095,37.2865,35.6841,66.7995,14.7366,0.7996,94.19
0034_0.9_0.16.jpg,CLAHE (LAB),7.5232,54.6481,14.0249,57.4833,139.8065,14.8606,0.7541,112.95
0034_0.9_0.16.jpg,"MSRCR (σ=[15,80,250])",6.6293,97.2926,24.7423,95.5752,127.7159,14.1737,0.5625,2757.45
0025_0.8_0.16.jpg,DCP (Dark Channel Prior),7.5879,63.6844,73.2023,72.3275,87.1027,18.7355,0.8704,119.53
0025_0.8_0.16.jpg,CLAHE (LAB),7.5255,50.2341,20.0527,88.2487,137.0769,14.6542,0.7938,129.25
0025_0.8_0.16.jpg,"MSRCR (σ=[15,80,250])",7.1111,95.2074,45.9861,143.0098,124.0535,14.7636,0.6365,2856.26
0047_0.9_0.12.jpg,DCP (Dark Channel Prior),6.4783,99.1978,20.7965,47.26,111.152,22.7094,0.8591,51.56
0047_0.9_0.12.jpg,CLAHE (LAB),6.8382,72.1609,5.8563,72.5295,149.3266,16.3622,0.7321,3.95
0047_0.9_0.12.jpg,"MSRCR (σ=[15,80,250])",5.4454,109.8012,10.321,103.671,122.9881,18.7641,0.6491,664.14
0046_0.9_0.16.jpg,DCP (Dark Channel Prior),7.073,55.0734,17.7483,33.3064,73.7184,16.283,0.7812,80.06
0046_0.9_0.16.jpg,CLAHE (LAB),7.1269,48.3387,5.2063,42.5362,145.6091,13.2687,0.6863,4.8
0046_0.9_0.16.jpg,"MSRCR (σ=[15,80,250])",6.1621,105.2596,17.4525,70.0272,137.2159,12.9892,0.544,968.64
0048_0.9_0.2.jpg,DCP (Dark Channel Prior),7.5238,48.5646,73.3277,62.8092,110.874,16.1454,0.8071,64.96
0048_0.9_0.2.jpg,CLAHE (LAB),7.1896,42.471,20.9734,63.0585,161.4565,16.0346,0.851,4.02
0048_0.9_0.2.jpg,"MSRCR (σ=[15,80,250])",7.106,80.2201,51.2352,103.7195,140.0345,15.0336,0.6485,958.51
0042_0.8_0.2.jpg,DCP (Dark Channel Prior),7.155,43.607,26.4495,78.1933,81.4099,12.3405,0.8356,142.57
0042_0.8_0.2.jpg,CLAHE (LAB),7.4929,52.7711,13.0761,98.797,148.2834,17.1991,0.843,7.44
0042_0.8_0.2.jpg,"MSRCR (σ=[15,80,250])",6.9964,82.6654,37.5911,158.5401,127.3718,15.5228,0.6162,2043.04
0045_0.8_0.16.jpg,DCP (Dark Channel Prior),7.3808,46.1834,22.0098,37.5513,97.9804,9.7764,0.6864,140.15
0045_0.8_0.16.jpg,CLAHE (LAB),6.9322,46.1351,6.5885,42.0857,180.0199,17.8028,0.8863,4.93
0045_0.8_0.16.jpg,"MSRCR (σ=[15,80,250])",6.509,72.9871,19.9724,62.6096,148.1669,14.2664,0.6953,2365.46
0051_0.8_0.2.jpg,DCP (Dark Channel Prior),6.7937,69.8456,13.0024,52.0697,88.526,20.3977,0.9499,103.61
0051_0.8_0.2.jpg,CLAHE (LAB),7.2285,60.1568,8.679,99.3944,143.3695,13.7449,0.7193,116.49
0051_0.8_0.2.jpg,"MSRCR (σ=[15,80,250])",6.156,98.9617,23.2789,165.8461,123.9717,14.1654,0.597,1687.15
0053_0.9_0.12.jpg,DCP (Dark Channel Prior),6.6956,74.8174,13.7118,35.4869,76.8496,17.3035,0.8705,110.31
0053_0.9_0.12.jpg,CLAHE (LAB),7.3017,59.3958,7.6768,62.9532,140.3757,13.9702,0.7048,120.89
0053_0.9_0.12.jpg,"MSRCR (σ=[15,80,250])",6.2896,96.3735,19.5873,96.6981,123.745,13.1561,0.5078,1680.73
0055_0.85_0.12.jpg,DCP (Dark Channel Prior),7.4661,50.4265,30.4578,47.8619,80.0386,16.1574,0.8308,119.37
0055_0.85_0.12.jpg,CLAHE (LAB),7.5744,52.6314,7.4452,78.5054,139.5917,15.1311,0.6947,98.45
0055_0.85_0.12.jpg,"MSRCR (σ=[15,80,250])",6.7318,93.8441,14.2074,103.0606,139.4604,14.0244,0.6319,2038.59
0057_0.8_0.12.jpg,DCP (Dark Channel Prior),7.6246,54.0511,38.5924,112.4454,128.4496,17.6795,0.8396,93.84
0057_0.8_0.12.jpg,CLAHE (LAB),7.5903,58.6462,16.7641,150.6211,151.5486,19.6587,0.83,105.92
0057_0.8_0.12.jpg,"MSRCR (σ=[15,80,250])",7.1029,88.966,37.4665,220.3504,140.4082,13.6763,0.5833,2130.42
0059_0.9_0.12.jpg,DCP (Dark Channel Prior),7.7049,74.8458,72.7628,75.6136,116.5035,18.9269,0.8751,112.24
0059_0.9_0.12.jpg,CLAHE (LAB),7.5106,62.3372,24.1804,96.1089,151.4201,18.0348,0.8471,116.87
0059_0.9_0.12.jpg,"MSRCR (σ=[15,80,250])",6.9564,97.3625,40.7834,138.1777,134.8441,15.6562,0.6436,2177.83
0054_0.85_0.16.jpg,DCP (Dark Channel Prior),7.3571,48.1811,24.9126,67.1708,83.4261,14.5442,0.8671,90.04
0054_0.85_0.16.jpg,CLAHE (LAB),7.7223,55.1584,13.0476,109.1085,137.9731,14.5085,0.7515,120.25
0054_0.85_0.16.jpg,"MSRCR (σ=[15,80,250])",6.7324,96.3259,32.6316,156.3756,135.7008,13.8773,0.5991,2259.21
0051_0.95_0.12.jpg,DCP (Dark Channel Prior),6.4172,82.911,14.2117,56.7777,97.7479,25.2344,0.9661,103.06
0051_0.95_0.12.jpg,CLAHE (LAB),7.167,69.6588,10.4114,113.9569,143.4547,14.3258,0.7013,96.99
0051_0.95_0.12.jpg,"MSRCR (σ=[15,80,250])",6.1296,99.1181,23.6324,173.0191,124.7212,14.0599,0.5927,2443.95
0061_0.8_0.2.jpg,DCP (Dark Channel Prior),7.2952,76.9538,66.7605,27.4323,91.1844,15.0317,0.8135,45.54
0061_0.8_0.2.jpg,CLAHE (LAB),7.151,54.5949,14.2934,42.2724,148.7712,14.0004,0.688,4.03
0061_0.8_0.2.jpg,"MSRCR (σ=[15,80,250])",5.8954,111.167,22.3484,56.5636,130.6874,16.3981,0.6043,1347.28
0058_0.8_0.2.jpg,DCP (Dark Channel Prior),7.2387,64.7025,15.9421,97.6287,73.9003,22.5574,0.9354,109.8
0058_0.8_0.2.jpg,CLAHE (LAB),7.6682,57.54,10.3878,131.1744,124.6007,13.7239,0.7287,92.03
0058_0.8_0.2.jpg,"MSRCR (σ=[15,80,250])",6.7543,88.6653,26.8978,193.2613,121.8339,12.0151,0.5539,3403.69
0049_0.85_0.12.jpg,DCP (Dark Channel Prior),7.286,60.5223,16.9432,66.5455,84.6105,14.8045,0.8344,160.23
0049_0.85_0.12.jpg,CLAHE (LAB),7.6979,59.2824,6.3758,128.8501,147.9521,15.7025,0.7387,120.59
0049_0.85_0.12.jpg,"MSRCR (σ=[15,80,250])",6.6456,94.4288,18.7938,219.8447,131.7146,12.3294,0.5097,3511.34
0052_0.9_0.16.jpg,DCP (Dark Channel Prior),6.7899,84.3594,15.5649,48.3462,91.7657,17.9005,0.8625,145.62
0052_0.9_0.16.jpg,CLAHE (LAB),7.2411,58.8379,6.7281,67.3641,151.6838,14.0594,0.7766,116.51
0052_0.9_0.16.jpg,"MSRCR (σ=[15,80,250])",6.463,95.305,22.3665,115.0815,129.8909,14.6206,0.5902,3717.49
0062_0.9_0.2.jpg,DCP (Dark Channel Prior),7.63,56.8101,76.252,67.2034,117.3233,15.4954,0.8503,74.54
0062_0.9_0.2.jpg,CLAHE (LAB),7.3937,50.0916,23.0934,74.8324,175.4446,13.8165,0.8078,2.66
0062_0.9_0.2.jpg,"MSRCR (σ=[15,80,250])",7.2643,94.6115,54.0699,117.0254,135.5255,15.753,0.7019,1463.41
0064_0.8_0.2.jpg,DCP (Dark Channel Prior),6.8618,69.8116,24.8359,48.577,89.1741,17.2012,0.8796,48.01
0064_0.8_0.2.jpg,CLAHE (LAB),7.2121,54.259,14.5316,74.2358,156.2788,13.5502,0.7696,2.64
0064_0.8_0.2.jpg,"MSRCR (σ=[15,80,250])",6.4856,91.7834,41.7604,119.3928,134.4906,14.9335,0.6297,1405.99
0063_0.8_0.16.jpg,DCP (Dark Channel Prior),7.5199,67.6374,32.3465,65.9145,100.0997,17.5649,0.8811,82.44
0063_0.8_0.16.jpg,CLAHE (LAB),7.4199,59.2835,15.6786,82.989,155.1947,14.289,0.8087,4.93
0063_0.8_0.16.jpg,"MSRCR (σ=[15,80,250])",6.8881,99.8748,46.2503,132.1011,137.0003,14.5314,0.6718,1543.2
0056_0.8_0.16.jpg,DCP (Dark Channel Prior),7.196,70.749,17.6262,33.2772,77.4297,12.8876,0.7821,147.85
0056_0.8_0.16.jpg,CLAHE (LAB),7.5314,58.1972,6.9873,54.8397,143.5363,14.952,0.7301,106.05
0056_0.8_0.16.jpg,"MSRCR (σ=[15,80,250])",6.6307,97.0855,29.8369,103.3961,137.571,13.4987,0.5228,4148.94
0060_0.9_0.2.jpg,DCP (Dark Channel Prior),7.4372,54.2548,58.703,30.2362,83.0657,13.9708,0.7863,142.66
0060_0.9_0.2.jpg,CLAHE (LAB),7.4035,48.1212,13.4832,40.1178,153.7283,13.2798,0.7103,8.75
0060_0.9_0.2.jpg,"MSRCR (σ=[15,80,250])",6.6093,95.0445,29.5612,79.8867,136.4812,12.3425,0.5068,2885.32
0072_0.9_0.2.jpg,DCP (Dark Channel Prior),7.1912,56.357,32.1716,36.7297,112.407,21.1758,0.795,72.73
0072_0.9_0.2.jpg,CLAHE (LAB),6.6497,44.6204,15.4162,50.5916,159.4552,14.0675,0.7391,110.86
0072_0.9_0.2.jpg,"MSRCR (σ=[15,80,250])",6.615,97.3575,38.7698,71.9172,141.5433,13.7595,0.5805,1336.18
0069_0.9_0.16.jpg,DCP (Dark Channel Prior),7.2116,80.807,29.1415,93.3733,93.3381,20.5692,0.9125,73.16
0069_0.9_0.16.jpg,CLAHE (LAB),7.4216,65.6387,14.0758,102.8547,140.6062,16.0782,0.8232,107.92
0069_0.9_0.16.jpg,"MSRCR (σ=[15,80,250])",5.922,100.9266,31.4009,145.1719,121.7584,16.2734,0.6823,1585.44
0065_0.9_0.12.jpg,DCP (Dark Channel Prior),7.2893,61.3467,17.3207,98.7686,76.289,19.4039,0.8968,105.16
0065_0.9_0.12.jpg,CLAHE (LAB),7.7224,58.5205,9.8801,144.4052,130.0985,15.1401,0.7601,138.15
0065_0.9_0.12.jpg,"MSRCR (σ=[15,80,250])",6.5126,92.029,19.3444,192.7057,125.6257,13.73,0.6411,1887.0
0066_1_0.08.jpg,DCP (Dark Channel Prior),7.1543,43.6351,25.1966,20.6547,66.5047,8.935,0.6789,178.86
0066_1_0.08.jpg,CLAHE (LAB),7.0132,49.8338,8.2352,28.2807,160.2203,20.1398,0.8452,117.31
0066_1_0.08.jpg,"MSRCR (σ=[15,80,250])",5.9972,78.5031,5.9314,29.7831,150.4303,17.9402,0.7696,2186.85
0071_0.8_0.2.jpg,DCP (Dark Channel Prior),7.7608,69.1897,67.2724,94.9773,106.0557,18.5861,0.9022,105.9
0071_0.8_0.2.jpg,CLAHE (LAB),7.6457,61.049,22.6604,116.7811,139.3293,16.756,0.8119,132.8
0071_0.8_0.2.jpg,"MSRCR (σ=[15,80,250])",7.0301,98.179,44.5719,162.5893,129.3865,15.9704,0.6556,2219.35
0076_0.8_0.2.jpg,DCP (Dark Channel Prior),7.1801,50.4007,28.3014,92.3347,68.7189,18.5395,0.9278,77.0
0076_0.8_0.2.jpg,CLAHE (LAB),7.6135,53.0657,12.8282,134.3696,128.728,14.7155,0.7802,99.92
0076_0.8_0.2.jpg,"MSRCR (σ=[15,80,250])",6.9611,92.5655,36.8382,228.6712,122.6156,12.3983,0.5537,2456.86
0073_0.8_0.16.jpg,DCP (Dark Channel Prior),7.4757,71.8941,66.5933,52.6265,93.8057,16.5333,0.7052,97.91
0073_0.8_0.16.jpg,CLAHE (LAB),7.411,66.0665,20.0997,78.9009,140.4665,14.6746,0.6077,103.32
0073_0.8_0.16.jpg,"MSRCR (σ=[15,80,250])",6.6475,101.6059,39.7594,104.6008,135.2114,15.8698,0.6805,2354.73
0070_0.9_0.12.jpg,DCP (Dark Channel Prior),7.6742,53.4823,123.4197,73.5421,115.7968,16.0191,0.8563,134.87
0070_0.9_0.12.jpg,CLAHE (LAB),7.4476,50.1669,47.4375,92.6216,155.5879,18.4621,0.8276,138.7
0070_0.9_0.12.jpg,"MSRCR (σ=[15,80,250])",7.0057,88.8439,52.3695,116.045,138.6134,16.0503,0.6769,2645.92
0076_1_0.16.jpg,DCP (Dark Channel Prior),7.235,55.8604,30.3727,99.2248,74.1817,19.8895,0.9419,34.5
0076_1_0.16.jpg,CLAHE (LAB),7.6315,57.054,14.1578,142.6297,133.692,14.0554,0.7547,2.86
0076_1_0.16.jpg,"MSRCR (σ=[15,80,250])",6.9513,92.5052,36.6008,228.2817,122.6792,12.3812,0.5541,1688.85
0079_0.8_0.12.jpg,DCP (Dark Channel Prior),7.4899,49.7395,22.7796,61.9542,80.8129,13.7196,0.8431,56.84
0079_0.8_0.12.jpg,CLAHE (LAB),7.7457,58.0406,10.0203,106.934,143.0118,14.8946,0.7832,4.41
0079_0.8_0.12.jpg,"MSRCR (σ=[15,80,250])",6.8051,92.5907,26.7209,150.0102,137.4604,14.9073,0.678,1718.53
0082_0.85_0.16.jpg,DCP (Dark Channel Prior),7.5382,50.1353,85.88,61.8288,111.2952,18.5438,0.8493,27.65
0082_0.85_0.16.jpg,CLAHE (LAB),7.2805,42.9859,24.8374,66.994,153.2331,16.9785,0.8447,3.09
0082_0.85_0.16.jpg,"MSRCR (σ=[15,80,250])",7.2158,75.0372,45.9866,99.2366,141.4771,16.3187,0.7018,1605.97
0075_0.8_0.2.jpg,DCP (Dark Channel Prior),7.4824,52.5975,25.9515,91.6127,88.6324,14.0183,0.8694,160.88
0075_0.8_0.2.jpg,CLAHE (LAB),7.7045,57.2384,12.8261,113.099,141.3502,19.4396,0.8762,116.1
0075_0.8_0.2.jpg,"MSRCR (σ=[15,80,250])",6.8409,89.3177,37.7848,162.0899,131.877,15.6818,0.6473,3893.48
0068_1_0.16.jpg,DCP (Dark Channel Prior),7.6981,59.9862,93.8744,72.925,96.7311,18.0511,0.8883,147.31
0068_1_0.16.jpg,CLAHE (LAB),7.6376,55.993,42.8635,95.3667,144.1308,15.9274,0.7866,110.05
0068_1_0.16.jpg,"MSRCR (σ=[15,80,250])",7.3401,84.37,62.9525,142.7436,135.9254,14.8112,0.6968,4267.23
0074_0.8_0.2.jpg,DCP (Dark Channel Prior),7.2477,47.1962,103.4815,44.9838,74.1573,17.7836,0.8065,129.95
0074_0.8_0.2.jpg,CLAHE (LAB),7.4167,48.0915,52.9922,64.8446,127.5776,14.2328,0.6935,111.73
0074_0.8_0.2.jpg,"MSRCR (σ=[15,80,250])",7.5617,85.9337,73.3983,112.0192,126.2166,12.8162,0.5643,4315.74
0081_0.8_0.2.jpg,DCP (Dark Channel Prior),7.61,68.0097,81.3235,75.5237,139.213,15.728,0.7961,71.55
0081_0.8_0.2.jpg,CLAHE (LAB),7.1804,57.2559,19.2464,83.954,169.0557,22.3323,0.8827,5.67
0081_0.8_0.2.jpg,"MSRCR (σ=[15,80,250])",7.0276,89.0912,38.6654,132.5271,136.0447,13.2124,0.5882,2254.97
0077_0.8_0.2.jpg,DCP (Dark Channel Prior),7.4088,52.9134,103.3862,43.9048,76.4912,18.2602,0.8366,109.62
0077_0.8_0.2.jpg,CLAHE (LAB),7.4109,48.3095,44.7618,52.6171,127.5962,15.3087,0.727,7.94
0077_0.8_0.2.jpg,"MSRCR (σ=[15,80,250])",6.9329,86.8879,50.0887,83.2206,131.5596,12.6817,0.6259,3129.23
0083_0.85_0.12.jpg,DCP (Dark Channel Prior),7.2846,48.4165,47.6175,36.0375,83.0374,14.4471,0.7892,100.34
0083_0.85_0.12.jpg,CLAHE (LAB),7.291,41.8265,18.4567,50.0521,148.3659,16.9806,0.7984,117.0
0083_0.85_0.12.jpg,"MSRCR (σ=[15,80,250])",7.1983,82.916,35.5224,75.379,141.7791,15.3176,0.6205,1949.98
0086_0.95_0.12.jpg,DCP (Dark Channel Prior),7.5852,69.0388,56.1589,84.0822,86.1416,21.6944,0.9275,102.7
0086_0.95_0.12.jpg,CLAHE (LAB),7.7235,62.4371,19.9397,116.0703,128.699,15.1092,0.7316,116.5
0086_0.95_0.12.jpg,"MSRCR (σ=[15,80,250])",6.8485,94.9198,39.5762,166.6454,124.1392,13.7127,0.606,2143.0
0088_0.9_0.12.jpg,DCP (Dark Channel Prior),6.3952,87.9993,17.272,37.7697,100.3018,21.3088,0.933,136.45
0088_0.9_0.12.jpg,CLAHE (LAB),7.0666,69.5468,10.188,80.6434,149.3291,14.2575,0.7062,107.65
0088_0.9_0.12.jpg,"MSRCR (σ=[15,80,250])",5.5072,101.8346,32.9745,120.5661,129.5912,15.441,0.6104,2284.64
0086_0.8_0.2.jpg,DCP (Dark Channel Prior),7.5144,65.8539,52.6842,79.3407,85.0158,21.9521,0.9213,101.01
0086_0.8_0.2.jpg,CLAHE (LAB),7.602,55.6081,15.5928,102.93,131.0639,14.3625,0.7402,116.21
0086_0.8_0.2.jpg,"MSRCR (σ=[15,80,250])",6.8915,93.4893,39.1746,161.6765,124.5716,13.7741,0.6033,2562.82
0084_0.95_0.16.jpg,DCP (Dark Channel Prior),7.5828,53.4735,63.8388,96.9635,87.7223,22.203,0.9518,114.61
0084_0.95_0.16.jpg,CLAHE (LAB),7.8266,61.956,40.4018,149.6559,131.818,14.5741,0.7441,103.23
0084_0.95_0.16.jpg,"MSRCR (σ=[15,80,250])",7.4292,90.4745,71.017,192.557,130.5193,12.2775,0.6231,2711.07
0087_0.9_0.16.jpg,DCP (Dark Channel Prior),7.4527,48.1297,55.5349,65.6794,97.9608,14.7111,0.8339,101.44
0087_0.9_0.16.jpg,CLAHE (LAB),7.4918,57.1248,22.9978,80.7751,153.1133,16.5665,0.8178,95.21
0087_0.9_0.16.jpg,"MSRCR (σ=[15,80,250])",7.0587,88.0169,47.7558,109.4726,137.6087,15.6132,0.6644,3149.27
0090_0.85_0.12.jpg,DCP (Dark Channel Prior),7.3544,49.7032,27.2788,95.4956,86.5867,15.6916,0.8921,102.78
0090_0.85_0.12.jpg,CLAHE (LAB),7.7242,53.7436,14.7176,127.6086,136.6284,19.3727,0.8663,93.54
0090_0.85_0.12.jpg,"MSRCR (σ=[15,80,250])",6.8007,89.2113,38.7752,187.2428,126.9759,14.9012,0.613,3396.13
0091_0.85_0.2.jpg,DCP (Dark Channel Prior),7.1238,56.7583,45.2348,71.1308,82.7716,14.3377,0.8181,137.22
0091_0.85_0.2.jpg,CLAHE (LAB),7.4615,47.7707,24.1177,87.9349,149.8916,17.3339,0.8584,94.25
0091_0.85_0.2.jpg,"MSRCR (σ=[15,80,250])",7.2572,79.133,69.2524,142.9178,132.4372,14.6208,0.563,3238.96
0092_0.85_0.2.jpg,DCP (Dark Channel Prior),7.3646,73.055,25.6822,105.7207,97.2899,16.2253,0.8876,142.4
0092_0.85_0.2.jpg,CLAHE (LAB),7.5634,59.1772,11.7859,121.2345,147.5027,17.144,0.8618,112.38
0092_0.85_0.2.jpg,"MSRCR (σ=[15,80,250])",6.3282,92.831,27.1373,182.1132,128.5267,16.9982,0.744,3201.52
0093_0.8_0.08.jpg,DCP (Dark Channel Prior),7.2284,44.7921,22.5503,62.9308,80.9066,12.3782,0.7793,59.32
0093_0.8_0.08.jpg,CLAHE (LAB),7.6355,53.3644,11.178,113.4255,140.5135,18.9655,0.777,3.34
0093_0.8_0.08.jpg,"MSRCR (σ=[15,80,250])",6.7277,91.8796,32.9767,171.7092,134.2494,13.2695,0.4983,1805.45
0094_0.8_0.2.jpg,DCP (Dark Channel Prior),7.5398,55.8823,106.9569,69.2564,97.811,17.7247,0.8843,51.97
0094_0.8_0.2.jpg,CLAHE (LAB),7.3671,46.8635,33.9569,73.4444,140.2902,16.6034,0.8354,4.48
0094_0.8_0.2.jpg,"MSRCR (σ=[15,80,250])",7.2955,88.0302,55.658,115.6744,127.1843,15.2862,0.6688,1932.02
0085_0.95_0.08.jpg,DCP (Dark Channel Prior),6.8717,88.8464,37.3742,51.6284,85.8842,19.983,0.8488,160.77
0085_0.95_0.08.jpg,CLAHE (LAB),7.3893,68.7405,21.0489,71.0863,136.7755,15.3635,0.7194,100.44
0085_0.95_0.08.jpg,"MSRCR (σ=[15,80,250])",6.8902,87.308,37.5325,95.2983,133.2853,13.4441,0.6275,4205.22
0096_0.8_0.2.jpg,DCP (Dark Channel Prior),7.4385,45.6006,65.0913,97.0035,106.2361,16.4039,0.908,64.25
0096_0.8_0.2.jpg,CLAHE (LAB),7.5929,62.4504,39.9029,158.2546,144.4875,17.001,0.8145,6.22
0096_0.8_0.2.jpg,"MSRCR (σ=[15,80,250])",7.2553,89.988,72.4894,209.9655,134.593,14.9384,0.6735,1649.64
0095_0.8_0.08.jpg,DCP (Dark Channel Prior),7.364,63.6565,23.8457,79.9494,80.0061,17.054,0.8672,114.26
0095_0.8_0.08.jpg,CLAHE (LAB),7.732,59.0004,14.8613,116.2044,130.4804,17.3606,0.7944,4.98
0095_0.8_0.08.jpg,"MSRCR (σ=[15,80,250])",6.7393,88.8155,30.2341,160.1476,128.2985,14.6286,0.6263,1610.12
0097_0.85_0.08.jpg,DCP (Dark Channel Prior),7.293,52.5351,79.1802,50.667,103.3379,14.5165,0.8151,49.2
0097_0.85_0.08.jpg,CLAHE (LAB),7.2266,51.5976,20.3079,79.5958,159.2596,19.1632,0.8503,3.31
0097_0.85_0.08.jpg,"MSRCR (σ=[15,80,250])",7.0996,87.7054,30.1588,107.8222,142.1365,15.6169,0.659,1805.99
0089_0.9_0.2.jpg,DCP (Dark Channel Prior),7.5543,53.3083,94.2673,78.9759,106.2787,17.2971,0.8708,240.44
0089_0.9_0.2.jpg,CLAHE (LAB),7.4678,48.738,31.1528,81.5644,148.9057,16.847,0.8673,100.43
0089_0.9_0.2.jpg,"MSRCR (σ=[15,80,250])",7.2456,80.9855,75.1213,132.3344,127.906,14.6855,0.6579,4395.83
0107_0.9_0.08.jpg,DCP (Dark Channel Prior),7.0506,37.9937,24.2074,42.8734,81.6379,11.1235,0.7255,88.66
0107_0.9_0.08.jpg,CLAHE (LAB),7.2318,47.591,9.7947,67.2737,162.8421,18.9024,0.8271,89.11
0107_0.9_0.08.jpg,"MSRCR (σ=[15,80,250])",7.2206,84.771,24.3648,109.2212,143.479,15.7911,0.587,1804.96
0100_0.9_0.12.jpg,DCP (Dark Channel Prior),7.3042,64.412,20.3973,49.5518,84.8439,15.0751,0.8179,89.83
0100_0.9_0.12.jpg,CLAHE (LAB),7.6018,60.1947,9.653,85.3814,145.6513,16.2829,0.7853,115.04
0100_0.9_0.12.jpg,"MSRCR (σ=[15,80,250])",6.1926,97.372,30.9824,133.5467,131.5367,14.9975,0.5681,2377.4
0106_0.9_0.08.jpg,DCP (Dark Channel Prior),7.6976,61.9147,31.1834,76.0663,103.608,15.7996,0.8086,141.66
0106_0.9_0.08.jpg,CLAHE (LAB),7.5637,58.0901,12.5371,104.5745,145.4075,18.1061,0.7999,130.99
0106_0.9_0.08.jpg,"MSRCR (σ=[15,80,250])",6.9715,95.7596,35.6353,149.903,134.3887,14.4641,0.5488,3078.61
0102_0.85_0.12.jpg,DCP (Dark Channel Prior),7.198,54.11,54.6308,19.3001,70.9188,11.4311,0.7135,158.97
0102_0.85_0.12.jpg,CLAHE (LAB),7.3281,51.343,16.2007,32.4133,148.7002,16.5113,0.7861,156.57
0102_0.85_0.12.jpg,"MSRCR (σ=[15,80,250])",6.8551,98.134,31.9692,56.1508,136.3109,15.6475,0.5732,2998.62
0098_0.85_0.2.jpg,DCP (Dark Channel Prior),7.2077,76.8491,23.9606,62.4187,112.0719,18.5144,0.9306,157.07
0098_0.85_0.2.jpg,CLAHE (LAB),7.2738,67.7245,12.444,87.2308,160.3495,14.7536,0.8122,115.92
0098_0.85_0.2.jpg,"MSRCR (σ=[15,80,250])",6.7945,95.8041,28.2864,120.993,136.7711,14.2263,0.6847,3989.66
0101_0.9_0.08.jpg,DCP (Dark Channel Prior),7.6086,69.268,48.836,41.1281,98.6354,16.549,0.8218,128.29
0101_0.9_0.08.jpg,CLAHE (LAB),7.4576,61.4185,19.8048,60.6352,148.1111,16.8716,0.7341,129.16
0101_0.9_0.08.jpg,"MSRCR (σ=[15,80,250])",6.7942,96.4593,33.9352,83.8959,137.6832,14.8204,0.6612,4266.01
0108_0.8_0.16.jpg,DCP (Dark Channel Prior),6.9458,77.8848,25.1362,45.518,89.138,20.9166,0.8725,147.23
0108_0.8_0.16.jpg,CLAHE (LAB),7.4379,60.6316,14.1912,70.1842,141.3847,13.375,0.6801,105.53
0108_0.8_0.16.jpg,"MSRCR (σ=[15,80,250])",6.8924,91.9598,26.7037,107.1942,133.352,12.0827,0.5629,4412.36
0099_0.9_0.16.jpg,DCP (Dark Channel Prior),7.3956,51.6922,48.366,94.6746,76.0984,22.0951,0.9497,130.36
0099_0.9_0.16.jpg,CLAHE (LAB),7.7228,56.1416,24.6829,134.4002,129.854,14.2507,0.7791,150.32
0099_0.9_0.16.jpg,"MSRCR (σ=[15,80,250])",7.0117,94.2345,33.4987,203.9744,125.944,12.1867,0.589,4547.26
0108_1_0.2.jpg,DCP (Dark Channel Prior),6.6597,81.1401,26.1026,48.5497,100.5742,22.7157,0.8618,165.98
0108_1_0.2.jpg,CLAHE (LAB),7.3332,58.3252,12.5353,64.2569,157.9838,11.0791,0.6533,175.34
0108_1_0.2.jpg,"MSRCR (σ=[15,80,250])",6.9418,91.3342,25.788,99.9454,133.4745,11.5101,0.563,4533.76
0105_0.95_0.2.jpg,DCP (Dark Channel Prior),7.3299,62.5755,18.9985,55.0389,89.3941,15.2385,0.8506,144.81
0105_0.95_0.2.jpg,CLAHE (LAB),7.5374,53.0928,7.3401,65.8226,154.7356,15.9139,0.8436,109.17
0105_0.95_0.2.jpg,"MSRCR (σ=[15,80,250])",6.6455,90.5789,19.5247,100.9699,133.6297,14.7748,0.6014,5201.46
0109_0.85_0.08.jpg,DCP (Dark Channel Prior),7.4657,54.2124,30.8443,61.8905,95.0222,18.203,0.8643,70.9
0109_0.85_0.08.jpg,CLAHE (LAB),7.6558,61.097,17.5888,113.7832,145.1595,16.6356,0.7753,3.18
0109_0.85_0.08.jpg,"MSRCR (σ=[15,80,250])",6.9261,92.3986,35.1279,153.0313,136.7217,13.977,0.5957,3481.12
0110_0.8_0.12.jpg,DCP (Dark Channel Prior),7.2079,49.2199,25.3314,59.3428,88.6817,18.1518,0.8155,54.95
0110_0.8_0.12.jpg,CLAHE (LAB),7.1987,54.9426,11.9546,84.3277,142.0989,16.31,0.7938,4.71
0110_0.8_0.12.jpg,"MSRCR (σ=[15,80,250])",6.5189,99.382,25.6768,133.7502,136.2811,12.6403,0.5588,3239.71
0104_0.95_0.12.jpg,DCP (Dark Channel Prior),7.0951,80.7234,31.2449,35.697,91.7748,13.3439,0.8273,259.48
0104_0.95_0.12.jpg,CLAHE (LAB),7.3597,70.8631,9.534,54.6514,155.9928,14.8989,0.724,106.82
0104_0.95_0.12.jpg,"MSRCR (σ=[15,80,250])",6.7342,90.0471,26.4899,85.3273,139.3356,12.5469,0.6431,5338.7
0113_0.9_0.08.jpg,DCP (Dark Channel Prior),6.655,34.6247,28.0297,51.8077,45.7241,25.4048,0.8589,67.88
0113_0.9_0.08.jpg,CLAHE (LAB),7.1317,36.1977,17.5021,81.7935,91.5322,13.2692,0.4446,3.13
0113_0.9_0.08.jpg,"MSRCR (σ=[15,80,250])",7.036,89.4969,46.9819,157.1987,128.3484,7.2151,0.2465,1232.62
0112_0.8_0.2.jpg,DCP (Dark Channel Prior),6.9705,60.5942,19.6592,46.7837,96.9131,13.2862,0.7252,122.71
0112_0.8_0.2.jpg,CLAHE (LAB),6.9382,48.7972,6.3557,59.3957,159.7773,19.8075,0.8825,4.0
0112_0.8_0.2.jpg,"MSRCR (σ=[15,80,250])",7.1824,88.7856,25.6849,123.0348,137.5814,14.9868,0.5437,2422.08
0111_0.8_0.2.jpg,DCP (Dark Channel Prior),7.2957,71.8629,39.3378,43.268,84.1034,20.2784,0.8959,102.87
0111_0.8_0.2.jpg,CLAHE (LAB),7.2847,60.4654,21.6743,66.5807,138.2807,12.5998,0.6398,7.46
0111_0.8_0.2.jpg,"MSRCR (σ=[15,80,250])",7.0711,95.1594,48.9628,109.0206,130.2858,11.8477,0.5381,2970.55
0121_0.85_0.2.jpg,DCP (Dark Channel Prior),7.297,43.48,66.146,60.1033,99.4974,16.1459,0.8574,58.2
0121_0.85_0.2.jpg,CLAHE (LAB),7.2687,47.9822,20.7858,77.9366,158.2126,16.3232,0.842,88.37
0121_0.85_0.2.jpg,"MSRCR (σ=[15,80,250])",6.8304,94.6781,38.1938,122.1144,138.4506,14.8502,0.6543,1905.81
0126_0.8_0.2.jpg,DCP (Dark Channel Prior),6.6965,73.0414,22.2364,38.7348,89.3871,17.5164,0.8846,115.83
0126_0.8_0.2.jpg,CLAHE (LAB),7.1729,54.9565,11.7125,63.6132,148.0105,13.9156,0.7234,115.65
0126_0.8_0.2.jpg,"MSRCR (σ=[15,80,250])",6.0229,98.7749,27.738,98.6744,123.8239,15.5982,0.5825,2094.6
0115_0.8_0.12.jpg,DCP (Dark Channel Prior),7.2794,63.8972,18.2331,68.0934,73.0153,17.9869,0.905,100.87
0115_0.8_0.12.jpg,CLAHE (LAB),7.6413,58.646,11.0644,102.4488,127.3722,15.1603,0.7358,115.18
0115_0.8_0.12.jpg,"MSRCR (σ=[15,80,250])",6.67,91.0865,30.414,140.2774,129.4465,13.0063,0.5791,2318.14
0127_0.8_0.2.jpg,DCP (Dark Channel Prior),7.4397,58.7788,28.2728,45.934,92.7788,13.2258,0.7732,118.13
0127_0.8_0.2.jpg,CLAHE (LAB),7.4181,48.4638,9.8591,57.8256,156.2742,15.7924,0.8391,92.24
0127_0.8_0.2.jpg,"MSRCR (σ=[15,80,250])",6.3508,102.4112,35.5798,99.231,135.2102,15.5211,0.5782,2308.77
0119_0.85_0.12.jpg,DCP (Dark Channel Prior),6.9392,65.019,18.1687,50.3274,72.6874,16.0264,0.7974,172.92
0119_0.85_0.12.jpg,CLAHE (LAB),7.4526,51.705,8.5525,78.4415,137.4559,15.841,0.781,108.42
0119_0.85_0.12.jpg,"MSRCR (σ=[15,80,250])",6.9122,87.9749,22.8543,131.5753,130.7961,12.5776,0.5249,3916.46
0131_0.95_0.08.jpg,DCP (Dark Channel Prior),7.1654,53.6476,25.3966,45.8657,62.4886,16.9988,0.8837,66.99
0131_0.95_0.08.jpg,CLAHE (LAB),7.7317,58.3379,17.7743,91.3611,127.947,13.6082,0.6357,4.29
0131_0.95_0.08.jpg,"MSRCR (σ=[15,80,250])",6.797,88.5785,40.9936,124.0209,133.1982,11.4405,0.5437,2191.34
0132_1_0.08.jpg,DCP (Dark Channel Prior),7.3256,54.2282,18.386,37.4828,80.1918,12.6335,0.79,47.83
0132_1_0.08.jpg,CLAHE (LAB),7.6697,55.9307,7.2375,69.8279,151.768,16.1255,0.7806,4.69
0132_1_0.08.jpg,"MSRCR (σ=[15,80,250])",6.8058,90.2655,18.6388,98.7897,140.2237,16.1523,0.6234,2415.46
0116_0.9_0.16.jpg,DCP (Dark Channel Prior),7.3089,71.6694,20.8762,45.8284,104.3335,13.7594,0.7771,257.08
0116_0.9_0.16.jpg,CLAHE (LAB),7.1937,54.3382,8.703,56.4726,170.6022,16.2266,0.8215,125.53
0116_0.9_0.16.jpg,"MSRCR (σ=[15,80,250])",6.8763,78.5033,23.7176,99.3471,144.973,15.7154,0.629,4382.24
0133_1_0.2.jpg,DCP (Dark Channel Prior),7.2934,54.8481,33.599,44.4331,88.8682,16.9577,0.8542,44.0
0133_1_0.2.jpg,CLAHE (LAB),7.4472,48.3029,18.1556,55.5033,162.5055,13.3208,0.8186,3.93
0133_1_0.2.jpg,"MSRCR (σ=[15,80,250])",7.1189,84.2561,41.9253,85.7576,138.6882,13.6678,0.6517,2702.58
0123_1_0.08.jpg,DCP (Dark Channel Prior),7.2354,75.6641,48.3793,55.467,79.8483,21.2352,0.8955,157.98
0123_1_0.08.jpg,CLAHE (LAB),7.5424,65.0316,13.1255,98.7845,128.5679,13.3687,0.5836,106.27
0123_1_0.08.jpg,"MSRCR (σ=[15,80,250])",6.7248,98.4244,40.2114,185.1184,127.6308,10.5433,0.4472,4886.18
0118_0.9_0.2.jpg,DCP (Dark Channel Prior),7.1005,69.3296,18.4028,59.7134,92.5533,20.1733,0.9162,161.33
0118_0.9_0.2.jpg,CLAHE (LAB),7.3688,55.1788,9.0698,81.1478,148.4952,13.5639,0.7594,124.56
0118_0.9_0.2.jpg,"MSRCR (σ=[15,80,250])",6.6619,95.6383,21.1613,127.4456,130.9913,12.7416,0.5819,5225.09
0125_0.8_0.12.jpg,DCP (Dark Channel Prior),7.2373,45.1522,55.9121,31.9826,74.2039,13.4279,0.7729,163.54
0125_0.8_0.12.jpg,CLAHE (LAB),7.3773,44.5844,17.5445,53.9857,144.8116,16.6492,0.7696,121.15
0125_0.8_0.12.jpg,"MSRCR (σ=[15,80,250])",7.34,80.4159,31.8774,101.4582,140.5272,13.9688,0.5317,5281.38
0117_0.9_0.12.jpg,DCP (Dark Channel Prior),7.2956,63.9334,25.4088,51.9245,110.9362,12.5381,0.7786,160.21
0117_0.9_0.12.jpg,CLAHE (LAB),7.4039,53.6577,10.438,71.2368,173.4688,19.5771,0.8565,140.23
0117_0.9_0.12.jpg,"MSRCR (σ=[15,80,250])",7.3842,76.1496,23.9998,126.2285,144.7302,14.0615,0.5857,5826.74
0134_0.95_0.16.jpg,DCP (Dark Channel Prior),7.323,65.0788,53.0421,49.8366,74.8404,17.2299,0.8875,96.02
0134_0.95_0.16.jpg,CLAHE (LAB),7.6083,60.0359,11.5203,79.6932,141.1751,13.4477,0.6981,6.0
0134_0.95_0.16.jpg,"MSRCR (σ=[15,80,250])",6.2882,101.4265,21.0272,124.7137,126.4409,13.3781,0.5838,1142.81
0120_0.85_0.08.jpg,DCP (Dark Channel Prior),6.8435,30.6547,47.9712,44.3316,78.2742,11.3212,0.7447,181.02
0120_0.85_0.08.jpg,CLAHE (LAB),7.1106,45.0545,20.5751,61.9206,151.778,17.6145,0.7818,127.03
0120_0.85_0.08.jpg,"MSRCR (σ=[15,80,250])",6.9906,70.4781,46.3321,85.7393,144.8921,14.3447,0.6691,5649.75
0129_0.8_0.16.jpg,DCP (Dark Channel Prior),7.5126,69.13,42.4896,86.4389,99.8774,18.9601,0.8676,122.27
0129_0.8_0.16.jpg,CLAHE (LAB),7.5589,59.8075,12.3223,106.386,143.2599,15.3709,0.7779,6.07
0129_0.8_0.16.jpg,"MSRCR (σ=[15,80,250])",6.8658,93.6427,24.5352,153.806,133.3011,15.2866,0.7359,4166.87
0146_0.8_0.2.jpg,DCP (Dark Channel Prior),7.1749,49.3182,26.418,65.3895,69.4354,18.2833,0.8858,101.2
0146_0.8_0.2.jpg,CLAHE (LAB),7.5602,50.1625,14.5959,90.0351,132.3198,14.8773,0.7953,102.42
0146_0.8_0.2.jpg,"MSRCR (σ=[15,80,250])",6.8352,88.1145,53.6403,135.0967,132.1249,12.1157,0.5449,1524.54
0145_0.8_0.12.jpg,DCP (Dark Channel Prior),7.3028,46.5623,30.0256,73.0128,74.0473,13.7019,0.8131,95.78
0145_0.8_0.12.jpg,CLAHE (LAB),7.6882,53.8962,16.8237,104.6293,134.6961,19.5716,0.8692,103.98
0145_0.8_0.12.jpg,"MSRCR (σ=[15,80,250])",7.0738,86.6045,43.7878,149.8558,134.233,14.8411,0.613,1908.68
0135_0.95_0.12.jpg,DCP (Dark Channel Prior),7.3891,56.9067,73.5098,33.5333,78.531,15.3934,0.8494,91.83
0135_0.95_0.12.jpg,CLAHE (LAB),7.3898,55.3547,23.8592,53.3351,145.6065,16.1394,0.7835,102.66
0135_0.95_0.12.jpg,"MSRCR (σ=[15,80,250])",6.4197,104.0632,30.3944,83.9955,124.5696,14.9517,0.5799,2104.95
0140_0.95_0.12.jpg,DCP (Dark Channel Prior),7.5196,50.3933,45.8138,81.0386,93.3905,18.0511,0.9083,93.05
0140_0.95_0.12.jpg,CLAHE (LAB),7.7373,54.4276,25.1549,119.4344,137.4731,17.4082,0.8287,121.34
0140_0.95_0.12.jpg,"MSRCR (σ=[15,80,250])",7.2681,84.6419,56.9034,160.5918,134.9034,14.0295,0.6135,1967.98
0138_0.9_0.08.jpg,DCP (Dark Channel Prior),7.3514,58.9738,72.7625,76.5748,77.6269,15.451,0.8589,102.3
0138_0.9_0.08.jpg,CLAHE (LAB),7.5056,54.0363,37.3879,95.5257,129.5506,18.3496,0.8253,178.57
0138_0.9_0.08.jpg,"MSRCR (σ=[15,80,250])",6.7686,88.6048,40.4468,122.2637,130.6323,15.8799,0.6958,2204.53
0147_1_0.16.jpg,DCP (Dark Channel Prior),6.8536,68.9198,14.8689,60.2758,73.0721,21.9882,0.9244,103.21
0147_1_0.16.jpg,CLAHE (LAB),7.3051,56.9935,7.1525,89.2076,137.9378,12.1401,0.6602,110.4
0147_1_0.16.jpg,"MSRCR (σ=[15,80,250])",6.7401,92.5789,18.6501,134.9865,125.1486,11.8262,0.5492,2254.18
0137_0.8_0.2.jpg,DCP (Dark Channel Prior),7.4768,53.9348,59.199,104.5744,98.1781,20.9834,0.915,126.14
0137_0.8_0.2.jpg,CLAHE (LAB),7.5119,45.8776,19.9463,113.0626,136.5785,16.1384,0.8605,103.79
0137_0.8_0.2.jpg,"MSRCR (σ=[15,80,250])",7.1747,86.3607,55.06,188.2358,125.3666,13.6808,0.6195,2537.33
0141_0.95_0.12.jpg,DCP (Dark Channel Prior),7.5274,56.9068,47.5214,91.0501,90.647,20.9937,0.9431,89.84
0141_0.95_0.12.jpg,CLAHE (LAB),7.7907,60.0745,26.3829,124.4378,137.7778,15.4606,0.8195,105.93
0141_0.95_0.12.jpg,"MSRCR (σ=[15,80,250])",6.9847,89.6369,59.7719,169.6952,132.0706,13.5923,0.6418,2741.62
0143_1_0.2.jpg,DCP (Dark Channel Prior),7.4628,57.5403,47.0268,73.8534,99.7164,22.5857,0.9087,156.71
0143_1_0.2.jpg,CLAHE (LAB),7.5481,50.7085,20.0408,93.4427,158.2982,11.8386,0.7632,149.69
0143_1_0.2.jpg,"MSRCR (σ=[15,80,250])",7.1735,84.5427,54.5408,145.2646,138.2185,12.3189,0.6415,2505.93
0139_0.85_0.12.jpg,DCP (Dark Channel Prior),7.4784,52.5972,54.1589,66.0132,103.2784,18.9662,0.889,145.02
0139_0.85_0.12.jpg,CLAHE (LAB),7.6433,52.0406,32.8168,94.9898,146.9453,17.4738,0.8379,115.49
0139_0.85_0.12.jpg,"MSRCR (σ=[15,80,250])",7.4086,80.1435,62.2448,136.0913,135.7396,14.7371,0.6358,2641.29
0142_0.95_0.08.jpg,DCP (Dark Channel Prior),7.6378,70.1576,45.7848,59.9641,97.8201,16.5153,0.8161,95.59
0142_0.95_0.08.jpg,CLAHE (LAB),7.6062,60.0987,16.6474,89.9877,148.7343,16.8317,0.8192,126.17
0142_0.95_0.08.jpg,"MSRCR (σ=[15,80,250])",6.8914,95.051,38.1257,129.7824,135.0736,15.947,0.6454,2700.75
0151_0.8_0.08.jpg,DCP (Dark Channel Prior),7.4226,51.9852,38.2784,46.3595,79.2041,11.3354,0.7805,69.16
0151_0.8_0.08.jpg,CLAHE (LAB),7.6193,60.5745,14.3042,81.0239,150.7053,17.6471,0.8161,5.44
0151_0.8_0.08.jpg,"MSRCR (σ=[15,80,250])",6.8748,95.7241,27.3791,108.6782,141.4114,15.3332,0.6426,965.72
0148_0.9_0.12.jpg,DCP (Dark Channel Prior),6.9134,76.4483,69.8093,20.4563,74.3251,15.2418,0.872,65.54
0148_0.9_0.12.jpg,CLAHE (LAB),7.233,62.1633,20.0411,38.3643,131.0451,14.036,0.623,4.37
0148_0.9_0.12.jpg,"MSRCR (σ=[15,80,250])",5.9739,102.7525,26.1421,61.3416,116.4203,14.9227,0.5591,1535.62
0150_0.8_0.16.jpg,DCP (Dark Channel Prior),7.6786,60.6199,45.0513,92.0957,119.0816,15.6238,0.7873,72.59
0150_0.8_0.16.jpg,CLAHE (LAB),7.5063,52.9239,14.5042,105.2161,150.0366,19.8773,0.8509,4.99
0150_0.8_0.16.jpg,"MSRCR (σ=[15,80,250])",6.9906,90.1824,35.485,160.0175,132.5903,13.6427,0.5559,1252.6
0152_0.8_0.2.jpg,DCP (Dark Channel Prior),7.6043,60.142,45.8003,64.1157,107.1993,13.0133,0.7818,42.61
0152_0.8_0.2.jpg,CLAHE (LAB),7.3443,54.3805,14.0147,81.8392,161.7053,18.6965,0.8851,3.37
0152_0.8_0.2.jpg,"MSRCR (σ=[15,80,250])",7.0101,96.998,41.5806,133.4861,135.945,14.762,0.6024,1060.29
0149_0.9_0.08.jpg,DCP (Dark Channel Prior),7.5414,62.1104,42.587,66.7392,78.4751,15.1694,0.8839,65.3
0149_0.9_0.08.jpg,CLAHE (LAB),7.8072,67.203,18.4283,105.246,134.2253,15.8291,0.7636,3.8
0149_0.9_0.08.jpg,"MSRCR (σ=[15,80,250])",6.4768,101.1817,25.5166,146.2495,129.0318,13.968,0.6252,1343.63
0155_1_0.08.jpg,DCP (Dark Channel Prior),6.8732,56.5017,15.5947,62.8491,79.4982,14.4106,0.8449,97.34
0155_1_0.08.jpg,CLAHE (LAB),7.4953,54.3825,9.6955,112.4894,147.7029,16.1661,0.7734,118.09
0155_1_0.08.jpg,"MSRCR (σ=[15,80,250])",7.002,80.8024,30.3211,162.7275,135.0395,14.5897,0.5863,1427.89
0163_0.95_0.08.jpg,DCP (Dark Channel Prior),7.5379,55.699,29.2664,73.2877,97.0662,14.2984,0.8262,82.66
0163_0.95_0.08.jpg,CLAHE (LAB),7.6855,62.1195,17.4781,117.0902,150.185,17.6972,0.7843,112.72
0163_0.95_0.08.jpg,"MSRCR (σ=[15,80,250])",6.8004,92.862,47.4843,154.8635,141.2052,15.1284,0.6236,1808.98
0160_0.9_0.2.jpg,DCP (Dark Channel Prior),7.2005,52.9985,38.1456,20.84,71.415,10.5828,0.6927,104.58
0160_0.9_0.2.jpg,CLAHE (LAB),7.2772,43.8149,10.1869,33.9071,165.9203,15.85,0.8258,128.76
0160_0.9_0.2.jpg,"MSRCR (σ=[15,80,250])",6.5381,101.0616,20.4766,56.1099,139.0272,15.6363,0.5706,1842.08
0153_0.8_0.08.jpg,DCP (Dark Channel Prior),7.4833,61.257,83.807,15.8415,76.8518,12.2354,0.7629,142.45
0153_0.8_0.08.jpg,CLAHE (LAB),7.5743,51.06,39.4498,35.7673,131.348,16.9836,0.7431,179.05
0153_0.8_0.08.jpg,"MSRCR (σ=[15,80,250])",6.8355,99.0331,46.3467,45.5808,133.0543,15.241,0.6154,1856.38
0157_0.8_0.08.jpg,DCP (Dark Channel Prior),7.0658,74.1272,11.9203,56.2987,89.7467,15.9536,0.8534,89.25
0157_0.8_0.08.jpg,CLAHE (LAB),7.4998,63.4774,6.7491,93.1162,146.6204,17.2626,0.8195,110.79
0157_0.8_0.08.jpg,"MSRCR (σ=[15,80,250])",6.5724,88.3138,17.6813,129.4399,138.3188,15.7723,0.6687,2134.17
0162_0.95_0.12.jpg,DCP (Dark Channel Prior),7.282,53.6235,16.0525,51.7211,85.5466,13.0146,0.7952,93.32
0162_0.95_0.12.jpg,CLAHE (LAB),7.5683,57.3634,7.2412,90.4289,152.6616,17.8415,0.8046,115.27
0162_0.95_0.12.jpg,"MSRCR (σ=[15,80,250])",6.0696,100.6455,25.7026,146.7617,135.2827,13.9269,0.5362,2140.15
0161_0.85_0.08.jpg,DCP (Dark Channel Prior),7.4973,57.5889,29.8932,38.3329,89.7983,11.2274,0.7416,88.05
0161_0.85_0.08.jpg,CLAHE (LAB),7.5548,59.5164,10.8783,70.8027,158.2975,19.1642,0.8199,116.62
0161_0.85_0.08.jpg,"MSRCR (σ=[15,80,250])",6.8126,97.7011,23.6363,105.144,142.5469,15.0059,0.5827,2414.23
0154_0.8_0.2.jpg,DCP (Dark Channel Prior),7.0675,42.3126,19.2401,56.469,80.2517,15.6456,0.873,99.17
0154_0.8_0.2.jpg,CLAHE (LAB),7.4555,46.4266,10.4234,85.8582,150.0143,14.6077,0.8128,117.68
0154_0.8_0.2.jpg,"MSRCR (σ=[15,80,250])",7.1902,82.3921,32.3099,155.5365,138.4564,13.3452,0.5923,2503.89
0158_0.8_0.2.jpg,DCP (Dark Channel Prior),6.9888,52.4643,33.28,51.1711,65.05,18.8743,0.8937,104.0
0158_0.8_0.2.jpg,CLAHE (LAB),7.4059,47.6589,8.418,74.1285,137.4355,11.8047,0.6806,110.5
0158_0.8_0.2.jpg,"MSRCR (σ=[15,80,250])",6.5781,91.7263,21.6528,136.0415,122.4604,11.7415,0.5188,2736.28
0165_0.9_0.2.jpg,DCP (Dark Channel Prior),7.3209,54.4725,25.8303,72.1084,78.9257,19.1546,0.9108,112.72
0165_0.9_0.2.jpg,CLAHE (LAB),7.6083,52.719,12.9352,94.7791,142.4652,13.0815,0.7461,123.13
0165_0.9_0.2.jpg,"MSRCR (σ=[15,80,250])",6.7419,91.9083,44.3395,141.4799,133.0197,12.2084,0.5574,2639.14
0164_0.9_0.2.jpg,DCP (Dark Channel Prior),7.0863,60.4373,18.3548,51.7288,78.4507,18.1805,0.8886,93.8
0164_0.9_0.2.jpg,CLAHE (LAB),7.4974,52.3476,8.1461,70.8929,145.2841,12.9239,0.7507,113.06
0164_0.9_0.2.jpg,"MSRCR (σ=[15,80,250])",6.9285,81.5443,18.5474,104.4469,135.7634,13.3098,0.6453,2735.46
0166_0.8_0.16.jpg,DCP (Dark Channel Prior),6.6354,60.3923,17.2876,37.4271,79.3953,15.7389,0.8424,68.02
0166_0.8_0.16.jpg,CLAHE (LAB),7.1762,43.6042,5.8303,56.9951,159.1522,13.395,0.815,5.65
0166_0.8_0.16.jpg,"MSRCR (σ=[15,80,250])",6.8514,87.6117,23.8843,120.5291,125.1402,13.8863,0.5671,1384.04
0169_0.9_0.12.jpg,DCP (Dark Channel Prior),6.849,67.4592,28.8947,41.678,69.5904,20.1121,0.8972,66.08
0169_0.9_0.12.jpg,CLAHE (LAB),7.504,57.4597,10.7049,79.0408,133.4798,13.1157,0.661,4.17
0169_0.9_0.12.jpg,"MSRCR (σ=[15,80,250])",6.5645,92.607,21.5233,126.9657,122.6571,12.08,0.506,951.88
0168_0.9_0.16.jpg,DCP (Dark Channel Prior),7.1692,68.3551,19.1236,52.055,83.528,18.053,0.8804,77.89
0168_0.9_0.16.jpg,CLAHE (LAB),7.5455,58.5139,11.346,75.5076,146.407,14.1655,0.7833,3.07
0168_0.9_0.16.jpg,"MSRCR (σ=[15,80,250])",6.6745,90.5747,32.2297,112.5288,136.6554,13.4391,0.644,1203.09
0167_0.8_0.12.jpg,DCP (Dark Channel Prior),7.1302,54.9716,63.574,28.2894,68.8332,13.8665,0.83,69.67
0167_0.8_0.12.jpg,CLAHE (LAB),7.478,50.9366,17.8444,58.1909,137.3665,14.5608,0.7329,5.39
0167_0.8_0.12.jpg,"MSRCR (σ=[15,80,250])",6.4454,96.2759,24.9756,99.231,129.1199,13.404,0.5569,1314.52
0170_0.8_0.2.jpg,DCP (Dark Channel Prior),7.1183,58.942,27.3467,46.2681,72.968,19.3325,0.8871,69.84
0170_0.8_0.2.jpg,CLAHE (LAB),7.4629,48.9354,12.103,65.945,137.7383,12.3869,0.6751,4.99
0170_0.8_0.2.jpg,"MSRCR (σ=[15,80,250])",6.8752,93.0521,27.3171,108.1092,122.2659,12.9113,0.5694,1169.04
0174_0.95_0.08.jpg,DCP (Dark Channel Prior),7.8456,61.4166,84.213,90.8056,123.6082,16.049,0.8773,102.31
0174_0.95_0.08.jpg,CLAHE (LAB),7.6496,63.9318,28.4372,124.3284,153.6819,17.9774,0.841,118.42
0174_0.95_0.08.jpg,"MSRCR (σ=[15,80,250])",7.0104,89.2994,40.2314,154.3417,139.1717,16.0519,0.7079,1727.7
0179_0.8_0.2.jpg,DCP (Dark Channel Prior),7.5157,53.589,53.2089,78.1005,81.2196,23.3843,0.95,101.39
0179_0.8_0.2.jpg,CLAHE (LAB),7.757,58.5977,32.6809,109.9218,123.1274,15.9463,0.7829,115.82
0179_0.8_0.2.jpg,"MSRCR (σ=[15,80,250])",7.1601,92.4225,66.8765,142.5086,128.1917,12.7007,0.5807,1774.03
0171_0.85_0.12.jpg,DCP (Dark Channel Prior),6.9376,62.2492,14.1796,122.2654,63.8209,31.582,0.984,99.59
0171_0.85_0.12.jpg,CLAHE (LAB),7.5495,59.012,10.7615,159.754,108.1292,14.5256,0.6653,115.78
0171_0.85_0.12.jpg,"MSRCR (σ=[15,80,250])",6.9615,84.2081,24.9701,244.2505,110.3926,11.9611,0.5014,1890.19
0180_0.85_0.16.jpg,DCP (Dark Channel Prior),7.2025,53.1207,20.4389,100.7284,82.3294,20.6651,0.9522,97.89
0180_0.85_0.16.jpg,CLAHE (LAB),7.6891,55.6293,11.9632,164.3471,134.4008,15.1237,0.7899,112.79
0180_0.85_0.16.jpg,"MSRCR (σ=[15,80,250])",6.9551,89.3986,31.9476,260.4632,127.4587,12.5785,0.5593,1917.11
0176_1_0.08.jpg,DCP (Dark Channel Prior),7.2116,62.7751,30.1827,59.287,78.7736,21.0,0.9265,92.49
0176_1_0.08.jpg,CLAHE (LAB),7.6415,56.4371,12.4494,106.7216,143.6302,12.0558,0.6744,97.86
0176_1_0.08.jpg,"MSRCR (σ=[15,80,250])",6.7872,87.4297,32.6276,157.4366,122.6361,12.8004,0.5794,2150.95
0182_0.8_0.16.jpg,DCP (Dark Channel Prior),7.4219,53.4639,51.2444,77.0824,77.447,18.1302,0.9125,101.0
0182_0.8_0.16.jpg,CLAHE (LAB),7.7063,55.7165,29.7591,109.681,127.8658,16.2648,0.7674,106.07
0182_0.8_0.16.jpg,"MSRCR (σ=[15,80,250])",6.9637,89.5856,60.6367,141.3814,131.6652,13.4242,0.59,2545.04
0181_0.9_0.08.jpg,DCP (Dark Channel Prior),7.1376,65.0345,21.939,77.6613,81.0167,18.1977,0.9174,107.62
0181_0.9_0.08.jpg,CLAHE (LAB),7.6939,61.7111,14.6739,128.956,135.7219,15.4326,0.7451,128.05
0181_0.9_0.08.jpg,"MSRCR (σ=[15,80,250])",6.7493,93.7362,32.0451,171.4304,132.4544,13.1286,0.6334,2681.28
0175_0.85_0.16.jpg,DCP (Dark Channel Prior),6.7674,76.5866,56.0757,28.0271,78.3674,19.1992,0.9207,69.82
0175_0.85_0.16.jpg,CLAHE (LAB),7.2765,58.0102,16.1886,59.2049,142.0409,11.757,0.6123,89.55
0175_0.85_0.16.jpg,"MSRCR (σ=[15,80,250])",6.5213,96.6047,29.9311,105.3214,117.9922,13.3931,0.5456,2955.16
0183_0.8_0.16.jpg,DCP (Dark Channel Prior),6.8918,69.0271,22.511,42.4308,67.4983,17.9513,0.9112,97.5
0183_0.8_0.16.jpg,CLAHE (LAB),7.4594,58.6685,7.8785,66.9541,128.8417,13.1975,0.6606,121.63
0183_0.8_0.16.jpg,"MSRCR (σ=[15,80,250])",6.3986,94.746,22.1078,114.8478,123.0859,12.7625,0.5313,2730.1
0178_0.8_0.12.jpg,DCP (Dark Channel Prior),7.6125,51.6203,36.7178,101.4061,94.0447,17.4159,0.9265,138.27
0178_0.8_0.12.jpg,CLAHE (LAB),7.8523,61.4803,23.087,139.4417,133.8471,19.1537,0.865,165.93
0178_0.8_0.12.jpg,"MSRCR (σ=[15,80,250])",6.9723,89.911,47.2427,174.8464,137.1413,15.2314,0.708,2441.57
0172_0.85_0.08.jpg,DCP (Dark Channel Prior),7.5376,61.3495,51.8137,83.4406,98.9544,13.8481,0.8835,99.1
0172_0.85_0.08.jpg,CLAHE (LAB),7.7243,65.8423,21.7782,118.1674,150.6437,18.1361,0.853,109.42
0172_0.85_0.08.jpg,"MSRCR (σ=[15,80,250])",6.55,94.2593,34.1327,146.427,138.7058,16.8244,0.7246,2870.04
0184_0.95_0.12.jpg,DCP (Dark Channel Prior),7.5839,54.0544,40.3242,132.6812,121.435,26.058,0.9516,47.84
0184_0.95_0.12.jpg,CLAHE (LAB),7.8557,61.7249,23.0093,185.2505,133.6119,19.2641,0.8423,3.67
0184_0.95_0.12.jpg,"MSRCR (σ=[15,80,250])",7.2159,92.4726,47.6462,250.3647,133.1547,13.8017,0.6503,1353.86
0189_0.85_0.2.jpg,DCP (Dark Channel Prior),6.9849,64.5484,60.2886,21.101,69.9395,16.5857,0.8612,44.55
0189_0.85_0.2.jpg,CLAHE (LAB),7.2036,43.4585,17.4272,37.7834,142.9755,10.9722,0.5845,2.87
0189_0.85_0.2.jpg,"MSRCR (σ=[15,80,250])",6.7708,96.8085,38.1627,72.5776,119.3324,13.4238,0.5298,1155.66
0188_0.85_0.08.jpg,DCP (Dark Channel Prior),7.1894,54.7441,32.2645,80.1912,72.0484,16.5454,0.8466,68.08
0188_0.85_0.08.jpg,CLAHE (LAB),7.709,56.3209,19.4355,137.5612,125.28,17.1583,0.7607,3.21
0188_0.85_0.08.jpg,"MSRCR (σ=[15,80,250])",7.0118,87.4777,51.6365,206.8077,122.0598,13.317,0.5007,1155.87
0187_0.9_0.2.jpg,DCP (Dark Channel Prior),7.6302,60.8877,32.3946,83.8874,92.3271,20.047,0.9372,71.17
0187_0.9_0.2.jpg,CLAHE (LAB),7.6644,60.5101,12.6848,111.0918,143.3694,14.544,0.7872,5.53
0187_0.9_0.2.jpg,"MSRCR (σ=[15,80,250])",6.6365,98.8365,32.8429,164.0476,128.7729,14.1624,0.6402,1341.79
0185_1_0.16.jpg,DCP (Dark Channel Prior),7.3475,54.9907,45.1954,35.1247,74.7479,12.3707,0.7839,70.56
0185_1_0.16.jpg,CLAHE (LAB),7.5719,52.4131,11.988,60.21,157.3774,15.4742,0.7841,4.77
0185_1_0.16.jpg,"MSRCR (σ=[15,80,250])",6.5008,99.4491,27.0255,90.6722,132.4168,15.2759,0.6029,1461.52
0201_1_0.08.jpg,DCP (Dark Channel Prior),7.0405,59.9179,34.5695,38.6324,56.6711,15.6995,0.8801,91.02
0201_1_0.08.jpg,CLAHE (LAB),7.6118,62.0156,11.6262,65.6133,118.1619,14.4413,0.6396,107.98
0201_1_0.08.jpg,"MSRCR (σ=[15,80,250])",6.4428,98.7874,21.7861,107.7101,122.7954,12.1862,0.518,1597.76
0195_1_0.08.jpg,DCP (Dark Channel Prior),7.002,83.7649,35.3225,70.2417,98.1897,20.2813,0.8783,98.73
0195_1_0.08.jpg,CLAHE (LAB),7.2645,71.2517,22.6582,106.8106,141.4481,16.5575,0.7978,118.11
0195_1_0.08.jpg,"MSRCR (σ=[15,80,250])",6.4914,94.0353,47.2781,149.7294,129.1623,14.7374,0.6213,1562.68
0196_0.9_0.2.jpg,DCP (Dark Channel Prior),7.5517,64.8759,87.3772,48.2191,88.3544,17.3992,0.9007,122.45
0196_0.9_0.2.jpg,CLAHE (LAB),7.5098,59.6112,28.9861,68.5293,143.525,14.3917,0.727,165.21
0196_0.9_0.2.jpg,"MSRCR (σ=[15,80,250])",6.9357,98.7442,45.7038,105.4435,130.1267,15.5218,0.6539,1859.01
0199_1_0.16.jpg,DCP (Dark Channel Prior),7.6455,55.7376,95.4784,53.9112,96.9525,16.9595,0.9081,104.16
0199_1_0.16.jpg,CLAHE (LAB),7.5007,49.8833,31.2199,77.3103,156.6949,13.9562,0.7793,134.93
0199_1_0.16.jpg,"MSRCR (σ=[15,80,250])",7.2961,88.0625,64.0035,124.753,132.8355,15.0798,0.63,2031.34
0194_1_0.2.jpg,DCP (Dark Channel Prior),6.7231,69.8553,33.9198,25.5097,66.7096,17.6235,0.8743,96.32
0194_1_0.2.jpg,CLAHE (LAB),7.155,50.0584,11.1371,34.8795,149.8105,9.9568,0.5595,115.73
0194_1_0.2.jpg,"MSRCR (σ=[15,80,250])",6.3934,91.1234,24.6879,59.3218,124.5042,11.4462,0.467,2372.4
0200_1_0.12.jpg,DCP (Dark Channel Prior),6.9863,77.7151,17.9612,66.1097,88.2014,22.7694,0.9397,80.7
0200_1_0.12.jpg,CLAHE (LAB),7.288,65.5197,9.3617,98.6313,143.4875,13.7138,0.7329,99.61
0200_1_0.12.jpg,"MSRCR (σ=[15,80,250])",6.2864,94.9435,27.01,136.0734,134.8814,12.4551,0.6099,2554.22
0191_1_0.08.jpg,DCP (Dark Channel Prior),6.6605,81.0623,42.8979,50.176,96.9435,22.4157,0.9529,96.58
0191_1_0.08.jpg,CLAHE (LAB),7.148,67.5263,22.3684,105.7188,143.0689,14.1263,0.6601,113.57
0191_1_0.08.jpg,"MSRCR (σ=[15,80,250])",6.4302,96.6506,38.9726,148.4587,124.9587,13.6885,0.549,2609.89
0197_0.8_0.16.jpg,DCP (Dark Channel Prior),7.0414,70.8024,28.5426,50.1601,79.9088,20.1771,0.8875,103.58
0197_0.8_0.16.jpg,CLAHE (LAB),7.5192,59.1629,14.054,81.7079,139.4387,13.4054,0.7278,119.79
0197_0.8_0.16.jpg,"MSRCR (σ=[15,80,250])",6.6317,93.3151,37.9307,131.0584,127.3626,13.282,0.5899,2704.46
0198_0.95_0.12.jpg,DCP (Dark Channel Prior),7.5804,64.9193,34.4586,92.0049,88.7502,21.7126,0.9371,94.7
0198_0.95_0.12.jpg,CLAHE (LAB),7.7395,60.3449,19.0243,114.1901,129.8284,15.0743,0.7729,89.01
0198_0.95_0.12.jpg,"MSRCR (σ=[15,80,250])",6.7309,97.9972,40.053,146.9661,131.51,12.514,0.6083,3021.74
0202_0.85_0.12.jpg,DCP (Dark Channel Prior),7.5047,60.6015,35.4408,122.3559,87.9831,25.1773,0.9632,101.07
0202_0.85_0.12.jpg,CLAHE (LAB),7.7898,68.4227,26.0548,185.6176,124.2815,15.0783,0.7605,108.15
0202_0.85_0.12.jpg,"MSRCR (σ=[15,80,250])",6.6632,97.0395,42.3265,256.7151,129.8141,12.4512,0.6465,2937.95
0204_0.8_0.08.jpg,DCP (Dark Channel Prior),6.4737,89.9355,27.4284,44.9572,125.4634,18.0996,0.8817,157.38
0204_0.8_0.08.jpg,CLAHE (LAB),6.8049,74.6258,15.1999,78.1095,163.1989,19.5562,0.8542,112.44
0204_0.8_0.08.jpg,"MSRCR (σ=[15,80,250])",6.5834,96.8529,28.233,103.4375,137.8568,14.7187,0.6306,2726.25
0206_1_0.12.jpg,DCP (Dark Channel Prior),7.3727,46.9315,75.1789,68.9726,85.9721,15.361,0.8671,68.25
0206_1_0.12.jpg,CLAHE (LAB),7.4516,47.0493,26.7126,90.9735,152.2841,16.1395,0.8316,4.23
0206_1_0.12.jpg,"MSRCR (σ=[15,80,250])",7.1242,85.2083,50.6531,129.4953,134.7259,15.4374,0.6356,1246.67
0208_0.8_0.16.jpg,DCP (Dark Channel Prior),7.2534,45.3095,109.1742,71.0468,103.4012,17.4822,0.8672,67.87
0208_0.8_0.16.jpg,CLAHE (LAB),7.3894,45.3936,47.9159,83.7467,144.0976,19.8387,0.8986,4.77
0208_0.8_0.16.jpg,"MSRCR (σ=[15,80,250])",7.3944,76.5291,75.191,125.2805,131.592,14.9283,0.6734,1087.58
0209_0.85_0.08.jpg,DCP (Dark Channel Prior),7.2957,55.1947,73.1619,25.3741,67.453,13.02,0.7463,87.65
0209_0.85_0.08.jpg,CLAHE (LAB),7.6346,53.0199,26.8235,49.064,134.8609,17.0441,0.7635,4.4
0209_0.85_0.08.jpg,"MSRCR (σ=[15,80,250])",6.9468,95.1415,30.7637,68.551,132.0653,15.2738,0.6145,1012.19
0205_1_0.16.jpg,DCP (Dark Channel Prior),7.5822,63.5578,48.3146,88.1046,87.1496,21.5008,0.9382,84.52
0205_1_0.16.jpg,CLAHE (LAB),7.6596,60.9321,21.5775,103.6501,139.7301,14.0329,0.7574,7.75
0205_1_0.16.jpg,"MSRCR (σ=[15,80,250])",6.7419,93.0874,26.101,132.7135,136.1294,12.9626,0.6899,1975.31
0207_1_0.08.jpg,DCP (Dark Channel Prior),7.532,58.7978,26.4149,86.0286,81.3566,13.5415,0.8617,107.32
0207_1_0.08.jpg,CLAHE (LAB),7.8073,61.3623,15.564,112.1721,136.542,17.8493,0.7972,5.07
0207_1_0.08.jpg,"MSRCR (σ=[15,80,250])",6.6885,86.9432,25.3562,135.4643,137.5007,16.5182,0.7323,1563.03
0213_1_0.2.jpg,DCP (Dark Channel Prior),7.5078,73.8187,92.5657,88.5731,106.708,20.5879,0.8777,101.74
0213_1_0.2.jpg,CLAHE (LAB),7.3884,48.2414,28.838,98.7166,143.2391,13.0106,0.7254,135.61
0213_1_0.2.jpg,"MSRCR (σ=[15,80,250])",6.4381,95.422,52.2087,121.6698,127.7319,13.8299,0.5642,1807.63
0217_1_0.2.jpg,DCP (Dark Channel Prior),7.5869,69.1444,46.6653,65.0696,106.7392,20.4448,0.8841,107.34
0217_1_0.2.jpg,CLAHE (LAB),7.4244,64.9123,14.8178,89.9534,154.0822,13.2663,0.7178,118.01
0217_1_0.2.jpg,"MSRCR (σ=[15,80,250])",6.8284,99.6108,30.1533,141.719,128.8382,14.5276,0.646,1864.37
0212_0.9_0.2.jpg,DCP (Dark Channel Prior),7.6809,64.5641,62.7172,56.6878,131.8158,15.6462,0.7956,78.76
0212_0.9_0.2.jpg,CLAHE (LAB),7.0571,54.6105,19.4684,59.9914,177.7017,19.1553,0.9097,90.15
0212_0.9_0.2.jpg,"MSRCR (σ=[15,80,250])",7.1795,84.0732,40.928,88.0145,141.3301,15.3615,0.6942,2174.85
0222_0.85_0.16.jpg,DCP (Dark Channel Prior),7.0418,49.7655,19.8582,31.5752,56.615,12.9079,0.8145,102.15
0222_0.85_0.16.jpg,CLAHE (LAB),7.5883,54.9048,8.6983,51.1746,134.1277,14.5924,0.6932,134.64
0222_0.85_0.16.jpg,"MSRCR (σ=[15,80,250])",6.6364,95.4705,22.2506,80.5738,134.4042,13.2117,0.5862,2196.63
0210_0.85_0.2.jpg,DCP (Dark Channel Prior),6.7532,83.9583,28.0495,60.7426,98.9452,21.8995,0.9377,119.13
0210_0.85_0.2.jpg,CLAHE (LAB),7.237,64.2099,13.0939,85.6518,145.0966,14.3917,0.762,104.46
0210_0.85_0.2.jpg,"MSRCR (σ=[15,80,250])",5.982,102.5424,38.1056,139.1445,125.7038,15.2244,0.6139,2445.04
0218_0.9_0.2.jpg,DCP (Dark Channel Prior),7.562,52.0701,97.2058,74.0026,103.0943,15.8558,0.8925,92.94
0218_0.9_0.2.jpg,CLAHE (LAB),7.4264,53.4187,30.52,89.4036,159.3908,16.69,0.8543,105.29
0218_0.9_0.2.jpg,"MSRCR (σ=[15,80,250])",6.8192,91.0237,49.4612,122.5286,139.4055,17.1664,0.6947,2331.79
0223_0.95_0.16.jpg,DCP (Dark Channel Prior),7.1579,60.2535,26.556,70.7699,78.4375,17.071,0.8639,137.81
0223_0.95_0.16.jpg,CLAHE (LAB),7.4601,48.4271,12.96,98.8187,140.7855,14.7638,0.7895,119.81
0223_0.95_0.16.jpg,"MSRCR (σ=[15,80,250])",6.9867,89.3629,33.5292,150.2096,122.8753,13.9639,0.5801,2274.25
0219_0.85_0.08.jpg,DCP (Dark Channel Prior),7.3941,54.1602,29.8639,73.1964,90.85,14.5778,0.8279,146.47
0219_0.85_0.08.jpg,CLAHE (LAB),7.6252,59.0045,16.228,118.245,142.2555,17.1112,0.7701,155.23
0219_0.85_0.08.jpg,"MSRCR (σ=[15,80,250])",7.041,94.4964,35.9627,185.2494,133.7704,13.9452,0.5447,2892.21
0216_1_0.12.jpg,DCP (Dark Channel Prior),7.5333,56.7943,30.6755,83.0458,100.6287,13.292,0.8418,134.79
0216_1_0.12.jpg,CLAHE (LAB),7.6488,56.6504,13.6332,107.2425,153.7793,18.9249,0.8418,108.46
0216_1_0.12.jpg,"MSRCR (σ=[15,80,250])",6.9033,89.6363,35.7388,146.9227,137.2505,15.0427,0.605,3411.41
0225_0.8_0.2.jpg,DCP (Dark Channel Prior),6.0707,72.3601,8.7376,29.6645,69.0316,24.7324,0.9307,64.49
0225_0.8_0.2.jpg,CLAHE (LAB),6.9235,51.1522,4.7793,55.3076,133.4224,11.8816,0.5843,4.64
0225_0.8_0.2.jpg,"MSRCR (σ=[15,80,250])",6.3095,93.8609,17.3572,106.8881,115.3857,12.6021,0.4904,1505.54
0230_0.9_0.16.jpg,DCP (Dark Channel Prior),7.2486,54.5804,42.3756,24.7267,76.1318,10.5631,0.6921,64.74
0230_0.9_0.16.jpg,CLAHE (LAB),7.335,45.104,11.6983,42.4463,165.3603,17.2318,0.836,5.05
0230_0.9_0.16.jpg,"MSRCR (σ=[15,80,250])",6.7453,99.8134,20.0572,69.7696,140.4461,15.2012,0.5722,1218.35
0233_0.8_0.12.jpg,DCP (Dark Channel Prior),7.3737,47.569,41.1637,46.2805,79.4589,13.4385,0.8294,53.01
0233_0.8_0.12.jpg,CLAHE (LAB),7.4416,58.6845,13.5717,90.298,146.3563,15.9779,0.7807,4.05
0233_0.8_0.12.jpg,"MSRCR (σ=[15,80,250])",6.7077,98.465,22.0367,132.948,142.0173,14.4485,0.6117,1649.59
0220_0.85_0.2.jpg,DCP (Dark Channel Prior),7.0159,60.8043,25.2671,46.8631,70.0843,16.0968,0.8376,145.29
0220_0.85_0.2.jpg,CLAHE (LAB),7.417,53.851,10.4793,68.485,131.7917,13.8165,0.6276,121.25
0220_0.85_0.2.jpg,"MSRCR (σ=[15,80,250])",6.756,93.578,27.0571,124.4032,127.8765,11.2928,0.4568,4055.43
0215_0.8_0.08.jpg,DCP (Dark Channel Prior),6.9096,78.5586,34.8973,90.1413,70.0728,23.188,0.8477,154.39
0215_0.8_0.08.jpg,CLAHE (LAB),7.4956,63.9529,16.8716,107.5,106.8253,16.1622,0.6528,100.99
0215_0.8_0.08.jpg,"MSRCR (σ=[15,80,250])",6.5125,93.9009,23.208,167.5229,125.9027,12.1789,0.5346,4375.62
0228_1_0.2.jpg,DCP (Dark Channel Prior),7.1905,82.2957,35.5946,50.0239,103.3327,18.8189,0.8785,107.83
0228_1_0.2.jpg,CLAHE (LAB),7.2848,62.4762,11.5073,61.7255,162.9662,12.1704,0.7197,2.73
0228_1_0.2.jpg,"MSRCR (σ=[15,80,250])",6.7095,102.8345,36.8903,106.7461,130.4474,12.3467,0.572,2268.92
0226_0.8_0.2.jpg,DCP (Dark Channel Prior),7.2837,53.4232,61.8848,68.8369,152.7663,16.7743,0.7966,170.62
0226_0.8_0.2.jpg,CLAHE (LAB),6.7622,45.8355,14.0103,66.6241,175.6408,21.1481,0.9205,4.16
0226_0.8_0.2.jpg,"MSRCR (σ=[15,80,250])",6.7994,72.8821,29.8825,110.0275,142.8707,13.3882,0.6634,2264.48
0235_0.9_0.08.jpg,DCP (Dark Channel Prior),7.2426,50.8951,19.2515,75.8764,60.4043,19.2256,0.913,97.01
0235_0.9_0.08.jpg,CLAHE (LAB),7.6974,56.7823,14.0078,113.5995,110.277,16.1728,0.6995,118.04
0235_0.9_0.08.jpg,"MSRCR (σ=[15,80,250])",6.7323,93.9103,24.7702,142.4795,126.634,11.2821,0.5141,1856.88
0246_0.85_0.12.jpg,DCP (Dark Channel Prior),6.7929,63.3256,64.5364,14.547,61.1589,13.2178,0.8378,95.4
0246_0.85_0.12.jpg,CLAHE (LAB),7.2446,55.8973,18.9267,25.1201,125.7323,14.3135,0.6051,108.48
0246_0.85_0.12.jpg,"MSRCR (σ=[15,80,250])",6.5667,102.8779,29.1847,37.298,121.73,16.5571,0.5958,2006.34
0245_1_0.2.jpg,DCP (Dark Channel Prior),7.7233,72.8849,74.488,61.0253,105.9465,16.9987,0.886,101.29
0245_1_0.2.jpg,CLAHE (LAB),7.5492,61.4841,20.2002,87.0821,158.3498,14.4633,0.7737,118.72
0245_1_0.2.jpg,"MSRCR (σ=[15,80,250])",6.6773,100.8454,48.2803,130.1455,132.9793,15.5152,0.6062,2052.15
0239_0.8_0.2.jpg,DCP (Dark Channel Prior),7.1188,54.9742,15.9042,37.0985,78.7243,14.5138,0.8014,97.31
0239_0.8_0.2.jpg,CLAHE (LAB),7.0912,42.8673,5.0364,55.1987,156.3775,14.4965,0.8231,118.01
0239_0.8_0.2.jpg,"MSRCR (σ=[15,80,250])",5.868,99.9666,21.3535,111.047,128.0583,14.6556,0.5428,2074.68
0243_0.8_0.08.jpg,DCP (Dark Channel Prior),7.4181,57.4516,69.4501,33.8885,76.2092,12.1948,0.7146,126.28
0243_0.8_0.08.jpg,CLAHE (LAB),7.5545,53.9531,22.068,60.0322,144.0303,18.8485,0.7946,164.16
0243_0.8_0.08.jpg,"MSRCR (σ=[15,80,250])",6.6149,100.842,25.5248,85.6011,132.7282,15.4769,0.5967,2098.19
0237_0.8_0.12.jpg,DCP (Dark Channel Prior),7.1489,51.3571,19.5954,72.4739,74.7903,16.764,0.883,95.11
0237_0.8_0.12.jpg,CLAHE (LAB),7.6074,51.2668,11.5938,115.8968,132.256,16.7333,0.7793,123.64
0237_0.8_0.12.jpg,"MSRCR (σ=[15,80,250])",6.7251,87.745,23.4478,173.4455,127.8835,13.7925,0.5869,2224.82
0240_1_0.08.jpg,DCP (Dark Channel Prior),7.1544,57.2323,25.3724,93.802,72.2513,24.6438,0.9632,101.22
0240_1_0.08.jpg,CLAHE (LAB),7.638,57.1895,18.9453,155.9774,118.2546,14.1454,0.6566,118.63
0240_1_0.08.jpg,"MSRCR (σ=[15,80,250])",7.0803,88.1029,44.8625,228.633,119.9374,11.4619,0.4995,2499.65
0238_0.8_0.2.jpg,DCP (Dark Channel Prior),7.2975,60.7208,42.9533,36.0668,75.5066,13.3108,0.8,96.98
0238_0.8_0.2.jpg,CLAHE (LAB),7.2614,50.4619,9.8207,48.7418,151.5455,14.1887,0.7662,103.81
0238_0.8_0.2.jpg,"MSRCR (σ=[15,80,250])",6.1206,104.3236,13.8752,80.7213,134.514,15.9965,0.6408,2630.11
0244_0.9_0.12.jpg,DCP (Dark Channel Prior),7.7101,64.0219,59.3898,98.0133,89.9877,20.236,0.9523,103.6
0244_0.9_0.12.jpg,CLAHE (LAB),7.8381,66.4676,21.9074,131.697,130.6981,15.937,0.7728,121.6
0244_0.9_0.12.jpg,"MSRCR (σ=[15,80,250])",6.8097,99.2884,35.0416,172.0377,129.4022,14.0195,0.6566,2481.24
0248_0.8_0.08.jpg,DCP (Dark Channel Prior),7.0066,80.6544,48.045,27.4253,74.4821,14.5574,0.816,92.05
0248_0.8_0.08.jpg,CLAHE (LAB),7.4294,69.7274,14.5244,55.6998,127.0984,15.5248,0.6549,109.35
0248_0.8_0.08.jpg,"MSRCR (σ=[15,80,250])",5.8964,105.7289,21.3302,89.8833,118.3351,15.9511,0.5656,2494.01
0242_0.8_0.12.jpg,DCP (Dark Channel Prior),7.1606,45.9629,18.4815,68.4293,68.259,15.5479,0.8536,78.66
0242_0.8_0.12.jpg,CLAHE (LAB),7.5949,50.9101,9.6031,100.2918,134.4016,16.4111,0.8242,89.67
0242_0.8_0.12.jpg,"MSRCR (σ=[15,80,250])",6.7955,84.1129,22.6456,138.8832,140.9003,12.8963,0.6162,2770.31
0249_1_0.12.jpg,DCP (Dark Channel Prior),7.4084,66.1756,63.2558,75.1709,88.9244,22.3704,0.9176,84.92
0249_1_0.12.jpg,CLAHE (LAB),7.5187,50.5721,28.3633,108.3504,127.614,12.4235,0.6347,5.19
0249_1_0.12.jpg,"MSRCR (σ=[15,80,250])",7.205,94.5458,48.0993,152.3285,118.4096,12.9287,0.5407,1018.43
0253_1_0.16.jpg,DCP (Dark Channel Prior),7.3429,53.2915,36.8874,61.1832,86.6855,17.1814,0.874,81.25
0253_1_0.16.jpg,CLAHE (LAB),7.6271,54.3684,21.2454,88.6173,152.3066,14.2606,0.7744,2.96
0253_1_0.16.jpg,"MSRCR (σ=[15,80,250])",6.8598,85.8998,52.1223,124.8062,142.276,13.4418,0.6191,860.11
0251_0.8_0.16.jpg,DCP (Dark Channel Prior),7.3345,59.5345,54.9522,57.557,77.5548,20.2229,0.8958,70.38
0251_0.8_0.16.jpg,CLAHE (LAB),7.5072,45.7576,17.5814,83.0404,141.0157,12.0804,0.7116,5.01
0251_0.8_0.16.jpg,"MSRCR (σ=[15,80,250])",7.3859,85.121,47.4751,136.2559,132.3489,12.2569,0.5698,964.26
0253_0.8_0.2.jpg,DCP (Dark Channel Prior),7.1979,46.962,34.4724,56.14,78.4327,15.4654,0.854,71.59
0253_0.8_0.2.jpg,CLAHE (LAB),7.476,49.2944,19.4724,82.0419,145.5541,14.9614,0.7977,4.45
0253_0.8_0.2.jpg,"MSRCR (σ=[15,80,250])",6.8382,85.2705,53.015,126.4447,142.0277,13.5044,0.6161,1082.69
0255_0.85_0.08.jpg,DCP (Dark Channel Prior),7.4558,70.5769,86.0841,58.2433,84.4767,16.3693,0.9001,96.09
0255_0.85_0.08.jpg,CLAHE (LAB),7.7486,68.2902,29.9317,86.1669,129.8027,15.867,0.7544,1.79
0255_0.85_0.08.jpg,"MSRCR (σ=[15,80,250])",6.6853,100.8364,36.2448,118.2575,130.1143,14.4037,0.614,1110.54
0258_0.8_0.2.jpg,DCP (Dark Channel Prior),6.5622,75.4994,25.6626,28.3373,65.8594,16.5501,0.8782,178.3
0258_0.8_0.2.jpg,CLAHE (LAB),6.9954,55.6799,9.5953,34.0034,132.4353,12.3743,0.5951,103.59
0258_0.8_0.2.jpg,"MSRCR (σ=[15,80,250])",6.2689,97.6294,18.381,57.1841,114.8401,15.2855,0.5852,1674.22
0262_0.95_0.12.jpg,DCP (Dark Channel Prior),6.5198,68.4712,46.0971,24.1039,59.5835,15.8215,0.8524,94.83
0262_0.95_0.12.jpg,CLAHE (LAB),7.1441,57.8942,15.6021,32.3014,121.6551,14.4888,0.6338,100.58
0262_0.95_0.12.jpg,"MSRCR (σ=[15,80,250])",6.4165,99.8702,20.2587,46.65,121.7075,13.2785,0.5899,1989.54
0267_0.9_0.16.jpg,DCP (Dark Channel Prior),7.3546,63.0481,25.5496,34.356,78.0299,15.4885,0.7907,73.18
0267_0.9_0.16.jpg,CLAHE (LAB),7.2903,51.0697,8.2524,52.8181,151.3324,15.1758,0.7957,105.46
0267_0.9_0.16.jpg,"MSRCR (σ=[15,80,250])",6.095,94.2787,21.5657,85.0832,134.9548,14.9185,0.5704,2033.89
0260_0.9_0.2.jpg,DCP (Dark Channel Prior),7.4045,58.5055,72.3167,31.9056,81.5418,14.7028,0.8545,91.11
0260_0.9_0.2.jpg,CLAHE (LAB),7.2978,53.2148,19.0757,41.5147,153.4242,15.1631,0.776,115.34
0260_0.9_0.2.jpg,"MSRCR (σ=[15,80,250])",6.3369,99.728,30.3111,60.2643,128.472,17.4038,0.6335,2170.63
0268_0.9_0.16.jpg,DCP (Dark Channel Prior),7.7496,62.0408,52.1267,79.4588,107.1356,22.214,0.92,96.63
0268_0.9_0.16.jpg,CLAHE (LAB),7.6806,61.1912,25.4661,110.3802,144.4099,15.674,0.8105,103.22
0268_0.9_0.16.jpg,"MSRCR (σ=[15,80,250])",7.1668,92.9922,58.2894,145.3488,136.6383,13.9103,0.671,2392.38
0256_0.95_0.16.jpg,DCP (Dark Channel Prior),7.2359,79.9959,46.9097,41.5255,83.9358,17.8479,0.8566,90.02
0256_0.95_0.16.jpg,CLAHE (LAB),7.5199,64.7315,12.8671,63.8947,144.1999,14.2294,0.7376,115.4
0256_0.95_0.16.jpg,"MSRCR (σ=[15,80,250])",6.3189,97.75,27.7673,98.7569,122.3846,15.2694,0.5937,2441.59
0261_0.85_0.08.jpg,DCP (Dark Channel Prior),7.5815,67.454,94.7271,49.6007,91.2738,17.1059,0.8601,90.78
0261_0.85_0.08.jpg,CLAHE (LAB),7.6656,61.3445,46.8976,71.9861,130.05,17.6802,0.7815,139.16
0261_0.85_0.08.jpg,"MSRCR (σ=[15,80,250])",6.7214,101.2013,51.0835,87.2231,134.5063,14.4132,0.6367,2233.21
0259_0.9_0.08.jpg,DCP (Dark Channel Prior),7.4258,64.4222,99.9445,33.5305,79.0741,14.4345,0.854,92.54
0259_0.9_0.08.jpg,CLAHE (LAB),7.6096,65.3999,39.7562,51.3496,133.126,18.1008,0.7355,115.58
0259_0.9_0.08.jpg,"MSRCR (σ=[15,80,250])",6.2159,101.75,32.4511,62.331,130.8366,16.832,0.6626,2765.64
0264_0.95_0.2.jpg,DCP (Dark Channel Prior),7.6711,66.6535,54.49,57.8685,117.0277,17.7324,0.8448,77.7
0264_0.95_0.2.jpg,CLAHE (LAB),7.4311,57.2303,24.8314,65.2925,160.0226,18.5896,0.8823,113.65
0264_0.95_0.2.jpg,"MSRCR (σ=[15,80,250])",7.0529,95.222,57.7106,104.3784,130.9529,14.7268,0.5981,2670.59
0266_0.8_0.12.jpg,DCP (Dark Channel Prior),7.2312,55.7818,28.6386,32.6862,67.9016,12.8908,0.7336,110.19
0266_0.8_0.12.jpg,CLAHE (LAB),7.5896,56.1354,9.9819,57.4594,139.7005,17.4528,0.8116,103.37
0266_0.8_0.12.jpg,"MSRCR (σ=[15,80,250])",6.3071,101.4628,20.0406,90.9478,131.5071,14.1585,0.5753,2769.48
0269_0.95_0.2.jpg,DCP (Dark Channel Prior),7.5366,60.9469,32.7621,74.1288,108.7535,15.219,0.8347,63.29
0269_0.95_0.2.jpg,CLAHE (LAB),7.5141,55.3687,11.3036,99.2011,159.0444,18.4798,0.8515,5.89
0269_0.95_0.2.jpg,"MSRCR (σ=[15,80,250])",6.8123,100.7197,37.1072,167.751,134.4783,13.6864,0.5427,1700.68
0263_0.95_0.08.jpg,DCP (Dark Channel Prior),7.0476,50.3775,79.8482,46.0395,64.8673,19.7279,0.8785,131.76
0263_0.95_0.08.jpg,CLAHE (LAB),7.5461,53.9532,44.4052,79.7994,119.9838,16.0162,0.7545,118.86
0263_0.95_0.08.jpg,"MSRCR (σ=[15,80,250])",7.4139,85.9649,44.7932,120.9435,128.0543,12.0996,0.5367,3576.86
0270_0.85_0.16.jpg,DCP (Dark Channel Prior),7.1252,53.0611,63.9233,23.3342,66.613,13.3919,0.8171,57.97
0270_0.85_0.16.jpg,CLAHE (LAB),7.4097,47.1885,18.6407,46.3678,149.6611,12.2776,0.6808,5.26
0270_0.85_0.16.jpg,"MSRCR (σ=[15,80,250])",6.7192,100.004,34.1029,75.9847,129.8158,14.1801,0.5899,1432.72
0272_0.85_0.08.jpg,DCP (Dark Channel Prior),7.7368,62.7188,36.6412,88.8723,99.3483,17.2298,0.8976,77.25
0272_0.85_0.08.jpg,CLAHE (LAB),7.7877,62.3185,21.6467,128.0962,138.963,17.0484,0.8128,3.82
0272_0.85_0.08.jpg,"MSRCR (σ=[15,80,250])",6.9512,92.9209,42.477,168.5832,134.2043,15.0788,0.6441,1358.32
0273_0.85_0.2.jpg,DCP (Dark Channel Prior),7.4178,55.4414,26.882,65.3159,103.8445,13.1386,0.7913,56.01
0273_0.85_0.2.jpg,CLAHE (LAB),7.4555,54.135,9.9162,90.8817,158.736,19.5183,0.8579,2.18
0273_0.85_0.2.jpg,"MSRCR (σ=[15,80,250])",6.9381,97.7359,31.4545,151.4569,137.4238,13.9688,0.541,1255.96
0271_0.85_0.12.jpg,DCP (Dark Channel Prior),7.026,75.82,78.7764,26.1488,74.0089,15.7039,0.8591,75.73
0271_0.85_0.12.jpg,CLAHE (LAB),7.4331,60.1565,23.4845,55.8465,132.0898,13.9157,0.6339,3.72
0271_0.85_0.12.jpg,"MSRCR (σ=[15,80,250])",5.9512,104.9096,26.9855,97.9496,118.9259,14.245,0.5409,1514.77
0279_0.8_0.12.jpg,DCP (Dark Channel Prior),7.6483,67.7472,39.9285,53.7411,110.9126,16.5185,0.8507,99.92
0279_0.8_0.12.jpg,CLAHE (LAB),7.4253,60.5474,13.2613,82.2747,156.0145,17.7992,0.8488,120.85
0279_0.8_0.12.jpg,"MSRCR (σ=[15,80,250])",6.9975,93.2227,27.2736,116.9753,141.425,16.1488,0.6789,1724.26
0285_0.85_0.2.jpg,DCP (Dark Channel Prior),7.3053,44.9886,47.1477,92.9062,92.1495,23.7547,0.9256,58.14
0285_0.85_0.2.jpg,CLAHE (LAB),7.5861,50.3776,17.3757,153.4061,134.3801,12.8393,0.6997,102.9
0285_0.85_0.2.jpg,"MSRCR (σ=[15,80,250])",7.0382,92.8604,54.7059,262.9497,127.1052,11.1152,0.5387,2009.53
0280_0.9_0.16.jpg,DCP (Dark Channel Prior),7.6404,68.2834,24.5714,47.4464,98.5483,15.0898,0.8148,147.98
0280_0.9_0.16.jpg,CLAHE (LAB),7.5102,58.6776,8.0209,71.1511,161.0718,15.9111,0.8142,122.52
0280_0.9_0.16.jpg,"MSRCR (σ=[15,80,250])",6.651,98.0072,21.2016,106.7295,141.227,16.1876,0.6167,1881.25
0277_1_0.08.jpg,DCP (Dark Channel Prior),7.2043,66.9882,32.0272,31.5991,68.6898,14.5206,0.8425,165.99
0277_1_0.08.jpg,CLAHE (LAB),7.6199,64.7823,10.0849,55.3795,134.8008,15.107,0.7092,114.92
0277_1_0.08.jpg,"MSRCR (σ=[15,80,250])",5.7008,106.853,13.4435,83.0024,130.2136,13.3706,0.5803,2052.46
0281_0.9_0.12.jpg,DCP (Dark Channel Prior),7.1352,52.9786,39.775,30.5953,68.704,10.9478,0.741,99.98
0281_0.9_0.12.jpg,CLAHE (LAB),7.5754,52.8097,11.2981,65.0036,153.9717,16.1633,0.7862,172.41
0281_0.9_0.12.jpg,"MSRCR (σ=[15,80,250])",6.7273,99.8646,20.0846,94.8457,140.9048,14.93,0.6101,1977.14
0275_1_0.16.jpg,DCP (Dark Channel Prior),7.2122,73.0657,19.2468,58.6126,80.3378,26.3229,0.9479,93.23
0275_1_0.16.jpg,CLAHE (LAB),7.5127,55.5162,9.4529,88.2032,140.2771,11.754,0.6496,118.25
0275_1_0.16.jpg,"MSRCR (σ=[15,80,250])",6.5546,94.2062,21.3941,146.1772,118.9781,12.2703,0.5094,2257.06
0276_1_0.12.jpg,DCP (Dark Channel Prior),7.2957,71.1666,25.5453,35.0124,76.5788,15.2339,0.8611,89.1
0276_1_0.12.jpg,CLAHE (LAB),7.5357,65.8635,7.0955,57.6404,143.5229,14.1044,0.7228,108.71
0276_1_0.12.jpg,"MSRCR (σ=[15,80,250])",6.1236,102.1137,17.6652,91.7323,129.2742,13.9033,0.5913,2463.49
0283_0.85_0.12.jpg,DCP (Dark Channel Prior),7.2847,64.1614,30.6224,54.1628,75.9064,14.5507,0.8106,68.36
0283_0.85_0.12.jpg,CLAHE (LAB),7.5624,58.0796,11.359,77.9086,140.8996,16.3277,0.7945,94.24
0283_0.85_0.12.jpg,"MSRCR (σ=[15,80,250])",6.6577,95.4231,24.456,120.845,130.3963,15.5982,0.6418,2321.92
0282_0.85_0.16.jpg,DCP (Dark Channel Prior),7.7356,57.1572,68.7301,80.8446,121.5964,15.8508,0.8475,74.29
0282_0.85_0.16.jpg,CLAHE (LAB),7.3198,56.149,25.8265,91.4305,163.9635,21.2364,0.8905,116.43
0282_0.85_0.16.jpg,"MSRCR (σ=[15,80,250])",7.0706,86.8321,40.5729,130.766,139.7922,15.7039,0.6813,2466.29
0274_0.95_0.12.jpg,DCP (Dark Channel Prior),7.3408,48.3925,20.7775,44.3258,85.2505,12.0648,0.804,134.83
0274_0.95_0.12.jpg,CLAHE (LAB),7.4925,53.0083,9.2244,79.7361,162.1086,16.3695,0.805,104.62
0274_0.95_0.12.jpg,"MSRCR (σ=[15,80,250])",6.4218,97.619,38.5585,126.5333,141.2617,15.1874,0.5833,2472.44
0284_0.8_0.16.jpg,DCP (Dark Channel Prior),7.5693,72.8548,38.7589,93.6825,104.4794,21.3127,0.9596,94.85
0284_0.8_0.16.jpg,CLAHE (LAB),7.5608,71.0674,30.1748,135.8418,142.7902,14.85,0.7662,120.24
0284_0.8_0.16.jpg,"MSRCR (σ=[15,80,250])",6.637,94.1259,40.2498,169.7844,134.7174,14.5814,0.7044,2629.07
0287_0.95_0.08.jpg,DCP (Dark Channel Prior),7.3718,54.6338,42.2785,35.3289,76.048,11.4319,0.8035,99.86
0287_0.95_0.08.jpg,CLAHE (LAB),7.6642,62.0211,15.0147,74.8917,151.2304,14.1416,0.7121,2.17
0287_0.95_0.08.jpg,"MSRCR (σ=[15,80,250])",6.9453,95.8801,33.0574,98.5695,141.2696,15.6615,0.6875,812.29
0286_0.8_0.08.jpg,DCP (Dark Channel Prior),7.5924,58.7275,31.9627,93.6952,98.4017,14.5429,0.8262,68.86
0286_0.8_0.08.jpg,CLAHE (LAB),7.7587,61.6157,15.8225,139.8628,138.3653,17.9271,0.7957,4.63
0286_0.8_0.08.jpg,"MSRCR (σ=[15,80,250])",6.9589,96.5039,37.3339,190.1685,133.8419,13.726,0.567,1288.54
0288_0.95_0.2.jpg,DCP (Dark Channel Prior),7.3785,59.7065,60.2107,44.9526,77.102,18.7379,0.8804,60.3
0288_0.95_0.2.jpg,CLAHE (LAB),7.3574,49.1146,14.0075,60.7888,151.0076,11.5085,0.6795,1.96
0288_0.95_0.2.jpg,"MSRCR (σ=[15,80,250])",7.0653,95.4048,30.0283,104.9833,128.2229,12.9532,0.605,964.34
0290_0.85_0.08.jpg,DCP (Dark Channel Prior),7.2104,55.3373,19.0748,29.3179,63.3959,12.6309,0.7641,64.24
0290_0.85_0.08.jpg,CLAHE (LAB),7.5724,58.8418,9.3497,57.4127,135.5129,16.5847,0.7565,2.0
0290_0.85_0.08.jpg,"MSRCR (σ=[15,80,250])",6.0138,102.3653,20.4034,93.0623,131.4909,14.4738,0.5809,1029.82
0287_0.8_0.2.jpg,DCP (Dark Channel Prior),7.252,50.4185,34.6851,31.9055,74.7247,11.3171,0.7735,61.18
0287_0.8_0.2.jpg,CLAHE (LAB),7.3588,50.2798,10.3091,57.8194,156.7615,12.9465,0.7243,6.83
0287_0.8_0.2.jpg,"MSRCR (σ=[15,80,250])",6.8818,98.1306,33.3236,92.0813,138.3465,16.468,0.6755,1296.29
0298_1_0.12.jpg,DCP (Dark Channel Prior),7.5755,69.4268,34.376,85.4544,121.2806,24.0239,0.935,74.02
0298_1_0.12.jpg,CLAHE (LAB),7.6859,70.8773,22.0786,144.4407,151.7494,16.6162,0.8103,101.72
0298_1_0.12.jpg,"MSRCR (σ=[15,80,250])",6.8284,94.98,36.6744,176.7649,134.3908,15.3898,0.6813,1371.39
0292_1_0.16.jpg,DCP (Dark Channel Prior),7.2778,58.524,44.9265,27.8193,76.6474,13.1175,0.8121,88.61
0292_1_0.16.jpg,CLAHE (LAB),7.4153,49.0818,9.9211,51.5611,161.3249,13.438,0.7389,109.78
0292_1_0.16.jpg,"MSRCR (σ=[15,80,250])",5.7556,100.776,29.8682,84.6335,131.2126,15.8686,0.5726,1934.02
0299_0.9_0.08.jpg,DCP (Dark Channel Prior),7.397,70.4235,15.2504,91.8457,82.8031,18.7216,0.8903,121.16
0299_0.9_0.08.jpg,CLAHE (LAB),7.6967,63.9741,8.6732,123.6259,124.1913,17.6323,0.7851,113.45
0299_0.9_0.08.jpg,"MSRCR (σ=[15,80,250])",6.5663,96.5048,15.0823,173.0345,128.7941,14.5068,0.6454,2005.03
0303_0.9_0.12.jpg,DCP (Dark Channel Prior),7.5057,51.6176,32.3447,82.2609,87.2075,14.6433,0.8676,96.71
0303_0.9_0.12.jpg,CLAHE (LAB),7.6836,55.8281,15.5498,107.3077,138.7863,18.9602,0.8299,115.32
0303_0.9_0.12.jpg,"MSRCR (σ=[15,80,250])",6.7244,86.9648,31.3552,126.8528,142.2072,15.9553,0.6997,2099.56
0295_0.85_0.08.jpg,DCP (Dark Channel Prior),7.2602,71.9752,20.7554,67.9567,87.7295,22.4367,0.95,100.25
0295_0.85_0.08.jpg,CLAHE (LAB),7.638,73.4005,15.5467,111.6698,131.2397,15.7302,0.78,115.26
0295_0.85_0.08.jpg,"MSRCR (σ=[15,80,250])",6.5722,96.7052,30.3276,142.9717,137.8032,12.421,0.6229,2176.71
0297_0.95_0.08.jpg,DCP (Dark Channel Prior),7.473,55.8998,40.9684,119.4138,78.1624,27.5803,0.9735,97.03
0297_0.95_0.08.jpg,CLAHE (LAB),7.8903,65.7311,31.8498,171.2048,119.6987,14.6299,0.7546,120.54
0297_0.95_0.08.jpg,"MSRCR (σ=[15,80,250])",7.1893,91.8405,57.4997,224.5159,124.5718,11.4542,0.5953,2328.72
0300_1_0.2.jpg,DCP (Dark Channel Prior),7.4514,57.824,32.4706,41.5892,90.7943,13.982,0.8075,93.73
0300_1_0.2.jpg,CLAHE (LAB),7.3139,46.6077,10.0485,61.1215,172.5017,14.7687,0.8158,112.57
0300_1_0.2.jpg,"MSRCR (σ=[15,80,250])",6.0824,101.9549,31.2314,119.235,134.2286,14.0356,0.5225,2398.14
0296_0.95_0.12.jpg,DCP (Dark Channel Prior),7.4446,69.4833,45.9105,57.4036,108.8751,18.4283,0.8781,129.85
0296_0.95_0.12.jpg,CLAHE (LAB),7.449,56.9589,22.3447,84.0723,158.3731,15.1291,0.7974,122.04
0296_0.95_0.12.jpg,"MSRCR (σ=[15,80,250])",7.0324,88.0505,38.6371,113.8264,140.075,16.0603,0.6859,2388.67
0294_1_0.2.jpg,DCP (Dark Channel Prior),7.2993,51.4453,32.2477,33.7492,84.0104,13.6782,0.8313,61.72
0294_1_0.2.jpg,CLAHE (LAB),7.466,48.8135,10.1806,55.5097,169.9637,12.3125,0.7557,93.91
0294_1_0.2.jpg,"MSRCR (σ=[15,80,250])",6.893,92.8921,30.1069,91.1643,137.3393,15.3925,0.6205,2881.91
0291_0.95_0.12.jpg,DCP (Dark Channel Prior),7.2083,58.0529,28.395,38.6213,71.7108,13.3191,0.7839,97.55
0291_0.95_0.12.jpg,CLAHE (LAB),7.6586,55.7069,8.7252,71.0749,146.1614,15.8941,0.7769,122.78
0291_0.95_0.12.jpg,"MSRCR (σ=[15,80,250])",6.6171,88.2635,21.3456,108.9225,137.1232,14.855,0.6004,2826.62
0302_0.9_0.16.jpg,DCP (Dark Channel Prior),7.3252,58.4785,19.2281,48.8336,86.8168,15.2812,0.8546,91.82
0302_0.9_0.16.jpg,CLAHE (LAB),7.5395,50.7306,7.2409,63.022,156.0443,14.5047,0.8075,102.63
0302_0.9_0.16.jpg,"MSRCR (σ=[15,80,250])",6.3785,91.0599,21.6528,99.5533,140.8878,14.2716,0.6162,2792.42
0304_0.9_0.08.jpg,DCP (Dark Channel Prior),7.3614,55.1913,15.5321,30.1789,72.9837,11.4173,0.7755,53.12
0304_0.9_0.08.jpg,CLAHE (LAB),7.6737,60.802,7.3256,56.0802,144.5456,16.2457,0.7545,6.87
0304_0.9_0.08.jpg,"MSRCR (σ=[15,80,250])",6.3075,103.5038,19.5649,78.9027,141.0257,15.4875,0.6039,1732.78
0306_0.8_0.16.jpg,DCP (Dark Channel Prior),7.7472,62.8873,40.9421,77.2588,114.9139,17.0573,0.8931,73.03
0306_0.8_0.16.jpg,CLAHE (LAB),7.5113,62.6063,16.066,105.998,159.4303,18.0268,0.8993,3.74
0306_0.8_0.16.jpg,"MSRCR (σ=[15,80,250])",6.921,94.1642,31.6394,139.9388,141.5124,16.8728,0.763,855.0
0307_0.8_0.12.jpg,DCP (Dark Channel Prior),7.3125,65.4131,24.6272,43.3879,81.2718,14.1918,0.7826,80.79
0307_0.8_0.12.jpg,CLAHE (LAB),7.45,58.9321,8.2065,74.188,146.2423,16.4899,0.8186,2.32
0307_0.8_0.12.jpg,"MSRCR (σ=[15,80,250])",6.0457,100.8065,21.9382,121.4294,125.3335,15.7339,0.6188,913.88
0305_0.9_0.2.jpg,DCP (Dark Channel Prior),7.011,60.5354,19.4992,30.7987,70.8652,16.7587,0.8352,103.76
0305_0.9_0.2.jpg,CLAHE (LAB),7.2033,47.7639,6.1443,43.6294,151.2933,12.5049,0.7411,4.56
0305_0.9_0.2.jpg,"MSRCR (σ=[15,80,250])",5.7976,100.9375,17.2972,85.1975,121.9173,13.9429,0.5601,1071.15
0308_1_0.16.jpg,DCP (Dark Channel Prior),7.5961,59.4724,22.8256,70.2937,112.2107,16.8481,0.8903,70.67
0308_1_0.16.jpg,CLAHE (LAB),7.4748,64.7782,9.9833,104.1758,164.5192,15.6561,0.8384,2.3
0308_1_0.16.jpg,"MSRCR (σ=[15,80,250])",6.6397,98.855,26.2358,159.5007,140.6575,14.6706,0.6469,1041.42
0311_0.8_0.16.jpg,DCP (Dark Channel Prior),7.2947,48.8625,24.837,78.9535,74.2531,16.0366,0.889,103.48
0311_0.8_0.16.jpg,CLAHE (LAB),7.7138,55.615,13.2927,109.1293,131.8628,16.3464,0.8053,113.75
0311_0.8_0.16.jpg,"MSRCR (σ=[15,80,250])",6.8252,92.1816,34.6778,154.0005,130.0749,14.1067,0.6268,1810.28
0316_0.85_0.12.jpg,DCP (Dark Channel Prior),7.7356,59.9651,52.9712,78.686,106.4368,15.3552,0.8945,79.2
0316_0.85_0.12.jpg,CLAHE (LAB),7.6337,69.0768,18.9274,113.5915,152.8828,17.1197,0.8376,88.53
0316_0.85_0.12.jpg,"MSRCR (σ=[15,80,250])",6.8362,96.5884,31.3873,148.4815,137.0158,15.4834,0.6971,1841.4
0319_0.9_0.16.jpg,DCP (Dark Channel Prior),7.4037,49.8665,63.6656,98.8421,90.4138,18.9669,0.9395,94.91
0319_0.9_0.16.jpg,CLAHE (LAB),7.7994,59.5415,40.7693,148.3881,136.5079,16.1859,0.8189,123.04
0319_0.9_0.16.jpg,"MSRCR (σ=[15,80,250])",7.1386,90.9295,76.7317,199.4883,129.2697,14.3477,0.6782,1969.42
0309_1_0.08.jpg,DCP (Dark Channel Prior),7.5323,58.2086,20.0574,61.7748,92.3373,14.948,0.8652,105.15
0309_1_0.08.jpg,CLAHE (LAB),7.7601,64.6948,11.0625,109.5866,147.6112,16.4941,0.7841,195.02
0309_1_0.08.jpg,"MSRCR (σ=[15,80,250])",6.999,94.1613,23.6088,144.7187,140.1648,14.7585,0.6299,1983.47
0320_0.9_0.08.jpg,DCP (Dark Channel Prior),6.8356,71.9772,18.262,47.8373,68.9297,18.277,0.8992,91.03
0320_0.9_0.08.jpg,CLAHE (LAB),7.5673,65.7687,13.1209,82.5111,126.7067,14.6575,0.693,104.87
0320_0.9_0.08.jpg,"MSRCR (σ=[15,80,250])",6.6994,95.4365,31.9667,118.4064,127.2499,12.3317,0.5905,2193.17
0318_0.85_0.2.jpg,DCP (Dark Channel Prior),7.2683,62.5841,55.2466,27.5979,75.4763,14.5485,0.8447,161.17
0318_0.85_0.2.jpg,CLAHE (LAB),7.3524,52.5628,12.4678,48.0542,150.6541,12.801,0.6969,104.96
0318_0.85_0.2.jpg,"MSRCR (σ=[15,80,250])",5.8774,106.801,20.6212,82.3155,130.842,14.4125,0.5806,2420.26
0312_0.8_0.12.jpg,DCP (Dark Channel Prior),7.7146,60.3306,39.1344,109.4827,109.9088,19.0325,0.8998,104.6
0312_0.8_0.12.jpg,CLAHE (LAB),7.7151,61.9098,16.9495,144.8284,139.9678,18.2189,0.8473,123.87
0312_0.8_0.12.jpg,"MSRCR (σ=[15,80,250])",6.9224,92.8013,33.1143,189.9428,134.0722,15.1245,0.6599,2614.18
0317_0.85_0.08.jpg,DCP (Dark Channel Prior),7.075,65.2464,24.6777,51.1936,67.2806,17.4936,0.9131,90.68
0317_0.85_0.08.jpg,CLAHE (LAB),7.7095,64.9711,12.5938,109.9794,126.1279,13.7849,0.6155,100.12
0317_0.85_0.08.jpg,"MSRCR (σ=[15,80,250])",6.3737,96.3778,28.4158,170.2193,121.9624,12.1321,0.5109,2721.85
0314_0.9_0.12.jpg,DCP (Dark Channel Prior),7.0675,73.7117,33.8895,66.7669,93.5386,18.6171,0.8965,139.11
0314_0.9_0.12.jpg,CLAHE (LAB),7.3958,62.83,21.7155,112.0003,140.7254,15.3102,0.7558,134.9
0314_0.9_0.12.jpg,"MSRCR (σ=[15,80,250])",6.5289,95.2535,40.7866,167.6305,127.763,14.0915,0.6071,3421.56
0321_1_0.12.jpg,DCP (Dark Channel Prior),7.1345,48.1226,32.6126,60.0054,63.2357,23.6187,0.8677,49.58
0321_1_0.12.jpg,CLAHE (LAB),7.6655,54.9734,19.2098,105.9016,123.6021,12.0835,0.5632,4.03
0321_1_0.12.jpg,"MSRCR (σ=[15,80,250])",6.9438,91.6058,46.3403,161.4611,127.0254,9.7702,0.4496,1544.95
0320_1_0.16.jpg,DCP (Dark Channel Prior),6.683,73.3039,18.1492,47.4949,75.0811,19.0539,0.9051,60.83
0320_1_0.16.jpg,CLAHE (LAB),7.2673,58.4845,10.0135,69.6175,143.1476,12.1483,0.6661,5.66
0320_1_0.16.jpg,"MSRCR (σ=[15,80,250])",6.9122,90.4129,29.4657,110.5959,125.6379,12.8144,0.5882,1658.6
0315_0.85_0.16.jpg,DCP (Dark Channel Prior),7.0366,39.1242,86.0125,48.2886,117.6492,12.2638,0.767,151.87
0315_0.85_0.16.jpg,CLAHE (LAB),7.3204,48.9159,52.4124,58.2326,167.7504,21.6456,0.8653,104.22
0315_0.85_0.16.jpg,"MSRCR (σ=[15,80,250])",7.4241,62.3273,87.7833,76.7839,141.9237,14.8909,0.6631,3763.34
0324_0.8_0.12.jpg,DCP (Dark Channel Prior),7.7372,63.0523,68.9987,58.337,123.2191,16.7883,0.8688,61.22
0324_0.8_0.12.jpg,CLAHE (LAB),7.3477,56.1115,17.7102,80.0265,161.4505,18.5109,0.8614,3.89
0324_0.8_0.12.jpg,"MSRCR (σ=[15,80,250])",7.1449,84.9353,34.8394,114.4878,141.503,16.573,0.6772,1578.17
0325_0.9_0.16.jpg,DCP (Dark Channel Prior),7.676,68.0631,36.3046,95.9988,122.8849,17.2213,0.8421,53.19
0325_0.9_0.16.jpg,CLAHE (LAB),7.5787,60.887,14.3671,120.0373,152.6832,19.3536,0.8528,5.6
0325_0.9_0.16.jpg,"MSRCR (σ=[15,80,250])",6.9644,93.4954,33.5681,171.0857,134.2415,14.5816,0.6035,1487.51
0323_0.8_0.16.jpg,DCP (Dark Channel Prior),7.3142,46.9749,20.2738,73.3416,72.5154,17.4214,0.8866,66.15
0323_0.8_0.16.jpg,CLAHE (LAB),7.5841,48.6621,12.2428,104.7196,131.8844,15.896,0.7976,4.78
0323_0.8_0.16.jpg,"MSRCR (σ=[15,80,250])",7.0167,79.5605,31.2968,134.0342,139.4699,13.1385,0.6272,1681.39
0313_0.8_0.2.jpg,DCP (Dark Channel Prior),7.2707,67.9642,70.0484,36.9991,88.1589,14.1769,0.8262,145.44
0313_0.8_0.2.jpg,CLAHE (LAB),7.3694,57.5349,15.3875,57.9815,153.3546,14.5969,0.7747,112.1
0313_0.8_0.2.jpg,"MSRCR (σ=[15,80,250])",7.1095,87.0199,30.5286,107.8893,131.7317,14.9576,0.5755,4193.25
0337_0.8_0.08.jpg,DCP (Dark Channel Prior),7.4047,50.8709,27.8849,40.823,90.0373,9.9649,0.6906,86.32
0337_0.8_0.08.jpg,CLAHE (LAB),7.3517,54.4894,8.4893,68.8458,162.2962,21.1577,0.8316,122.05
0337_0.8_0.08.jpg,"MSRCR (σ=[15,80,250])",6.7334,94.0201,27.5221,104.6,144.5504,14.3429,0.5807,1361.67
0326_0.9_0.12.jpg,DCP (Dark Channel Prior),6.6121,73.281,15.199,48.2141,83.5933,17.084,0.8924,97.76
0326_0.9_0.12.jpg,CLAHE (LAB),7.2508,59.695,8.862,88.6327,145.6953,14.9769,0.754,99.37
0326_0.9_0.12.jpg,"MSRCR (σ=[15,80,250])",6.3823,90.7249,28.9157,140.8455,126.9544,14.6727,0.5686,1819.12
0329_0.8_0.12.jpg,DCP (Dark Channel Prior),7.3132,63.8499,27.9629,41.3528,77.68,14.7078,0.7834,97.6
0329_0.8_0.12.jpg,CLAHE (LAB),7.4325,56.9405,10.3756,71.7313,147.4536,14.0904,0.7543,118.51
0329_0.8_0.12.jpg,"MSRCR (σ=[15,80,250])",6.409,92.9671,25.7185,103.9827,136.6976,14.9984,0.6782,1668.22
0330_0.8_0.08.jpg,DCP (Dark Channel Prior),7.4459,69.3214,35.4723,69.9266,94.4388,17.1096,0.8401,110.06
0330_0.8_0.08.jpg,CLAHE (LAB),7.6335,60.6295,19.3435,102.498,138.9952,18.7823,0.8365,117.14
0330_0.8_0.08.jpg,"MSRCR (σ=[15,80,250])",6.7158,86.1688,29.1115,133.4374,138.7758,15.4987,0.6934,1878.23
0327_1_0.08.jpg,DCP (Dark Channel Prior),7.563,72.8132,57.4208,29.2346,90.1619,14.456,0.807,94.31
0327_1_0.08.jpg,CLAHE (LAB),7.6306,61.773,14.7936,55.5808,154.3323,15.6182,0.7741,123.12
0327_1_0.08.jpg,"MSRCR (σ=[15,80,250])",6.657,101.5508,26.2862,77.2399,138.6014,15.4384,0.6098,1991.42
0335_1_0.2.jpg,DCP (Dark Channel Prior),7.146,52.2723,21.2599,55.8696,84.8309,15.0654,0.8501,86.95
0335_1_0.2.jpg,CLAHE (LAB),7.3742,43.9518,8.5637,74.8939,162.2891,14.5187,0.8333,105.11
0335_1_0.2.jpg,"MSRCR (σ=[15,80,250])",6.9742,87.3957,29.1724,144.985,129.7059,14.0961,0.5052,2385.96
0333_0.95_0.2.jpg,DCP (Dark Channel Prior),7.2998,58.3208,19.9624,70.3383,91.4761,16.0411,0.8687,91.37
0333_0.95_0.2.jpg,CLAHE (LAB),7.5224,52.2933,8.9947,80.8515,154.2709,14.1013,0.8021,127.56
0333_0.95_0.2.jpg,"MSRCR (σ=[15,80,250])",6.9492,84.8584,28.0057,124.921,138.9006,14.0971,0.6658,2272.85
0332_0.95_0.08.jpg,DCP (Dark Channel Prior),7.3948,67.4188,41.818,58.3022,80.7011,17.533,0.8815,108.64
0332_0.95_0.08.jpg,CLAHE (LAB),7.7871,61.9713,11.2326,101.6621,139.2318,13.8385,0.7293,116.45
0332_0.95_0.08.jpg,"MSRCR (σ=[15,80,250])",6.5452,92.467,18.3369,137.7522,133.1428,12.9981,0.6301,2634.14
0334_1_0.08.jpg,DCP (Dark Channel Prior),7.3953,62.8615,26.1696,70.7512,78.7099,20.4712,0.9347,102.27
0334_1_0.08.jpg,CLAHE (LAB),7.6902,58.6595,14.8795,107.8126,127.1835,14.7957,0.6987,117.8
0334_1_0.08.jpg,"MSRCR (σ=[15,80,250])",6.6144,99.5947,21.5693,156.5372,124.9543,12.0427,0.5586,2660.98
0330_0.95_0.12.jpg,DCP (Dark Channel Prior),7.4579,71.0501,34.1377,71.5175,100.8527,18.0413,0.8575,126.87
0330_0.95_0.12.jpg,CLAHE (LAB),7.5489,58.6684,16.2908,96.2795,148.4986,16.7406,0.8371,88.31
0330_0.95_0.12.jpg,"MSRCR (σ=[15,80,250])",6.6854,87.2483,29.5514,133.8742,135.892,15.7704,0.6897,2859.77
0331_0.95_0.12.jpg,DCP (Dark Channel Prior),7.0295,74.3554,18.1326,65.6462,95.4734,16.932,0.88,91.55
0331_0.95_0.12.jpg,CLAHE (LAB),7.3792,61.3435,9.3547,96.9609,155.0878,15.0057,0.8069,118.3
0331_0.95_0.12.jpg,"MSRCR (σ=[15,80,250])",6.4907,92.4097,23.6773,138.6579,136.5639,14.6097,0.6519,2843.1
0340_0.85_0.08.jpg,DCP (Dark Channel Prior),7.1078,46.0115,18.4053,45.7231,64.1105,13.6242,0.7812,46.27
0340_0.85_0.08.jpg,CLAHE (LAB),7.669,52.6685,13.5063,92.654,131.4617,16.6037,0.7903,3.83
0340_0.85_0.08.jpg,"MSRCR (σ=[15,80,250])",6.8184,88.9716,24.5499,132.5295,135.7268,12.6571,0.6107,1361.08
0338_0.9_0.12.jpg,DCP (Dark Channel Prior),7.4184,50.7134,27.4341,39.022,93.2026,10.9513,0.7749,61.08
0338_0.9_0.12.jpg,CLAHE (LAB),7.3774,51.8732,10.6789,69.2317,170.3631,17.7248,0.8397,4.28
0338_0.9_0.12.jpg,"MSRCR (σ=[15,80,250])",7.0289,92.4811,39.6156,102.6075,144.4125,16.1865,0.6205,1680.14
0342_0.95_0.08.jpg,DCP (Dark Channel Prior),7.1197,74.5535,16.5552,51.8793,80.4714,19.9456,0.9043,61.32
0342_0.95_0.08.jpg,CLAHE (LAB),7.5883,67.0196,9.554,84.2389,133.1848,15.1475,0.7313,6.07
0342_0.95_0.08.jpg,"MSRCR (σ=[15,80,250])",6.2812,98.1296,20.7146,118.5178,133.8503,12.3087,0.598,1172.74
0343_0.95_0.2.jpg,DCP (Dark Channel Prior),7.4771,60.1408,26.8604,69.0423,100.5283,21.7571,0.9191,55.91
0343_0.95_0.2.jpg,CLAHE (LAB),7.6468,59.3501,15.4469,107.4989,153.0401,13.4068,0.7603,5.22
0343_0.95_0.2.jpg,"MSRCR (σ=[15,80,250])",6.8108,91.0426,30.3869,159.2572,137.2881,13.8381,0.6599,1170.93
0341_0.85_0.2.jpg,DCP (Dark Channel Prior),7.3295,54.7921,36.9663,56.1623,77.4191,16.2915,0.8309,145.95
0341_0.85_0.2.jpg,CLAHE (LAB),7.5664,50.6631,19.4012,78.4459,143.2362,15.4377,0.8141,8.71
0341_0.85_0.2.jpg,"MSRCR (σ=[15,80,250])",7.4036,79.614,41.0849,123.9733,134.627,13.7713,0.6195,1851.84
0348_0.8_0.2.jpg,DCP (Dark Channel Prior),7.1249,60.4202,88.4626,41.2003,72.6944,19.1596,0.8912,100.56
0348_0.8_0.2.jpg,CLAHE (LAB),7.2437,51.4836,30.5257,61.7729,129.7738,13.3635,0.6199,113.86
0348_0.8_0.2.jpg,"MSRCR (σ=[15,80,250])",6.9285,100.3947,45.1342,101.4173,120.6956,13.7766,0.5642,1697.75
0345_0.85_0.12.jpg,DCP (Dark Channel Prior),7.341,61.3899,19.7788,65.2116,66.7507,15.3841,0.8792,104.94
0345_0.85_0.12.jpg,CLAHE (LAB),7.7275,62.0667,12.3936,92.2499,119.4877,15.3126,0.6489,122.57
0345_0.85_0.12.jpg,"MSRCR (σ=[15,80,250])",6.6995,95.0396,25.5902,116.298,134.819,12.2943,0.5735,1899.27
0351_0.95_0.16.jpg,DCP (Dark Channel Prior),7.4473,49.0551,88.0964,61.647,86.1604,15.4488,0.8653,105.27
0351_0.95_0.16.jpg,CLAHE (LAB),7.4183,47.625,36.8031,79.0521,150.2954,15.8044,0.8149,132.87
0351_0.95_0.16.jpg,"MSRCR (σ=[15,80,250])",6.9141,87.5531,47.4144,106.6782,132.6677,15.4383,0.6717,1882.38
0356_0.85_0.08.jpg,DCP (Dark Channel Prior),7.5245,60.8683,83.045,87.0776,83.5673,20.7552,0.8652,93.11
0356_0.85_0.08.jpg,CLAHE (LAB),7.6243,51.717,44.8528,106.0002,121.3712,17.2089,0.7806,117.88
0356_0.85_0.08.jpg,"MSRCR (σ=[15,80,250])",7.3153,89.4003,54.981,127.9629,128.237,14.4222,0.6723,2539.61
0349_0.9_0.08.jpg,DCP (Dark Channel Prior),7.5701,52.3886,115.7585,90.099,96.0214,19.3881,0.8955,97.53
0349_0.9_0.08.jpg,CLAHE (LAB),7.6239,53.7024,68.1457,117.0945,133.9046,18.7797,0.8309,121.43
0349_0.9_0.08.jpg,"MSRCR (σ=[15,80,250])",7.0961,79.4914,60.9102,147.9404,137.3699,15.2673,0.7563,2750.39
0355_0.85_0.12.jpg,DCP (Dark Channel Prior),7.4707,50.5571,78.892,29.1392,78.7079,14.1234,0.8015,112.9
0355_0.85_0.12.jpg,CLAHE (LAB),7.4564,44.5876,37.2806,44.7746,143.2067,17.306,0.7997,117.92
0355_0.85_0.12.jpg,"MSRCR (σ=[15,80,250])",7.0844,87.2263,42.8632,58.2365,134.6888,16.1584,0.6621,2714.85
0346_0.95_0.16.jpg,DCP (Dark Channel Prior),7.5583,56.7038,109.0819,40.6628,91.0488,17.5437,0.8602,94.38
0346_0.95_0.16.jpg,CLAHE (LAB),7.4919,54.0177,52.0745,54.8866,143.7367,16.4353,0.761,116.99
0346_0.95_0.16.jpg,"MSRCR (σ=[15,80,250])",6.9062,86.0142,46.9295,64.9528,140.101,14.9391,0.7184,2976.91
0354_0.9_0.08.jpg,DCP (Dark Channel Prior),7.5209,59.2435,111.9099,67.1719,87.1288,19.9244,0.8872,102.36
0354_0.9_0.08.jpg,CLAHE (LAB),7.7135,58.1999,66.425,105.7302,124.5629,17.374,0.7615,122.05
0354_0.9_0.08.jpg,"MSRCR (σ=[15,80,250])",7.237,91.0295,67.5681,140.6732,132.9192,14.1097,0.6608,2859.89
0353_0.9_0.12.jpg,DCP (Dark Channel Prior),7.6999,68.9387,50.034,44.7873,107.1522,12.2632,0.7817,162.03
0353_0.9_0.12.jpg,CLAHE (LAB),7.6245,61.7172,19.5973,62.7853,166.4626,17.6535,0.7861,127.65
0353_0.9_0.12.jpg,"MSRCR (σ=[15,80,250])",6.6341,88.9534,22.6907,69.6105,143.2414,16.4858,0.687,2917.5
0357_0.95_0.12.jpg,DCP (Dark Channel Prior),7.601,62.2522,92.8664,82.7955,84.6312,22.2171,0.903,36.9
0357_0.95_0.12.jpg,CLAHE (LAB),7.6107,54.7118,48.5726,94.8219,128.0898,15.6329,0.7469,3.65
0357_0.95_0.12.jpg,"MSRCR (σ=[15,80,250])",6.698,93.9975,58.3982,123.1026,125.7275,13.6561,0.6232,1894.31
0344_0.85_0.16.jpg,DCP (Dark Channel Prior),7.2809,49.3358,128.6434,61.2569,117.2901,13.8522,0.8377,170.76
0344_0.85_0.16.jpg,CLAHE (LAB),7.4793,56.5781,50.0079,89.6152,159.2225,20.2507,0.8469,99.7
0344_0.85_0.16.jpg,"MSRCR (σ=[15,80,250])",7.4068,81.0832,70.633,115.8807,134.6251,14.7726,0.6486,3773.28
0359_0.85_0.16.jpg,DCP (Dark Channel Prior),7.3985,58.7461,78.9426,52.2634,81.8497,21.4685,0.897,51.07
0359_0.85_0.16.jpg,CLAHE (LAB),7.5486,50.8712,47.3555,68.2758,130.7563,15.7172,0.7411,5.63
0359_0.85_0.16.jpg,"MSRCR (σ=[15,80,250])",6.9121,89.6147,63.0619,76.5207,131.0474,14.3144,0.6394,1706.69
0350_0.85_0.12.jpg,DCP (Dark Channel Prior),7.1884,53.0621,44.8784,92.5078,64.2929,21.4612,0.9293,163.12
0350_0.85_0.12.jpg,CLAHE (LAB),7.647,57.7151,26.2421,140.738,113.2154,15.0124,0.7147,131.77
0350_0.85_0.12.jpg,"MSRCR (σ=[15,80,250])",7.108,92.4236,38.3117,222.711,120.0395,11.6336,0.5276,3842.73
0362_0.95_0.08.jpg,DCP (Dark Channel Prior),7.5166,49.1581,71.6337,88.199,105.7734,19.8459,0.9219,64.93
0362_0.95_0.08.jpg,CLAHE (LAB),7.8054,58.7665,36.1442,137.7494,136.4964,18.4255,0.8156,3.75
0362_0.95_0.08.jpg,"MSRCR (σ=[15,80,250])",7.215,88.0437,64.096,187.093,132.7062,14.0657,0.6193,1363.84
0361_0.85_0.2.jpg,DCP (Dark Channel Prior),7.2042,55.2221,34.7614,49.1588,73.9019,15.5372,0.8916,103.85
0361_0.85_0.2.jpg,CLAHE (LAB),7.5318,57.3827,17.5839,89.4809,136.1179,13.5957,0.6827,7.03
0361_0.85_0.2.jpg,"MSRCR (σ=[15,80,250])",6.9486,97.3283,44.5122,166.8403,125.8971,12.5083,0.5142,2019.65
0364_0.85_0.12.jpg,DCP (Dark Channel Prior),7.501,49.7449,76.0637,81.6447,87.1225,14.572,0.8495,74.58
0364_0.85_0.12.jpg,CLAHE (LAB),7.5589,51.7134,32.9574,106.4604,142.3245,18.6709,0.8356,2.71
0364_0.85_0.12.jpg,"MSRCR (σ=[15,80,250])",6.9476,82.455,40.7429,156.1948,137.2699,15.8757,0.6868,1913.43
0383_0.9_0.2.jpg,DCP (Dark Channel Prior),7.5794,53.4356,104.3141,56.8898,94.2944,20.4724,0.8926,82.18
0383_0.9_0.2.jpg,CLAHE (LAB),7.3631,46.6366,38.1578,69.7681,143.53,13.8932,0.7602,96.82
0383_0.9_0.2.jpg,"MSRCR (σ=[15,80,250])",7.1281,92.2674,67.6342,105.3974,132.1277,13.1058,0.6561,1180.6
0371_0.9_0.08.jpg,DCP (Dark Channel Prior),7.6522,64.4795,95.932,65.0706,87.946,20.3813,0.893,91.07
0371_0.9_0.08.jpg,CLAHE (LAB),7.695,59.4165,51.6348,89.7293,128.0166,16.6677,0.7374,108.51
0371_0.9_0.08.jpg,"MSRCR (σ=[15,80,250])",6.8943,94.7119,50.2754,116.16,130.9708,13.9611,0.6543,1391.3
0382_0.9_0.08.jpg,DCP (Dark Channel Prior),6.4517,86.3528,19.1871,40.6035,93.9351,21.366,0.93,94.56
0382_0.9_0.08.jpg,CLAHE (LAB),7.1412,70.119,11.603,94.3954,142.9689,14.5871,0.6986,104.29
0382_0.9_0.08.jpg,"MSRCR (σ=[15,80,250])",5.917,97.3321,36.0378,137.9578,129.305,14.4307,0.5812,1960.58
0372_0.85_0.12.jpg,DCP (Dark Channel Prior),7.3209,63.6299,72.4961,72.9709,71.5173,20.0882,0.9277,98.24
0372_0.85_0.12.jpg,CLAHE (LAB),7.5563,59.375,31.4912,100.9747,120.1088,14.5118,0.6697,120.29
0372_0.85_0.12.jpg,"MSRCR (σ=[15,80,250])",6.9532,99.0466,38.442,146.2461,119.0926,13.2879,0.5643,2089.58
0386_1_0.12.jpg,DCP (Dark Channel Prior),7.472,54.5191,92.9905,74.1337,85.1631,21.5218,0.8932,136.46
0386_1_0.12.jpg,CLAHE (LAB),7.5578,50.855,54.6714,95.0147,132.7399,15.4888,0.764,110.13
0386_1_0.12.jpg,"MSRCR (σ=[15,80,250])",6.8499,83.8662,57.4874,116.9772,133.7391,13.2847,0.6839,2293.1
0375_0.85_0.16.jpg,DCP (Dark Channel Prior),7.5545,57.2224,63.0,98.3877,90.1103,19.5023,0.9342,94.47
0375_0.85_0.16.jpg,CLAHE (LAB),7.6966,57.2029,29.3952,135.0181,135.2339,15.3559,0.7929,86.55
0375_0.85_0.16.jpg,"MSRCR (σ=[15,80,250])",6.883,92.1361,54.9999,196.4767,130.6135,14.3986,0.6731,2408.03
0388_0.95_0.16.jpg,DCP (Dark Channel Prior),7.3438,78.1186,59.823,53.1709,88.5661,18.8208,0.879,101.14
0388_0.95_0.16.jpg,CLAHE (LAB),7.5302,65.6662,19.9403,89.4697,139.619,12.9021,0.6052,159.37
0388_0.95_0.16.jpg,"MSRCR (σ=[15,80,250])",6.6189,99.243,42.1432,139.2009,123.3434,14.298,0.5682,2588.63
0385_0.8_0.08.jpg,DCP (Dark Channel Prior),7.5122,65.1021,103.2399,42.7208,79.4697,17.4426,0.88,167.57
0385_0.8_0.08.jpg,CLAHE (LAB),7.6663,63.6793,50.2789,74.5412,122.9309,15.8021,0.6476,122.2
0385_0.8_0.08.jpg,"MSRCR (σ=[15,80,250])",6.8362,100.2544,46.5261,103.3127,131.976,13.1207,0.6079,2577.38
0369_0.85_0.2.jpg,DCP (Dark Channel Prior),7.5779,63.5955,114.7588,44.167,109.1714,17.5583,0.8576,98.22
0369_0.85_0.2.jpg,CLAHE (LAB),7.3177,49.6853,37.4983,52.3949,154.1957,15.3025,0.7611,118.53
0369_0.85_0.2.jpg,"MSRCR (σ=[15,80,250])",6.8894,91.4115,56.0103,66.8084,137.6269,16.7458,0.6769,3067.34
0380_0.85_0.2.jpg,DCP (Dark Channel Prior),7.1146,73.9583,45.3407,54.7555,85.5691,20.2615,0.8692,94.65
0380_0.85_0.2.jpg,CLAHE (LAB),7.3556,52.5581,11.23,69.5262,150.0826,11.3408,0.662,136.61
0380_0.85_0.2.jpg,"MSRCR (σ=[15,80,250])",6.5218,96.9053,30.5495,117.7447,128.059,12.6659,0.5702,3049.21
0366_0.9_0.16.jpg,DCP (Dark Channel Prior),7.5042,61.1046,56.0838,71.5663,102.0697,18.1664,0.905,133.54
0366_0.9_0.16.jpg,CLAHE (LAB),7.6711,53.7631,32.6969,108.5155,137.9817,17.5901,0.8331,119.82
0366_0.9_0.16.jpg,"MSRCR (σ=[15,80,250])",6.8799,89.3562,57.9357,146.3986,128.9491,14.1733,0.5516,3106.92
0390_0.9_0.12.jpg,DCP (Dark Channel Prior),7.7301,63.4116,65.5774,113.8914,98.9439,20.7291,0.9444,48.54
0390_0.9_0.12.jpg,CLAHE (LAB),7.743,64.8572,38.1008,162.9927,132.1396,16.1654,0.7703,3.13
0390_0.9_0.12.jpg,"MSRCR (σ=[15,80,250])",7.1292,97.8309,59.995,227.8264,125.2571,14.8649,0.6752,2211.46
0391_1_0.08.jpg,DCP (Dark Channel Prior),7.6991,63.752,100.1303,68.474,102.1517,14.5238,0.8612,60.5
0391_1_0.08.jpg,CLAHE (LAB),7.63,65.7004,36.3413,84.6494,153.0625,18.2748,0.8342,4.61
0391_1_0.08.jpg,"MSRCR (σ=[15,80,250])",6.9039,92.0049,42.3754,107.5896,137.4917,17.0718,0.7264,1824.54
0393_1_0.2.jpg,DCP (Dark Channel Prior),7.55,63.5354,21.5059,72.7143,130.7949,16.5318,0.8565,81.43
0393_1_0.2.jpg,CLAHE (LAB),7.3895,60.254,9.0991,90.128,174.6989,19.3323,0.8955,5.11
0393_1_0.2.jpg,"MSRCR (σ=[15,80,250])",7.1395,86.0258,26.8438,154.0937,139.0286,14.001,0.6129,1585.45
0392_1_0.2.jpg,DCP (Dark Channel Prior),7.6694,53.7932,110.6615,62.0517,119.4479,16.6461,0.8675,163.33
0392_1_0.2.jpg,CLAHE (LAB),7.455,50.9657,42.1042,71.9712,163.8658,17.7194,0.8758,5.82
0392_1_0.2.jpg,"MSRCR (σ=[15,80,250])",7.2634,84.4741,62.7768,104.7281,137.6161,15.9379,0.6917,1761.5
0395_0.95_0.08.jpg,DCP (Dark Channel Prior),6.4776,92.5905,20.439,53.8398,123.1661,21.4674,0.9233,92.44
0395_0.95_0.08.jpg,CLAHE (LAB),6.814,73.0871,12.0268,83.622,166.6552,16.1648,0.8444,3.05
0395_0.95_0.08.jpg,"MSRCR (σ=[15,80,250])",6.7277,93.0849,23.6242,110.3248,136.9799,15.0321,0.6685,1594.55
0404_0.8_0.2.jpg,DCP (Dark Channel Prior),7.32,66.2908,17.6643,39.0894,89.3778,16.845,0.8752,67.72
0404_0.8_0.2.jpg,CLAHE (LAB),7.117,54.0967,7.1515,58.7469,150.1925,14.6863,0.7689,103.53
0404_0.8_0.2.jpg,"MSRCR (σ=[15,80,250])",5.919,103.2409,27.8587,95.118,131.7129,16.2513,0.616,1109.56
0400_0.9_0.12.jpg,DCP (Dark Channel Prior),7.3053,73.6079,23.9036,53.8458,85.2914,18.5151,0.8859,76.06
0400_0.9_0.12.jpg,CLAHE (LAB),7.5772,61.1053,8.5942,82.7315,144.7083,14.3593,0.7665,115.25
0400_0.9_0.12.jpg,"MSRCR (σ=[15,80,250])",6.5588,94.9579,25.1274,127.6068,130.2368,14.2617,0.6186,1269.16
0405_1_0.08.jpg,DCP (Dark Channel Prior),7.5864,63.8531,22.8283,61.6427,93.4263,16.9585,0.8574,120.13
0405_1_0.08.jpg,CLAHE (LAB),7.6054,60.667,13.9873,90.3213,147.6704,17.3897,0.8332,196.34
0405_1_0.08.jpg,"MSRCR (σ=[15,80,250])",6.4234,94.0488,33.277,121.4811,134.1484,15.4434,0.6374,1076.12
0402_0.8_0.16.jpg,DCP (Dark Channel Prior),7.233,49.749,25.5961,97.6502,70.9013,24.1646,0.9594,99.4
0402_0.8_0.16.jpg,CLAHE (LAB),7.7258,57.2173,17.1399,149.8929,118.8769,14.9539,0.7505,118.35
0402_0.8_0.16.jpg,"MSRCR (σ=[15,80,250])",7.0109,90.3716,44.6996,214.6262,122.3117,11.4478,0.5555,1927.62
0413_0.95_0.2.jpg,DCP (Dark Channel Prior),7.1375,63.7227,22.5381,63.829,85.7635,19.5659,0.9226,94.53
0413_0.95_0.2.jpg,CLAHE (LAB),7.4724,54.7848,9.8671,92.5294,147.07,14.0716,0.799,120.22
0413_0.95_0.2.jpg,"MSRCR (σ=[15,80,250])",6.8294,90.3227,37.1606,152.4756,127.2294,13.6194,0.5724,1812.52
0399_0.8_0.08.jpg,DCP (Dark Channel Prior),7.1327,56.9521,28.4104,22.9236,68.308,11.9331,0.7224,102.47
0399_0.8_0.08.jpg,CLAHE (LAB),7.5525,58.9821,8.87,42.6904,140.4221,16.3448,0.7615,121.6
0399_0.8_0.08.jpg,"MSRCR (σ=[15,80,250])",5.9847,108.2646,14.9895,60.7489,137.5959,15.4305,0.6158,2141.04
0409_1_0.12.jpg,DCP (Dark Channel Prior),7.4778,56.9392,99.1234,105.8528,113.9827,19.8178,0.8937,91.97
0409_1_0.12.jpg,CLAHE (LAB),7.5623,50.0679,41.3404,126.5295,140.9846,17.4598,0.8504,101.31
0409_1_0.12.jpg,"MSRCR (σ=[15,80,250])",7.1574,82.55,63.328,163.0692,129.3396,15.61,0.6877,2435.64
0411_0.95_0.16.jpg,DCP (Dark Channel Prior),7.4045,50.5601,78.7397,70.1318,94.132,16.4099,0.8704,88.77
0411_0.95_0.16.jpg,CLAHE (LAB),7.4096,47.6601,27.875,89.5641,153.5594,14.961,0.8199,100.52
0411_0.95_0.16.jpg,"MSRCR (σ=[15,80,250])",7.0595,84.0368,40.2286,128.0593,134.7166,15.2818,0.6711,2348.27
0397_0.85_0.12.jpg,DCP (Dark Channel Prior),7.2582,62.9038,21.9053,54.0571,89.6278,13.1404,0.772,102.52
0397_0.85_0.12.jpg,CLAHE (LAB),7.5062,54.1436,9.5914,82.4645,150.2155,18.5141,0.8257,101.53
0397_0.85_0.12.jpg,"MSRCR (σ=[15,80,250])",6.5044,93.5936,34.0382,135.8333,131.8678,14.728,0.5399,2540.0
1001_0.8_0.16.jpg,DCP (Dark Channel Prior),7.1879,63.3325,48.5734,43.7143,70.7233,17.1686,0.9039,44.86
1001_0.8_0.16.jpg,CLAHE (LAB),7.5287,55.9607,15.2457,74.21,132.6993,13.7059,0.692,3.86
1001_0.8_0.16.jpg,"MSRCR (σ=[15,80,250])",6.7328,95.5307,31.8252,118.4101,125.2214,13.5195,0.5563,1731.86
0407_0.95_0.16.jpg,DCP (Dark Channel Prior),7.1592,51.6557,19.1707,46.5585,70.2204,14.7636,0.8309,120.06
0407_0.95_0.16.jpg,CLAHE (LAB),7.4492,48.1362,8.3508,75.6799,147.4145,13.7274,0.7385,101.75
0407_0.95_0.16.jpg,"MSRCR (σ=[15,80,250])",6.7821,94.1247,38.2424,159.3564,129.2172,12.7311,0.4756,3042.28
1002_1_0.16.jpg,DCP (Dark Channel Prior),7.0817,47.2756,67.6307,34.9265,72.299,15.3329,0.8673,72.33
1002_1_0.16.jpg,CLAHE (LAB),7.296,50.6897,24.9056,61.0789,144.762,14.7922,0.7586,4.26
1002_1_0.16.jpg,"MSRCR (σ=[15,80,250])",6.2477,100.7376,34.0662,88.0588,135.7218,13.1469,0.5857,1705.22
1007_0.95_0.08.jpg,DCP (Dark Channel Prior),7.3732,73.4079,84.4487,21.0392,82.3406,14.3735,0.8378,72.2
1007_0.95_0.08.jpg,CLAHE (LAB),7.5585,56.1933,29.2103,46.9354,136.931,14.8168,0.6741,4.58
1007_0.95_0.08.jpg,"MSRCR (σ=[15,80,250])",6.4647,106.6729,44.7822,64.028,126.625,15.5881,0.5929,1027.91
1006_1_0.16.jpg,DCP (Dark Channel Prior),7.4441,54.8191,36.0824,75.2064,92.6076,14.2883,0.8078,67.79
1006_1_0.16.jpg,CLAHE (LAB),7.4862,48.9281,12.175,98.3996,156.3321,17.002,0.8221,15.28
1006_1_0.16.jpg,"MSRCR (σ=[15,80,250])",6.7035,95.7617,48.7697,180.8338,126.7194,13.4017,0.5126,1034.79
0406_1_0.2.jpg,DCP (Dark Channel Prior),7.4379,55.749,22.1115,43.471,108.6158,14.7824,0.8062,132.55
0406_1_0.2.jpg,CLAHE (LAB),6.975,46.8722,6.7427,47.6538,178.2737,16.2781,0.8788,86.73
0406_1_0.2.jpg,"MSRCR (σ=[15,80,250])",7.3224,79.6603,22.4805,86.6997,140.3491,14.6949,0.6317,3340.22
1005_0.8_0.12.jpg,DCP (Dark Channel Prior),7.0655,47.687,38.6843,40.1952,77.0062,14.37,0.8297,141.76
1005_0.8_0.12.jpg,CLAHE (LAB),7.5285,48.6813,13.2077,73.8301,145.4393,16.4551,0.8069,4.99
1005_0.8_0.12.jpg,"MSRCR (σ=[15,80,250])",7.1588,85.799,27.9652,141.241,137.7786,12.7134,0.4944,1996.07
1027_0.8_0.08.jpg,DCP (Dark Channel Prior),7.0761,69.3791,17.9993,62.3513,68.8414,21.8415,0.9277,87.42
1027_0.8_0.08.jpg,CLAHE (LAB),7.6882,59.6008,12.1271,107.0035,119.5478,14.1685,0.6641,86.6
1027_0.8_0.08.jpg,"MSRCR (σ=[15,80,250])",6.6258,91.4886,23.3903,138.0533,126.2984,11.6867,0.496,1022.97
1009_0.85_0.12.jpg,DCP (Dark Channel Prior),6.9214,75.1869,17.0588,60.5078,81.9663,18.6727,0.8813,97.41
1009_0.85_0.12.jpg,CLAHE (LAB),7.5103,63.0099,8.0953,102.0555,143.2122,14.106,0.7639,118.78
1009_0.85_0.12.jpg,"MSRCR (σ=[15,80,250])",6.3754,93.3763,27.559,149.1924,130.2048,13.0391,0.6099,1892.8
1016_0.9_0.16.jpg,DCP (Dark Channel Prior),7.4128,67.7492,25.0035,66.8845,79.9066,19.0791,0.8904,103.41
1016_0.9_0.16.jpg,CLAHE (LAB),7.6176,53.665,8.3288,95.0072,137.0361,13.607,0.7206,114.9
1016_0.9_0.16.jpg,"MSRCR (σ=[15,80,250])",6.2032,98.6859,21.076,144.0345,127.2317,14.0624,0.575,1812.09
1011_0.95_0.12.jpg,DCP (Dark Channel Prior),7.0794,63.3737,22.6459,59.9575,75.99,19.4446,0.895,107.15
1011_0.95_0.12.jpg,CLAHE (LAB),7.5682,58.1625,12.86,98.5343,140.7566,13.1171,0.705,114.41
1011_0.95_0.12.jpg,"MSRCR (σ=[15,80,250])",6.6331,88.6517,40.7397,143.2292,133.7946,12.2599,0.5762,1813.3
1012_0.95_0.08.jpg,DCP (Dark Channel Prior),7.1174,80.0992,18.3725,69.3315,93.673,20.6231,0.9028,104.87
1012_0.95_0.08.jpg,CLAHE (LAB),7.5582,66.4392,11.7174,112.1394,147.438,14.1167,0.7458,114.86
1012_0.95_0.08.jpg,"MSRCR (σ=[15,80,250])",6.5345,91.3401,33.8389,157.8271,133.9098,13.2926,0.6033,2265.91
1008_0.9_0.12.jpg,DCP (Dark Channel Prior),7.1477,59.3398,30.5997,40.9367,61.921,16.297,0.8768,97.06
1008_0.9_0.12.jpg,CLAHE (LAB),7.608,54.7195,10.2125,74.9902,125.6487,13.1107,0.6045,119.64
1008_0.9_0.12.jpg,"MSRCR (σ=[15,80,250])",6.1892,98.2778,21.9641,114.7689,120.617,12.9772,0.4864,2443.71
1018_0.85_0.12.jpg,DCP (Dark Channel Prior),7.4257,48.1081,55.5832,50.9142,86.3447,10.9695,0.7553,69.8
1018_0.85_0.12.jpg,CLAHE (LAB),7.5031,52.8435,14.0242,85.5418,160.497,17.607,0.8314,100.99
1018_0.85_0.12.jpg,"MSRCR (σ=[15,80,250])",7.0848,93.6761,41.0558,122.3861,142.6534,15.2078,0.6273,2706.62
1030_0.95_0.12.jpg,DCP (Dark Channel Prior),7.2599,49.1129,31.179,74.3465,76.3872,17.6747,0.8809,29.67
1030_0.95_0.12.jpg,CLAHE (LAB),7.5998,49.9902,16.0812,107.2878,134.6982,15.8013,0.7962,2.94
1030_0.95_0.12.jpg,"MSRCR (σ=[15,80,250])",7.0522,91.5321,43.4496,159.3136,125.6112,12.526,0.5378,1443.75
1015_0.8_0.12.jpg,DCP (Dark Channel Prior),6.9591,63.2152,20.1561,43.1498,74.4313,15.8621,0.7907,108.09
1015_0.8_0.12.jpg,CLAHE (LAB),7.3215,48.9435,6.0034,72.1485,143.2581,15.1509,0.7816,105.54
1015_0.8_0.12.jpg,"MSRCR (σ=[15,80,250])",6.6872,86.8249,21.4362,131.4923,125.5438,14.2254,0.5503,2688.71
1022_0.85_0.12.jpg,DCP (Dark Channel Prior),7.1126,48.193,53.7062,21.0106,67.0832,11.0854,0.725,98.85
1022_0.85_0.12.jpg,CLAHE (LAB),7.3502,45.0697,18.5705,40.8082,154.3061,16.4863,0.8033,119.03
1022_0.85_0.12.jpg,"MSRCR (σ=[15,80,250])",7.2199,92.319,25.8776,63.1252,141.6038,16.0137,0.6132,2763.54
1020_0.95_0.08.jpg,DCP (Dark Channel Prior),7.3491,54.8232,43.4946,35.4484,102.3728,11.3729,0.7037,103.59
1020_0.95_0.08.jpg,CLAHE (LAB),7.3404,47.9347,11.3411,53.1539,169.1266,20.6121,0.8241,116.55
1020_0.95_0.08.jpg,"MSRCR (σ=[15,80,250])",7.4019,82.2256,24.2455,84.019,144.7662,14.7318,0.5662,2779.49
1034_0.9_0.16.jpg,DCP (Dark Channel Prior),7.5075,63.5751,34.6701,36.5312,84.4451,12.8483,0.7856,68.26
1034_0.9_0.16.jpg,CLAHE (LAB),7.4841,54.7841,9.1299,50.7041,158.2133,14.7081,0.7883,4.36
1034_0.9_0.16.jpg,"MSRCR (σ=[15,80,250])",6.2759,101.7977,18.0219,78.6044,132.0064,16.7486,0.6387,1136.78
1040_1_0.2.jpg,DCP (Dark Channel Prior),7.6764,61.1715,90.0968,67.3299,100.8215,18.8595,0.895,80.28
1040_1_0.2.jpg,CLAHE (LAB),7.4998,49.1033,29.6469,82.3043,154.293,14.5573,0.8167,2.8
1040_1_0.2.jpg,"MSRCR (σ=[15,80,250])",6.9282,90.2902,53.6693,128.1168,129.4141,14.756,0.609,834.11
1010_0.85_0.08.jpg,DCP (Dark Channel Prior),7.6244,52.9088,93.6375,63.6804,99.5934,14.5849,0.8101,160.91
1010_0.85_0.08.jpg,CLAHE (LAB),7.5438,53.9733,39.9772,96.0922,148.5385,15.6359,0.7299,128.5
1010_0.85_0.08.jpg,"MSRCR (σ=[15,80,250])",7.0222,85.3411,46.2862,133.3024,141.2131,13.6147,0.629,3482.52
1037_0.8_0.12.jpg,DCP (Dark Channel Prior),7.1874,56.4356,30.0815,26.5078,73.9342,9.8684,0.6667,130.57
1037_0.8_0.12.jpg,CLAHE (LAB),7.4848,50.9432,7.7412,41.1231,155.5191,19.4543,0.862,5.28
1037_0.8_0.12.jpg,"MSRCR (σ=[15,80,250])",7.0327,87.2454,25.2722,77.71,135.9179,14.4086,0.536,1633.5
1038_1_0.16.jpg,DCP (Dark Channel Prior),7.2838,59.2308,23.4192,25.5739,79.3149,10.894,0.7061,146.83
1038_1_0.16.jpg,CLAHE (LAB),7.4252,51.7288,4.6576,37.0072,167.8923,16.4342,0.8426,3.63
1038_1_0.16.jpg,"MSRCR (σ=[15,80,250])",7.1871,89.3389,20.3899,83.5002,139.9216,13.3336,0.5084,2028.93
1060_0.85_0.16.jpg,DCP (Dark Channel Prior),7.4265,70.1588,36.4317,49.1341,87.7131,18.6724,0.8465,96.67
1060_0.85_0.16.jpg,CLAHE (LAB),7.3874,55.4131,12.0371,76.3476,141.039,15.0434,0.7685,78.17
1060_0.85_0.16.jpg,"MSRCR (σ=[15,80,250])",6.3815,97.661,27.6018,121.2789,124.5435,14.9884,0.6115,1224.11
1044_0.85_0.12.jpg,DCP (Dark Channel Prior),7.0551,62.1835,72.3652,15.2039,62.5352,13.2723,0.7929,97.94
1044_0.85_0.12.jpg,CLAHE (LAB),7.2322,50.0635,26.2899,28.2149,131.9999,13.902,0.6687,115.27
1044_0.85_0.12.jpg,"MSRCR (σ=[15,80,250])",6.7091,99.8969,45.04,46.5071,114.9594,15.9766,0.5554,1996.79
1051_1_0.12.jpg,DCP (Dark Channel Prior),7.5295,55.2297,83.2852,49.0013,80.0276,14.6922,0.8854,98.47
1051_1_0.12.jpg,CLAHE (LAB),7.7092,58.846,28.0512,91.5685,144.3215,14.1808,0.7171,117.6
1051_1_0.12.jpg,"MSRCR (σ=[15,80,250])",6.7493,98.8257,37.9588,124.7105,131.3601,14.5987,0.6593,2009.21
1050_0.8_0.08.jpg,DCP (Dark Channel Prior),7.157,68.358,47.0938,58.2101,66.9781,20.6026,0.9023,98.94
1050_0.8_0.08.jpg,CLAHE (LAB),7.6848,61.2525,22.2976,101.3903,118.377,14.341,0.6717,118.06
1050_0.8_0.08.jpg,"MSRCR (σ=[15,80,250])",6.8605,93.6468,33.283,138.8997,124.826,11.3258,0.5135,2027.52
1046_0.9_0.16.jpg,DCP (Dark Channel Prior),7.1415,58.3511,55.0686,45.5476,63.4447,19.1196,0.9089,106.22
1046_0.9_0.16.jpg,CLAHE (LAB),7.4994,52.0458,13.9366,75.0385,134.6154,11.5176,0.6202,99.46
1046_0.9_0.16.jpg,"MSRCR (σ=[15,80,250])",6.7234,93.0357,28.8047,125.5688,124.7193,11.4272,0.5275,2135.21
1042_0.95_0.08.jpg,DCP (Dark Channel Prior),7.6112,68.8105,70.7943,91.2828,90.061,21.1583,0.9228,93.49
1042_0.95_0.08.jpg,CLAHE (LAB),7.71,60.5466,28.6266,114.7201,124.6838,16.411,0.7707,95.95
1042_0.95_0.08.jpg,"MSRCR (σ=[15,80,250])",7.0094,99.8943,47.6658,157.0832,124.6876,13.4894,0.5999,2837.81
1057_0.95_0.16.jpg,DCP (Dark Channel Prior),7.7689,71.0473,54.2318,60.4689,115.7743,18.0693,0.8546,99.64
1057_0.95_0.16.jpg,CLAHE (LAB),7.4356,56.578,15.611,79.9555,163.8117,15.952,0.8433,103.1
1057_0.95_0.16.jpg,"MSRCR (σ=[15,80,250])",7.028,97.8275,42.3631,126.4885,135.9315,15.857,0.632,2752.2
1059_0.95_0.2.jpg,DCP (Dark Channel Prior),7.4317,50.2681,36.4174,82.2855,95.0351,20.2626,0.9412,101.35
1059_0.95_0.2.jpg,CLAHE (LAB),7.6389,53.3395,16.8261,104.8573,147.1385,15.4897,0.8353,111.67
1059_0.95_0.2.jpg,"MSRCR (σ=[15,80,250])",7.147,86.313,55.9541,162.5079,131.9665,14.1131,0.6001,2877.24
1048_0.9_0.2.jpg,DCP (Dark Channel Prior),7.1867,67.8005,47.3953,48.8217,79.0416,21.4221,0.9273,102.18
1048_0.9_0.2.jpg,CLAHE (LAB),7.4789,51.939,10.6987,75.0428,146.1871,11.2591,0.6615,107.97
1048_0.9_0.2.jpg,"MSRCR (σ=[15,80,250])",6.7581,93.117,26.3075,134.2106,121.8992,12.5674,0.5583,2939.26
1063_0.9_0.12.jpg,DCP (Dark Channel Prior),7.5661,63.3341,36.3575,106.7265,99.0956,21.3608,0.9335,38.45
1063_0.9_0.12.jpg,CLAHE (LAB),7.7262,59.4536,15.4716,138.108,137.1969,15.6574,0.8127,3.25
1063_0.9_0.12.jpg,"MSRCR (σ=[15,80,250])",6.696,93.6149,29.1145,200.7735,127.7376,14.3254,0.6799,1760.23
1053_0.95_0.16.jpg,DCP (Dark Channel Prior),7.3285,43.5378,104.5731,65.1377,103.1463,16.021,0.858,157.9
1053_0.95_0.16.jpg,CLAHE (LAB),7.2849,50.7689,33.9605,80.1252,151.2123,17.7621,0.8391,111.86
1053_0.95_0.16.jpg,"MSRCR (σ=[15,80,250])",6.7664,83.3527,37.5246,124.596,134.0069,14.2994,0.6382,4210.97
1712_0.8_0.08.jpg,DCP (Dark Channel Prior),7.4652,51.2074,105.2989,61.895,98.1061,15.8462,0.8283,123.44
1712_0.8_0.08.jpg,CLAHE (LAB),7.5552,49.0711,64.7247,82.822,132.6043,18.8466,0.8039,4.13
1712_0.8_0.08.jpg,"MSRCR (σ=[15,80,250])",7.215,76.8833,48.7076,99.8806,139.2751,15.9149,0.7221,2459.98
1055_0.95_0.2.jpg,DCP (Dark Channel Prior),7.2136,69.4767,29.675,100.2104,103.2711,26.2601,0.9688,190.02
1055_0.95_0.2.jpg,CLAHE (LAB),7.6213,68.6984,20.2934,154.39,137.8776,14.6994,0.7697,124.55
1055_0.95_0.2.jpg,"MSRCR (σ=[15,80,250])",7.0013,94.6856,36.5638,249.9397,126.9844,11.7036,0.5626,5140.85
1709_0.95_0.08.jpg,DCP (Dark Channel Prior),7.4786,52.6878,105.0557,73.8526,89.8055,16.8853,0.8508,127.14
1709_0.95_0.08.jpg,CLAHE (LAB),7.7021,56.4485,60.3323,104.5321,121.9749,18.1643,0.7086,6.05
1709_0.95_0.08.jpg,"MSRCR (σ=[15,80,250])",6.7292,82.2651,60.5549,117.4068,139.4003,15.6108,0.7224,3045.35
1713_1_0.08.jpg,DCP (Dark Channel Prior),7.7611,57.7345,75.0907,74.2319,108.6825,15.1489,0.8765,127.38
1713_1_0.08.jpg,CLAHE (LAB),7.8175,59.3674,31.9216,103.6462,143.3156,16.9665,0.8015,3.95
1713_1_0.08.jpg,"MSRCR (σ=[15,80,250])",7.0496,86.5535,31.7532,120.0171,140.4831,16.3407,0.7523,3041.59
1714_1_0.2.jpg,DCP (Dark Channel Prior),7.3093,54.522,85.2411,51.4992,77.5596,19.3235,0.8344,156.13
1714_1_0.2.jpg,CLAHE (LAB),7.5348,47.032,38.7501,73.1242,138.0446,12.1438,0.6542,3.79
1714_1_0.2.jpg,"MSRCR (σ=[15,80,250])",7.3897,82.0629,63.7886,114.1686,127.358,12.0474,0.5338,3564.02
1734_1_0.08.jpg,DCP (Dark Channel Prior),7.7297,56.8546,119.524,77.7086,109.8379,18.4798,0.89,90.82
1734_1_0.08.jpg,CLAHE (LAB),7.5497,54.5797,56.9628,96.8564,146.9104,17.8154,0.848,106.06
1734_1_0.08.jpg,"MSRCR (σ=[15,80,250])",7.2101,84.536,51.1588,119.2632,139.3839,15.9948,0.7794,1697.54
1730_0.85_0.08.jpg,DCP (Dark Channel Prior),7.817,68.5918,52.0905,103.4299,110.1444,18.5499,0.9131,66.79
1730_0.85_0.08.jpg,CLAHE (LAB),7.7943,71.9464,25.9081,132.8594,141.471,17.6998,0.8163,75.16
1730_0.85_0.08.jpg,"MSRCR (σ=[15,80,250])",6.7965,99.3748,31.6651,164.0877,132.1721,15.6212,0.7057,1951.37
1731_0.85_0.2.jpg,DCP (Dark Channel Prior),7.3246,67.4938,23.0466,76.0545,88.1841,20.67,0.9188,117.38
1731_0.85_0.2.jpg,CLAHE (LAB),7.6075,60.9585,13.6808,115.9169,136.8384,13.8001,0.7088,118.29
1731_0.85_0.2.jpg,"MSRCR (σ=[15,80,250])",6.497,95.256,29.7516,161.2141,127.8999,14.4489,0.651,1933.37
1724_0.95_0.2.jpg,DCP (Dark Channel Prior),7.6623,62.3904,74.8911,91.4602,96.7192,20.5084,0.9352,181.31
1724_0.95_0.2.jpg,CLAHE (LAB),7.7415,58.9162,28.9346,119.2825,137.1964,15.3291,0.7971,116.46
1724_0.95_0.2.jpg,"MSRCR (σ=[15,80,250])",7.0731,91.3833,45.5096,179.8775,124.0997,14.5349,0.6547,3836.5
1716_0.95_0.12.jpg,DCP (Dark Channel Prior),7.5885,68.7461,93.1641,43.0797,85.9961,15.5404,0.8055,174.98
1716_0.95_0.12.jpg,CLAHE (LAB),7.6871,62.6614,34.9288,61.4331,139.3089,15.2826,0.6844,119.01
1716_0.95_0.12.jpg,"MSRCR (σ=[15,80,250])",7.0084,93.8554,36.0354,87.1694,133.1468,13.8519,0.6429,4195.04
1722_0.95_0.16.jpg,DCP (Dark Channel Prior),7.0715,76.2269,48.6065,41.5131,81.3361,18.8658,0.9124,172.36
1722_0.95_0.16.jpg,CLAHE (LAB),7.5314,67.1575,12.4314,83.9677,139.3287,12.6063,0.6113,99.14
1722_0.95_0.16.jpg,"MSRCR (σ=[15,80,250])",6.7392,98.8829,31.5692,159.7486,127.7329,10.869,0.4631,5286.86
1741_0.85_0.16.jpg,DCP (Dark Channel Prior),7.4021,53.0287,48.9525,84.1897,71.8509,17.9786,0.8853,76.34
1741_0.85_0.16.jpg,CLAHE (LAB),7.7276,55.4759,31.3798,109.9928,125.1081,14.2535,0.7068,5.05
1741_0.85_0.16.jpg,"MSRCR (σ=[15,80,250])",7.1417,86.6032,53.0833,147.7148,130.385,12.2637,0.5876,4026.03
1732_0.95_0.2.jpg,DCP (Dark Channel Prior),6.4997,65.9171,12.176,65.4557,63.7866,21.7391,0.8778,167.89
1732_0.95_0.2.jpg,CLAHE (LAB),7.2408,47.1975,6.0951,76.1114,139.5926,10.8859,0.6662,95.13
1732_0.95_0.2.jpg,"MSRCR (σ=[15,80,250])",6.7573,85.3169,21.9759,135.6481,117.8972,10.5832,0.4533,6063.82
1728_0.9_0.12.jpg,DCP (Dark Channel Prior),7.7496,64.8668,60.8651,82.9762,101.8621,18.0263,0.9088,162.92
1728_0.9_0.12.jpg,CLAHE (LAB),7.7699,66.4386,25.7583,106.5945,140.9907,17.2614,0.8381,107.25
1728_0.9_0.12.jpg,"MSRCR (σ=[15,80,250])",6.7238,98.5845,38.0887,155.8534,137.1707,15.1349,0.6949,6757.67
1744_0.85_0.08.jpg,DCP (Dark Channel Prior),7.2221,50.0875,22.9164,70.4438,67.5197,15.1257,0.8827,70.53
1744_0.85_0.08.jpg,CLAHE (LAB),7.8341,62.0778,17.2609,146.1975,124.1173,14.0341,0.6283,3.55
1744_0.85_0.08.jpg,"MSRCR (σ=[15,80,250])",6.5739,97.1845,33.7591,205.2992,130.6575,11.8557,0.5508,1928.57
1738_1_0.2.jpg,DCP (Dark Channel Prior),7.3826,54.805,29.5894,116.7691,87.1684,22.642,0.9405,94.52
1738_1_0.2.jpg,CLAHE (LAB),7.772,56.4297,17.4481,148.4715,129.8823,14.4198,0.7901,5.96
1738_1_0.2.jpg,"MSRCR (σ=[15,80,250])",7.1661,83.8174,35.1493,211.5956,125.8256,12.6284,0.6337,4948.58
1736_0.8_0.08.jpg,DCP (Dark Channel Prior),7.7725,67.2974,29.5725,119.7167,97.6761,21.8201,0.9627,181.21
1736_0.8_0.08.jpg,CLAHE (LAB),7.8897,68.3929,20.3911,159.2703,127.8341,17.3423,0.8138,124.83
1736_0.8_0.08.jpg,"MSRCR (σ=[15,80,250])",6.667,98.6019,32.2995,211.1565,130.7976,14.9968,0.7159,6809.85
1718_0.9_0.2.jpg,DCP (Dark Channel Prior),7.204,42.7476,99.5497,55.0719,98.1224,13.0206,0.7838,226.43
1718_0.9_0.2.jpg,CLAHE (LAB),7.378,44.593,38.3642,69.863,158.1032,18.0638,0.8285,124.49
1718_0.9_0.2.jpg,"MSRCR (σ=[15,80,250])",7.3627,75.8738,50.1587,108.7849,139.1468,15.4555,0.6107,6713.15
1742_0.85_0.12.jpg,DCP (Dark Channel Prior),7.4682,59.948,24.7357,136.0025,85.2796,17.7873,0.9187,104.45
1742_0.85_0.12.jpg,CLAHE (LAB),7.8307,61.5221,16.9627,167.6783,124.4976,15.7143,0.7779,5.37
1742_0.85_0.12.jpg,"MSRCR (σ=[15,80,250])",7.038,89.971,37.832,220.8073,125.6127,14.6201,0.6868,4986.55
1726_0.85_0.12.jpg,DCP (Dark Channel Prior),7.3647,45.9937,116.9874,63.9313,93.3639,18.0156,0.8723,180.38
1726_0.85_0.12.jpg,CLAHE (LAB),7.6026,51.9358,69.1621,86.2451,130.0532,20.1351,0.8463,106.48
1726_0.85_0.12.jpg,"MSRCR (σ=[15,80,250])",7.2319,79.4084,42.9627,119.4266,135.5478,14.0107,0.6498,7317.68
1743_0.85_0.08.jpg,DCP (Dark Channel Prior),7.6315,64.7329,26.7741,33.9963,87.9975,10.5113,0.671,124.52
1743_0.85_0.08.jpg,CLAHE (LAB),7.6454,70.4024,7.3237,44.017,154.3755,17.9822,0.7532,5.61
1743_0.85_0.08.jpg,"MSRCR (σ=[15,80,250])",6.8243,86.4285,15.6606,63.0425,144.0409,13.7414,0.7119,2884.09
1747_0.8_0.16.jpg,DCP (Dark Channel Prior),7.4901,61.8215,21.9435,48.6748,94.5132,13.4427,0.8344,70.59
1747_0.8_0.16.jpg,CLAHE (LAB),7.3233,60.0312,7.2794,73.7745,158.4219,14.0618,0.7827,100.37
1747_0.8_0.16.jpg,"MSRCR (σ=[15,80,250])",6.8348,96.4088,18.7403,102.3656,138.3279,16.7527,0.7199,1314.63
1757_0.85_0.16.jpg,DCP (Dark Channel Prior),7.0139,78.2258,25.1491,59.3598,114.6864,16.9232,0.9025,106.4
1757_0.85_0.16.jpg,CLAHE (LAB),7.2048,67.5629,14.691,96.7624,159.5894,15.9068,0.7909,113.52
1757_0.85_0.16.jpg,"MSRCR (σ=[15,80,250])",6.6394,99.2468,48.3867,135.0893,139.9844,16.2039,0.6823,1707.28
1756_0.9_0.12.jpg,DCP (Dark Channel Prior),7.2163,68.2785,19.7081,57.6558,84.4565,17.1246,0.8784,100.91
1756_0.9_0.12.jpg,CLAHE (LAB),7.642,61.3291,11.1857,100.3415,140.0863,14.8147,0.7395,122.77
1756_0.9_0.12.jpg,"MSRCR (σ=[15,80,250])",6.5327,92.1599,29.9266,146.3501,131.0283,14.3631,0.6057,1946.2
1753_0.9_0.08.jpg,DCP (Dark Channel Prior),7.377,68.0008,18.8954,49.4372,86.6417,16.5682,0.8449,106.54
1753_0.9_0.08.jpg,CLAHE (LAB),7.6468,61.6643,7.7408,85.8968,146.9408,15.1545,0.78,103.26
1753_0.9_0.08.jpg,"MSRCR (σ=[15,80,250])",6.0937,91.522,19.5079,123.5258,135.0142,15.0222,0.6418,2261.36
1778_0.9_0.08.jpg,DCP (Dark Channel Prior),7.6389,56.8589,30.9865,75.9811,96.8301,14.3314,0.8548,89.36
1778_0.9_0.08.jpg,CLAHE (LAB),7.7622,67.1004,17.0437,117.5609,147.1446,17.3427,0.8149,112.62
1778_0.9_0.08.jpg,"MSRCR (σ=[15,80,250])",7.0649,94.0228,31.0595,151.0466,138.9969,15.1085,0.6562,2363.15
1771_1_0.08.jpg,DCP (Dark Channel Prior),7.79,60.1601,50.0189,76.5685,118.5404,16.7848,0.845,99.61
1771_1_0.08.jpg,CLAHE (LAB),7.6895,55.1612,25.9535,95.2278,156.1367,17.9351,0.8193,99.93
1771_1_0.08.jpg,"MSRCR (σ=[15,80,250])",7.4155,84.6194,45.0241,126.0321,139.5781,15.2491,0.6545,2477.49
1784_0.8_0.08.jpg,DCP (Dark Channel Prior),7.5913,62.3748,29.5139,52.1137,102.969,15.0482,0.8368,30.42
1784_0.8_0.08.jpg,CLAHE (LAB),7.4202,64.6016,13.3769,78.9975,151.6145,18.4662,0.8244,2.75
1784_0.8_0.08.jpg,"MSRCR (σ=[15,80,250])",6.7361,93.6297,22.621,107.8344,143.0405,15.7747,0.6609,1569.25
1781_0.8_0.2.jpg,DCP (Dark Channel Prior),7.3593,68.0485,14.3564,44.9684,97.0232,15.171,0.8753,48.88
1781_0.8_0.2.jpg,CLAHE (LAB),7.4325,59.4632,6.057,72.8168,159.1525,14.7813,0.8271,3.23
1781_0.8_0.2.jpg,"MSRCR (σ=[15,80,250])",6.7066,96.679,21.7795,113.7127,140.7356,14.6492,0.6478,2449.91
1774_0.95_0.2.jpg,DCP (Dark Channel Prior),7.3468,56.7857,39.3386,89.2888,78.1823,18.9754,0.8903,149.86
1774_0.95_0.2.jpg,CLAHE (LAB),7.6431,51.942,20.8704,112.8946,134.855,14.0966,0.7941,120.82
1774_0.95_0.2.jpg,"MSRCR (σ=[15,80,250])",7.0672,81.8485,40.5068,170.3289,124.1639,13.6449,0.6056,4411.74
1765_0.85_0.12.jpg,DCP (Dark Channel Prior),7.548,56.7183,101.1086,78.8911,104.8675,19.3577,0.8658,152.32
1765_0.85_0.12.jpg,CLAHE (LAB),7.4055,50.945,57.6505,93.2726,131.8034,19.7058,0.8582,107.64
1765_0.85_0.12.jpg,"MSRCR (σ=[15,80,250])",7.236,78.1119,52.3714,126.8554,136.3128,16.0886,0.707,4696.75
1760_1_0.16.jpg,DCP (Dark Channel Prior),7.4712,83.4125,46.7863,31.107,108.7595,14.2113,0.7338,160.91
1760_1_0.16.jpg,CLAHE (LAB),7.4431,63.9658,7.9806,41.9652,173.4207,15.2068,0.8048,111.75
1760_1_0.16.jpg,"MSRCR (σ=[15,80,250])",7.1971,89.4758,22.1807,67.0687,141.0662,14.417,0.631,4491.97
1759_0.8_0.12.jpg,DCP (Dark Channel Prior),7.5281,73.8522,32.0132,45.7691,88.6447,15.2471,0.8267,161.19
1759_0.8_0.12.jpg,CLAHE (LAB),7.6011,69.743,17.0685,71.7733,144.7894,14.581,0.7285,114.39
1759_0.8_0.12.jpg,"MSRCR (σ=[15,80,250])",7.1,87.5842,32.7989,96.4275,139.9195,12.4907,0.614,4680.47
1749_0.8_0.2.jpg,DCP (Dark Channel Prior),6.9801,67.501,14.0719,52.1784,72.0162,18.3481,0.8515,166.51
1749_0.8_0.2.jpg,CLAHE (LAB),7.2715,56.2149,7.9478,74.419,135.9542,13.7223,0.6985,101.39
1749_0.8_0.2.jpg,"MSRCR (σ=[15,80,250])",6.4506,95.9224,19.1222,135.5106,123.2643,13.0748,0.5702,4896.37
1805_0.85_0.12.jpg,DCP (Dark Channel Prior),7.0394,39.5995,89.2628,40.0754,74.5654,15.9779,0.7978,115.15
1805_0.85_0.12.jpg,CLAHE (LAB),7.0799,37.0476,57.9842,58.7333,132.223,18.5997,0.8399,3.99
1805_0.85_0.12.jpg,"MSRCR (σ=[15,80,250])",7.4639,70.4898,56.9494,95.5649,131.5834,15.4789,0.6234,2642.46
1800_1_0.16.jpg,DCP (Dark Channel Prior),7.4678,61.8098,29.6819,69.3082,97.2482,13.4768,0.8216,112.18
1800_1_0.16.jpg,CLAHE (LAB),7.6972,56.3439,14.3566,86.7648,156.1632,18.1876,0.8394,4.5
1800_1_0.16.jpg,"MSRCR (σ=[15,80,250])",7.0533,81.9282,37.8027,114.0228,138.921,16.3488,0.6677,3096.28
1790_1_0.16.jpg,DCP (Dark Channel Prior),7.4813,63.9015,62.0062,58.2244,83.0577,17.5884,0.8121,109.59
1790_1_0.16.jpg,CLAHE (LAB),7.6642,56.2841,25.5109,82.3453,132.2928,12.6492,0.6319,6.15
1790_1_0.16.jpg,"MSRCR (σ=[15,80,250])",7.0637,89.9735,43.2325,127.9876,130.8462,12.1033,0.5411,3679.16
1815_1_0.2.jpg,DCP (Dark Channel Prior),7.7272,60.3851,78.1899,69.2827,121.4565,19.0604,0.8654,67.42
1815_1_0.2.jpg,CLAHE (LAB),7.5492,61.0725,27.7901,102.3991,164.5375,13.5526,0.7414,100.63
1815_1_0.2.jpg,"MSRCR (σ=[15,80,250])",7.3085,90.3804,46.7936,139.1811,139.2488,15.5815,0.6992,1245.46
1826_0.9_0.08.jpg,DCP (Dark Channel Prior),7.6278,51.8969,73.8135,98.6335,115.763,19.9952,0.9332,84.43
1826_0.9_0.08.jpg,CLAHE (LAB),7.8887,66.0106,44.7994,157.613,134.174,18.7634,0.8186,81.95
1826_0.9_0.08.jpg,"MSRCR (σ=[15,80,250])",7.1638,84.6444,40.2405,179.2371,144.9356,14.4752,0.7631,1536.1
1828_0.85_0.08.jpg,DCP (Dark Channel Prior),7.6273,49.7625,68.3726,78.6143,115.8843,12.6386,0.8116,92.16
1828_0.85_0.08.jpg,CLAHE (LAB),7.669,57.8197,28.5196,98.0341,157.3784,17.8642,0.8451,120.25
1828_0.85_0.08.jpg,"MSRCR (σ=[15,80,250])",6.9083,75.255,30.061,111.1073,144.4862,16.2097,0.8079,1733.95
1812_1_0.16.jpg,DCP (Dark Channel Prior),7.0083,49.0145,46.1804,79.7899,74.0402,17.4569,0.858,102.3
1812_1_0.16.jpg,CLAHE (LAB),7.5539,49.005,26.1966,96.1072,137.9109,12.4736,0.689,98.23
1812_1_0.16.jpg,"MSRCR (σ=[15,80,250])",7.4781,77.07,57.6968,142.6091,127.3327,12.0976,0.5897,1983.33
1824_0.95_0.08.jpg,DCP (Dark Channel Prior),7.0923,60.4763,35.3036,41.5273,61.8384,14.4074,0.8065,63.15
1824_0.95_0.08.jpg,CLAHE (LAB),7.5651,54.6594,12.9441,58.7738,114.7824,14.8922,0.5929,84.71
1824_0.95_0.08.jpg,"MSRCR (σ=[15,80,250])",6.3581,103.8109,18.9653,61.5065,132.0522,12.9966,0.5564,2166.09
1831_0.8_0.16.jpg,DCP (Dark Channel Prior),7.4542,53.3071,15.5285,78.2405,79.1388,13.7257,0.8408,94.74
1831_0.8_0.16.jpg,CLAHE (LAB),7.6061,60.9935,8.5614,117.663,140.573,15.3222,0.7421,124.02
1831_0.8_0.16.jpg,"MSRCR (σ=[15,80,250])",6.5563,96.7913,12.3906,161.3375,139.7554,14.8366,0.7641,2203.36
1821_0.8_0.08.jpg,DCP (Dark Channel Prior),7.4008,46.4155,58.8115,50.2899,88.4974,11.7987,0.7905,101.47
1821_0.8_0.08.jpg,CLAHE (LAB),7.5951,51.8581,23.3981,84.6299,145.7141,17.0119,0.7941,123.63
1821_0.8_0.08.jpg,"MSRCR (σ=[15,80,250])",7.0768,88.5882,35.9365,109.0117,142.3504,16.8328,0.685,2359.11
1822_1_0.08.jpg,DCP (Dark Channel Prior),7.4806,70.2339,60.8339,52.9661,100.7498,15.4004,0.8114,102.88
1822_1_0.08.jpg,CLAHE (LAB),7.6261,59.6986,19.3358,92.5518,157.0687,14.962,0.7375,124.75
1822_1_0.08.jpg,"MSRCR (σ=[15,80,250])",7.0133,87.2342,30.61,111.0214,143.3664,16.5443,0.6811,2509.29
1832_0.95_0.08.jpg,DCP (Dark Channel Prior),7.207,58.1616,40.6018,46.4184,67.5792,15.1856,0.8696,93.77
1832_0.95_0.08.jpg,CLAHE (LAB),7.7368,64.1689,16.9889,109.9672,134.1301,13.4605,0.5959,104.39
1832_0.95_0.08.jpg,"MSRCR (σ=[15,80,250])",6.0997,97.7656,39.7421,158.1638,131.8131,12.6958,0.5461,2700.57
1837_0.9_0.08.jpg,DCP (Dark Channel Prior),7.3669,62.629,44.0407,29.6693,70.558,12.2548,0.8264,100.32
1837_0.9_0.08.jpg,CLAHE (LAB),7.5939,62.5606,8.9967,64.1105,141.5781,14.0379,0.6688,2.62
1837_0.9_0.08.jpg,"MSRCR (σ=[15,80,250])",5.9965,105.9203,13.6764,91.8381,132.1605,14.0929,0.5977,1689.14
1839_0.8_0.12.jpg,DCP (Dark Channel Prior),7.5755,53.127,52.7637,82.851,100.3612,22.3459,0.9319,58.1
1839_0.8_0.12.jpg,CLAHE (LAB),7.759,56.6333,33.7867,123.2312,133.6254,16.8962,0.7898,3.27
1839_0.8_0.12.jpg,"MSRCR (σ=[15,80,250])",7.3304,90.2441,66.1811,160.3385,133.9012,14.7968,0.6589,1492.87
1843_0.8_0.12.jpg,DCP (Dark Channel Prior),7.4786,65.1217,58.503,78.3986,86.1957,22.5534,0.9196,47.96
1843_0.8_0.12.jpg,CLAHE (LAB),7.7596,60.2947,40.0374,111.6577,118.7494,15.1929,0.6667,4.9
1843_0.8_0.12.jpg,"MSRCR (σ=[15,80,250])",7.015,96.0621,57.497,135.8615,123.4406,13.273,0.5914,1410.68
1834_1_0.08.jpg,DCP (Dark Channel Prior),7.505,51.8206,66.0885,42.0269,98.7045,10.0289,0.7217,134.61
1834_1_0.08.jpg,CLAHE (LAB),7.451,62.983,30.6112,57.8002,168.4568,19.5037,0.8073,120.57
1834_1_0.08.jpg,"MSRCR (σ=[15,80,250])",6.9647,74.8191,35.3356,72.738,147.4206,13.3801,0.7143,3246.33
1840_0.85_0.08.jpg,DCP (Dark Channel Prior),7.4153,51.9943,67.243,89.0966,89.7558,16.0416,0.8925,77.15
1840_0.85_0.08.jpg,CLAHE (LAB),7.6734,56.9311,22.4902,126.9315,138.5442,17.1323,0.8019,4.93
1840_0.85_0.08.jpg,"MSRCR (σ=[15,80,250])",6.8649,89.374,31.3429,168.5167,136.9602,14.4381,0.6571,1709.38
1818_0.85_0.12.jpg,DCP (Dark Channel Prior),7.4497,48.2721,95.4491,65.0783,81.4991,17.4177,0.8985,163.86
1818_0.85_0.12.jpg,CLAHE (LAB),7.7828,58.9685,52.8249,104.3165,126.7135,16.8808,0.7708,120.14
1818_0.85_0.12.jpg,"MSRCR (σ=[15,80,250])",7.0791,92.9582,72.231,130.4594,132.5586,14.1837,0.6089,3849.49
1845_0.9_0.08.jpg,DCP (Dark Channel Prior),7.529,53.8354,70.1214,63.272,87.7698,15.5468,0.8801,102.59
1845_0.9_0.08.jpg,CLAHE (LAB),7.7645,59.9587,35.6048,98.0311,140.7594,17.7115,0.7764,3.43
1845_0.9_0.08.jpg,"MSRCR (σ=[15,80,250])",7.0236,83.9493,49.0094,120.1329,140.2181,14.6685,0.6782,2135.87
1857_0.8_0.12.jpg,DCP (Dark Channel Prior),6.8345,80.8409,14.3897,51.8133,87.8391,16.6229,0.8067,96.54
1857_0.8_0.12.jpg,CLAHE (LAB),7.2795,59.6551,7.937,70.7658,146.0036,15.0184,0.7393,122.91
1857_0.8_0.12.jpg,"MSRCR (σ=[15,80,250])",5.7187,93.6617,16.6689,97.6745,130.5313,16.3979,0.6455,1614.17
1846_0.9_0.08.jpg,DCP (Dark Channel Prior),6.927,66.2827,17.6847,59.9905,65.5904,18.4583,0.8588,67.41
1846_0.9_0.08.jpg,CLAHE (LAB),7.5399,58.5106,11.9729,95.0775,123.2657,14.493,0.6921,79.13
1846_0.9_0.08.jpg,"MSRCR (σ=[15,80,250])",6.6492,92.1643,33.6692,124.4196,125.5152,12.1952,0.5304,2321.56
1849_1_0.12.jpg,DCP (Dark Channel Prior),7.3275,54.3493,27.4055,72.1485,74.2482,17.234,0.9071,106.06
1849_1_0.12.jpg,CLAHE (LAB),7.7733,60.0427,12.7837,126.9149,136.4242,13.8324,0.6985,126.28
1849_1_0.12.jpg,"MSRCR (σ=[15,80,250])",6.6393,93.4444,31.6216,188.1949,129.5222,12.7564,0.5719,1970.95
1852_0.85_0.08.jpg,DCP (Dark Channel Prior),7.2389,53.6863,56.032,35.1712,61.5342,13.7552,0.8334,106.28
1852_0.85_0.08.jpg,CLAHE (LAB),7.6727,57.9708,19.842,67.9812,124.9586,14.1859,0.5896,108.48
1852_0.85_0.08.jpg,"MSRCR (σ=[15,80,250])",6.5327,101.8037,21.6222,88.8908,128.1428,14.4649,0.5991,2023.45
1851_0.85_0.08.jpg,DCP (Dark Channel Prior),7.2077,68.1501,43.1524,72.6901,76.2994,24.2097,0.9448,96.17
1851_0.85_0.08.jpg,CLAHE (LAB),7.7285,66.775,31.2351,117.2279,127.4767,13.9509,0.7067,121.17
1851_0.85_0.08.jpg,"MSRCR (σ=[15,80,250])",6.7884,95.1147,61.1024,164.1349,125.6881,11.5504,0.5613,2050.7
1848_0.8_0.12.jpg,DCP (Dark Channel Prior),7.1508,48.1293,25.4868,61.9869,73.8945,16.923,0.8824,105.95
1848_0.8_0.12.jpg,CLAHE (LAB),7.6545,52.8209,15.5702,102.7033,134.5617,15.3186,0.7677,121.52
1848_0.8_0.12.jpg,"MSRCR (σ=[15,80,250])",6.8903,85.7875,30.5796,154.5589,130.9469,13.0715,0.5797,2674.29
1855_0.9_0.08.jpg,DCP (Dark Channel Prior),7.7336,65.8272,25.547,55.1299,111.0907,12.871,0.7287,150.03
1855_0.9_0.08.jpg,CLAHE (LAB),7.3287,62.8944,7.3532,68.2617,170.6512,19.4631,0.8226,120.03
1855_0.9_0.08.jpg,"MSRCR (σ=[15,80,250])",6.8906,77.8558,10.5524,90.9527,146.1868,15.3987,0.7309,3636.56
1868_1_0.08.jpg,DCP (Dark Channel Prior),6.6337,92.2901,19.6611,46.9946,108.0367,21.6989,0.9259,66.35
1868_1_0.08.jpg,CLAHE (LAB),7.2702,78.0455,13.5611,101.0034,151.3502,14.0418,0.6757,4.93
1868_1_0.08.jpg,"MSRCR (σ=[15,80,250])",6.0113,103.5196,38.4921,137.0316,135.8272,14.4274,0.6521,1712.45
1859_0.85_0.16.jpg,DCP (Dark Channel Prior),7.3456,58.3462,70.5769,53.3041,128.2277,14.3326,0.7609,138.26
1859_0.85_0.16.jpg,CLAHE (LAB),6.9485,46.3116,20.1364,59.6197,173.8806,22.0525,0.878,118.37
1859_0.85_0.16.jpg,"MSRCR (σ=[15,80,250])",7.5024,67.5689,35.3156,104.1397,139.4466,14.4748,0.618,3776.77
1865_0.85_0.08.jpg,DCP (Dark Channel Prior),7.1673,47.5809,24.5244,76.1189,71.5588,13.9458,0.8308,70.94
1865_0.85_0.08.jpg,CLAHE (LAB),7.7049,54.4038,15.3332,116.8874,129.1075,18.0158,0.7994,3.43
1865_0.85_0.08.jpg,"MSRCR (σ=[15,80,250])",6.7173,87.7595,37.0442,153.8061,130.8042,14.31,0.573,1905.7
1867_0.8_0.2.jpg,DCP (Dark Channel Prior),7.6383,62.961,44.7827,93.517,102.6095,16.4197,0.9109,77.16
1867_0.8_0.2.jpg,CLAHE (LAB),7.6986,57.3093,22.3551,116.0992,142.4784,16.0302,0.82,3.09
1867_0.8_0.2.jpg,"MSRCR (σ=[15,80,250])",6.803,96.1403,55.1966,161.428,125.0788,16.3712,0.7033,1858.07
1861_0.85_0.2.jpg,DCP (Dark Channel Prior),7.482,69.2218,41.2061,34.5914,89.9107,13.5469,0.8003,124.64
1861_0.85_0.2.jpg,CLAHE (LAB),7.5642,61.8891,21.0244,51.4786,153.7181,14.8002,0.7491,104.36
1861_0.85_0.2.jpg,"MSRCR (σ=[15,80,250])",7.0473,93.2907,39.4052,87.1584,137.8042,12.7754,0.5965,4384.96
1853_0.85_0.08.jpg,DCP (Dark Channel Prior),7.5745,56.3525,56.5245,59.6027,95.0112,12.2855,0.8071,159.79
1853_0.85_0.08.jpg,CLAHE (LAB),7.6813,53.4592,25.3657,83.0579,148.6209,20.0262,0.8374,76.21
1853_0.85_0.08.jpg,"MSRCR (σ=[15,80,250])",7.1335,75.5644,21.667,106.3312,144.8485,17.7208,0.7973,4755.58
1858_0.95_0.08.jpg,DCP (Dark Channel Prior),7.6176,75.7618,40.5147,82.5231,107.3257,18.1987,0.8692,141.12
1858_0.95_0.08.jpg,CLAHE (LAB),7.6635,71.1719,17.3335,111.6921,147.6856,15.8485,0.7532,98.22
1858_0.95_0.08.jpg,"MSRCR (σ=[15,80,250])",6.9101,95.8327,28.5706,155.8441,136.5353,12.8461,0.639,5135.61
1863_1_0.08.jpg,DCP (Dark Channel Prior),7.3815,67.4585,40.2919,51.104,82.6389,13.7599,0.7749,116.53
1863_1_0.08.jpg,CLAHE (LAB),7.7739,62.1216,25.9531,74.582,143.5992,15.9932,0.7042,6.98
1863_1_0.08.jpg,"MSRCR (σ=[15,80,250])",6.8969,89.6097,49.6678,86.9229,138.39,15.0746,0.6273,2879.53
1862_0.8_0.12.jpg,DCP (Dark Channel Prior),6.9398,60.2349,30.2884,51.1892,66.9309,17.4182,0.8575,74.91
1862_0.8_0.12.jpg,CLAHE (LAB),7.6469,58.7842,17.0798,87.8544,124.806,15.5812,0.7073,6.31
1862_0.8_0.12.jpg,"MSRCR (σ=[15,80,250])",7.1577,86.0559,38.0362,125.3957,137.8435,11.514,0.5528,3627.62
1877_0.9_0.12.jpg,DCP (Dark Channel Prior),7.2691,80.3108,50.9061,44.6407,114.5914,18.4485,0.8233,95.65
1877_0.9_0.12.jpg,CLAHE (LAB),7.3225,66.6852,18.2025,67.0418,162.7575,14.2943,0.7219,119.29
1877_0.9_0.12.jpg,"MSRCR (σ=[15,80,250])",6.6328,96.6214,27.0101,83.1238,138.3286,16.1625,0.6863,950.02
1879_0.9_0.08.jpg,DCP (Dark Channel Prior),7.6688,69.4474,45.008,63.0789,104.0547,17.1586,0.8481,63.04
1879_0.9_0.08.jpg,CLAHE (LAB),7.6975,69.8495,18.1496,103.1733,147.326,16.2406,0.7244,73.77
1879_0.9_0.08.jpg,"MSRCR (σ=[15,80,250])",6.6287,95.1693,21.1061,126.3657,140.1509,14.6754,0.6774,1441.35
1878_0.9_0.12.jpg,DCP (Dark Channel Prior),7.4941,55.1838,32.2419,30.1066,85.6576,10.9754,0.7334,101.37
1878_0.9_0.12.jpg,CLAHE (LAB),7.4584,55.5579,9.5225,45.4378,161.4931,16.4249,0.7989,118.13
1878_0.9_0.12.jpg,"MSRCR (σ=[15,80,250])",6.5323,98.867,20.615,62.4659,142.0443,17.136,0.6363,1858.05
1872_0.95_0.08.jpg,DCP (Dark Channel Prior),7.3412,50.1447,43.616,36.7635,77.9782,11.6645,0.7865,97.58
1872_0.95_0.08.jpg,CLAHE (LAB),7.6372,53.5972,16.776,63.255,144.8668,15.1226,0.7177,115.25
1872_0.95_0.08.jpg,"MSRCR (σ=[15,80,250])",6.681,88.1916,28.8126,70.6228,145.5802,16.3118,0.6951,1922.45
1873_0.85_0.16.jpg,DCP (Dark Channel Prior),7.4331,46.1269,38.2784,66.9888,87.4141,12.3493,0.8256,98.4
1873_0.85_0.16.jpg,CLAHE (LAB),7.6951,62.03,18.0946,120.1702,150.9568,15.087,0.7977,115.0
1873_0.85_0.16.jpg,"MSRCR (σ=[15,80,250])",7.1709,88.7287,51.582,158.8615,142.3488,14.8263,0.7288,1838.81
1871_0.95_0.08.jpg,DCP (Dark Channel Prior),7.7249,65.287,32.4817,128.3308,96.3661,27.1427,0.9553,66.45
1871_0.95_0.08.jpg,CLAHE (LAB),7.8913,64.4934,24.6354,199.7195,124.7273,14.1017,0.6947,100.0
1871_0.95_0.08.jpg,"MSRCR (σ=[15,80,250])",6.8194,95.5556,44.1166,240.7637,131.4189,12.7612,0.6201,2281.21
1880_0.9_0.08.jpg,DCP (Dark Channel Prior),7.635,78.7433,35.7359,104.5276,135.5904,18.5976,0.8851,89.79
1880_0.9_0.08.jpg,CLAHE (LAB),7.5533,75.4563,18.8337,141.4946,156.6764,16.4398,0.7899,107.5
1880_0.9_0.08.jpg,"MSRCR (σ=[15,80,250])",6.4206,94.2216,19.8642,163.3669,141.2904,15.8136,0.7481,2116.56
1876_1_0.16.jpg,DCP (Dark Channel Prior),7.7356,65.822,59.4505,88.3058,122.9573,20.5393,0.8965,101.24
1876_1_0.16.jpg,CLAHE (LAB),7.6267,68.751,24.7418,143.6605,153.9052,14.9448,0.75,119.76
1876_1_0.16.jpg,"MSRCR (σ=[15,80,250])",6.827,99.0536,36.8704,196.3044,137.2907,15.2987,0.6883,2479.53
1869_1_0.2.jpg,DCP (Dark Channel Prior),7.6893,60.6999,33.7195,199.4606,137.313,24.4413,0.9763,90.14
1869_1_0.2.jpg,CLAHE (LAB),7.9299,65.6201,19.0093,245.1697,134.7337,20.1932,0.909,111.18
1869_1_0.2.jpg,"MSRCR (σ=[15,80,250])",7.2528,81.191,36.5711,289.6513,136.6113,16.9369,0.8323,2560.74
1874_0.85_0.12.jpg,DCP (Dark Channel Prior),7.2886,56.5088,22.3732,52.6777,75.0759,14.4402,0.8394,91.5
1874_0.85_0.12.jpg,CLAHE (LAB),7.6853,56.9257,11.5417,90.873,133.8111,14.1977,0.6825,116.84
1874_0.85_0.12.jpg,"MSRCR (σ=[15,80,250])",6.4862,100.0389,25.435,122.7067,131.6225,13.4726,0.6199,2629.83
1875_0.85_0.08.jpg,DCP (Dark Channel Prior),7.4965,58.2055,63.4558,52.6205,87.0588,15.6102,0.8658,90.29
1875_0.85_0.08.jpg,CLAHE (LAB),7.7408,56.7177,24.3492,85.9973,127.6157,14.934,0.7199,118.61
1875_0.85_0.08.jpg,"MSRCR (σ=[15,80,250])",6.4883,100.1988,31.9791,103.5338,136.0706,14.3251,0.6346,2678.73
1882_0.85_0.2.jpg,DCP (Dark Channel Prior),7.1522,82.5369,32.7493,47.1067,110.6946,17.454,0.8398,37.23
1882_0.85_0.2.jpg,CLAHE (LAB),7.1449,64.6022,9.9075,74.6149,160.6148,13.8429,0.7299,3.51
1882_0.85_0.2.jpg,"MSRCR (σ=[15,80,250])",6.5665,99.3128,22.1089,108.7136,137.3981,16.3377,0.7045,1395.2
1889_0.85_0.08.jpg,DCP (Dark Channel Prior),7.6614,73.0812,63.2202,63.3539,116.2212,15.4351,0.7882,29.12
1889_0.85_0.08.jpg,CLAHE (LAB),7.6222,65.0456,20.8313,78.5968,156.5405,15.8246,0.6914,1.78
1889_0.85_0.08.jpg,"MSRCR (σ=[15,80,250])",6.3139,92.4985,20.3402,76.2748,145.4928,18.0954,0.7889,740.3
1887_0.95_0.08.jpg,DCP (Dark Channel Prior),6.2499,92.9926,16.5836,42.3834,101.6824,23.9405,0.9415,71.47
1887_0.95_0.08.jpg,CLAHE (LAB),6.6554,78.7359,12.1155,86.4309,145.7046,14.6231,0.6786,2.01
1887_0.95_0.08.jpg,"MSRCR (σ=[15,80,250])",5.5454,103.1017,33.0288,125.5366,130.1957,14.742,0.6343,878.59
1881_0.8_0.16.jpg,DCP (Dark Channel Prior),7.6556,59.1381,29.0452,116.1037,86.7353,19.1655,0.9202,80.31
1881_0.8_0.16.jpg,CLAHE (LAB),7.8061,59.6457,16.333,158.7215,121.7792,16.4105,0.8096,5.8
1881_0.8_0.16.jpg,"MSRCR (σ=[15,80,250])",6.9259,90.3539,35.2122,222.6482,126.1674,13.9006,0.6163,2202.93
1883_0.8_0.12.jpg,DCP (Dark Channel Prior),7.4006,67.2025,87.9919,45.9575,96.9008,12.9926,0.7617,131.4
1883_0.8_0.12.jpg,CLAHE (LAB),7.4061,58.9596,20.3453,60.2126,154.2188,18.7386,0.8425,1.86
1883_0.8_0.12.jpg,"MSRCR (σ=[15,80,250])",6.9334,82.4136,21.0883,77.6959,139.9219,15.2957,0.6854,1633.66
1896_0.9_0.08.jpg,DCP (Dark Channel Prior),7.7108,67.8442,40.3822,102.7809,95.0917,20.2491,0.916,62.63
1896_0.9_0.08.jpg,CLAHE (LAB),7.8655,65.6095,28.9994,144.8464,129.1696,14.2328,0.695,77.23
1896_0.9_0.08.jpg,"MSRCR (σ=[15,80,250])",6.7737,96.9511,57.3611,173.0793,130.5991,14.0992,0.6458,1996.16
1900_0.8_0.08.jpg,DCP (Dark Channel Prior),6.6016,86.7384,16.4109,44.5412,89.4042,20.7766,0.9215,106.09
1900_0.8_0.08.jpg,CLAHE (LAB),7.1613,74.7892,12.1816,88.1803,136.1716,14.8939,0.6757,117.89
1900_0.8_0.08.jpg,"MSRCR (σ=[15,80,250])",5.8955,98.5843,28.8435,129.833,129.6809,14.1364,0.6137,1834.79
1899_0.8_0.08.jpg,DCP (Dark Channel Prior),7.844,69.0719,65.0919,89.9328,109.5777,18.5957,0.8965,106.73
1899_0.8_0.08.jpg,CLAHE (LAB),7.7265,68.2429,30.8634,122.8762,138.1947,16.9299,0.7671,119.1
1899_0.8_0.08.jpg,"MSRCR (σ=[15,80,250])",6.849,97.0953,37.4292,151.9564,133.4324,15.6811,0.6819,1885.22
1893_0.9_0.2.jpg,DCP (Dark Channel Prior),7.1344,74.5819,55.3693,50.7245,79.368,18.9589,0.8092,101.14
1893_0.9_0.2.jpg,CLAHE (LAB),7.5084,54.9407,14.8561,64.4977,141.1673,12.254,0.6325,101.14
1893_0.9_0.2.jpg,"MSRCR (σ=[15,80,250])",6.6439,95.4917,29.1922,110.2662,120.2373,14.0324,0.5807,2074.7
1898_0.85_0.08.jpg,DCP (Dark Channel Prior),7.41,63.173,31.607,33.5843,87.3537,12.1695,0.7555,99.9
1898_0.85_0.08.jpg,CLAHE (LAB),7.5282,60.6574,9.7535,61.1392,156.6577,16.786,0.8118,101.68
1898_0.85_0.08.jpg,"MSRCR (σ=[15,80,250])",6.5732,101.1768,28.1224,88.9247,139.6444,15.5781,0.6132,2245.49
1913_0.95_0.08.jpg,DCP (Dark Channel Prior),7.8169,65.4008,68.247,114.9333,101.8816,21.0191,0.9406,93.16
1913_0.95_0.08.jpg,CLAHE (LAB),7.8645,68.5042,36.5094,168.0165,131.1706,16.8462,0.7955,108.59
1913_0.95_0.08.jpg,"MSRCR (σ=[15,80,250])",6.9812,95.3494,46.6278,218.2827,130.675,14.2991,0.6831,2302.51
1891_0.9_0.16.jpg,DCP (Dark Channel Prior),7.5394,60.6588,24.9862,44.0119,82.3287,14.0264,0.8002,103.1
1891_0.9_0.16.jpg,CLAHE (LAB),7.5109,55.9373,9.8978,67.7542,148.2576,13.5217,0.6979,110.51
1891_0.9_0.16.jpg,"MSRCR (σ=[15,80,250])",6.0424,107.4117,25.0321,94.109,131.8297,14.6858,0.6053,2441.25
1903_0.95_0.08.jpg,DCP (Dark Channel Prior),7.7702,66.2686,47.3759,118.4717,93.4144,18.9211,0.9373,107.08
1903_0.95_0.08.jpg,CLAHE (LAB),7.8852,67.7591,25.4026,162.2281,127.2169,15.7827,0.7521,120.21
1903_0.95_0.08.jpg,"MSRCR (σ=[15,80,250])",6.7529,95.8465,31.0134,198.0907,132.3622,14.5385,0.711,2543.58
1915_1_0.08.jpg,DCP (Dark Channel Prior),6.9553,48.0584,48.5943,26.5467,65.1135,13.7847,0.8109,140.23
1915_1_0.08.jpg,CLAHE (LAB),7.5692,50.441,28.2035,54.0014,131.5203,17.8549,0.7806,109.11
1915_1_0.08.jpg,"MSRCR (σ=[15,80,250])",6.5605,93.8786,19.1636,62.2473,135.5484,13.9227,0.6409,3199.3
1917_0.95_0.2.jpg,DCP (Dark Channel Prior),7.1305,67.1624,20.4179,77.647,71.9037,23.3696,0.9195,120.92
1917_0.95_0.2.jpg,CLAHE (LAB),7.5867,57.0421,11.6892,98.6326,131.7271,12.2781,0.661,110.13
1917_0.95_0.2.jpg,"MSRCR (σ=[15,80,250])",6.7569,92.7056,33.0992,157.4396,120.849,11.4454,0.5189,3631.69
1923_0.9_0.08.jpg,DCP (Dark Channel Prior),7.3752,45.189,82.3435,67.8283,98.2149,18.1403,0.8662,87.68
1923_0.9_0.08.jpg,CLAHE (LAB),7.3873,50.8442,36.1046,91.3475,140.1655,17.1619,0.8114,3.79
1923_0.9_0.08.jpg,"MSRCR (σ=[15,80,250])",6.8652,82.9864,47.0604,119.473,139.0362,14.0506,0.6978,1547.02
1909_0.85_0.2.jpg,DCP (Dark Channel Prior),7.4861,50.9536,64.5914,44.7217,79.7672,13.3851,0.8082,139.67
1909_0.85_0.2.jpg,CLAHE (LAB),7.6237,52.4371,14.7692,57.3531,150.7104,14.3531,0.7685,120.5
1909_0.85_0.2.jpg,"MSRCR (σ=[15,80,250])",6.9249,87.941,21.8632,84.2805,135.0429,14.2861,0.6564,3823.78
1919_1_0.08.jpg,DCP (Dark Channel Prior),7.073,76.4306,23.5957,109.9947,118.1323,16.0384,0.8942,93.63
1919_1_0.08.jpg,CLAHE (LAB),7.3334,70.8849,18.6936,152.4463,151.5779,16.9129,0.7967,5.2
1919_1_0.08.jpg,"MSRCR (σ=[15,80,250])",6.8405,93.9739,37.2017,202.8829,134.118,14.7504,0.6714,2058.37
1921_0.95_0.08.jpg,DCP (Dark Channel Prior),7.4937,48.0969,81.6522,98.2874,93.4398,21.6981,0.9037,156.85
1921_0.95_0.08.jpg,CLAHE (LAB),7.5603,50.3064,49.5085,129.5623,126.1443,17.951,0.7892,4.39
1921_0.95_0.08.jpg,"MSRCR (σ=[15,80,250])",7.0457,82.0726,47.634,174.3673,136.8205,12.8968,0.6596,1929.31
1924_0.85_0.12.jpg,DCP (Dark Channel Prior),6.6756,87.8368,15.5475,33.0729,93.8556,16.5267,0.8525,141.38
1924_0.85_0.12.jpg,CLAHE (LAB),7.2845,69.1314,8.1501,59.5827,146.5096,15.5497,0.7614,3.8
1924_0.85_0.12.jpg,"MSRCR (σ=[15,80,250])",6.5656,100.3554,21.7158,108.1326,131.3371,12.3275,0.549,2110.7
1920_0.95_0.16.jpg,DCP (Dark Channel Prior),7.1198,70.6123,25.623,72.4568,115.2554,15.1197,0.8796,176.61
1920_0.95_0.16.jpg,CLAHE (LAB),7.3437,60.9575,13.1689,102.6113,159.153,18.4379,0.8438,4.92
1920_0.95_0.16.jpg,"MSRCR (σ=[15,80,250])",6.8555,91.7229,36.654,168.2596,134.4988,14.1498,0.5581,2647.68
1930_0.8_0.08.jpg,DCP (Dark Channel Prior),7.4437,45.1166,107.2129,56.4098,115.9187,15.2807,0.8497,79.4
1930_0.8_0.08.jpg,CLAHE (LAB),7.0811,48.8585,37.9928,71.305,158.7461,20.8394,0.8982,82.74
1930_0.8_0.08.jpg,"MSRCR (σ=[15,80,250])",7.0051,75.7927,55.2902,95.6653,143.7025,17.0531,0.763,1423.63
1931_0.8_0.08.jpg,DCP (Dark Channel Prior),7.6842,57.5224,88.8675,102.8521,103.1744,18.2267,0.8895,89.0
1931_0.8_0.08.jpg,CLAHE (LAB),7.6994,58.8465,37.74,130.4179,142.3187,18.8236,0.8584,99.78
1931_0.8_0.08.jpg,"MSRCR (σ=[15,80,250])",6.9393,92.8622,49.7554,172.5659,135.3744,15.2947,0.71,1835.98
1927_0.9_0.08.jpg,DCP (Dark Channel Prior),6.4207,85.3731,12.658,44.5064,86.2946,17.2989,0.8606,99.82
1927_0.9_0.08.jpg,CLAHE (LAB),7.177,68.6228,8.4503,89.7385,139.6837,15.9806,0.7245,93.88
1927_0.9_0.08.jpg,"MSRCR (σ=[15,80,250])",6.0578,98.9412,28.2811,138.4445,124.7734,14.6881,0.5406,2001.48
1936_0.95_0.08.jpg,DCP (Dark Channel Prior),6.9345,47.0284,20.6965,106.9451,67.5003,19.946,0.933,94.22
1936_0.95_0.08.jpg,CLAHE (LAB),7.6348,52.1333,14.2409,163.7539,118.2356,15.59,0.7215,119.2
1936_0.95_0.08.jpg,"MSRCR (σ=[15,80,250])",7.2322,84.9672,33.2694,249.485,118.9673,12.266,0.4988,1836.38
1934_1_0.08.jpg,DCP (Dark Channel Prior),7.7539,77.0538,56.242,86.3939,113.4916,19.2659,0.8692,97.43
1934_1_0.08.jpg,CLAHE (LAB),7.6947,61.3873,21.1282,103.2546,140.8694,17.5777,0.7856,117.64
1934_1_0.08.jpg,"MSRCR (σ=[15,80,250])",6.8813,93.412,31.3769,122.5763,134.9097,16.9322,0.6698,1933.96
1926_0.9_0.16.jpg,DCP (Dark Channel Prior),7.5756,60.9382,32.5616,98.9415,94.7305,16.8066,0.8695,105.99
1926_0.9_0.16.jpg,CLAHE (LAB),7.6444,56.7787,13.9953,128.3813,140.6202,17.4933,0.8333,102.62
1926_0.9_0.16.jpg,"MSRCR (σ=[15,80,250])",6.6796,97.102,37.3453,193.3916,126.1558,13.7292,0.5553,2772.99
1940_0.9_0.16.jpg,DCP (Dark Channel Prior),7.3662,51.8992,18.3113,71.2503,95.0784,15.5589,0.8431,104.79
1940_0.9_0.16.jpg,CLAHE (LAB),7.4403,53.4582,8.2369,101.6194,154.7546,17.2575,0.8439,109.76
1940_0.9_0.16.jpg,"MSRCR (σ=[15,80,250])",6.9653,91.6894,23.0183,173.066,138.5609,14.2502,0.5643,2619.94
1933_0.8_0.2.jpg,DCP (Dark Channel Prior),7.5697,58.7519,23.0979,87.8355,96.7782,14.3145,0.8583,114.4
1933_0.8_0.2.jpg,CLAHE (LAB),7.6741,54.6513,10.5463,110.4488,145.9963,20.5582,0.9058,101.26
1933_0.8_0.2.jpg,"MSRCR (σ=[15,80,250])",6.8018,88.8565,33.8792,168.6791,131.9932,15.9559,0.6764,2727.85
1938_0.85_0.12.jpg,DCP (Dark Channel Prior),7.5088,58.4381,18.962,57.1208,98.1142,11.9862,0.7606,110.6
1938_0.85_0.12.jpg,CLAHE (LAB),7.288,55.0191,6.7129,69.8748,164.9952,19.9805,0.8824,105.52
1938_0.85_0.12.jpg,"MSRCR (σ=[15,80,250])",6.7006,84.7822,13.9865,102.6599,144.5106,17.2149,0.7339,3082.75
1928_0.9_0.08.jpg,DCP (Dark Channel Prior),7.5453,52.9987,29.6933,102.429,91.1151,18.2168,0.8814,142.71
1928_0.9_0.08.jpg,CLAHE (LAB),7.7953,59.2205,17.6306,146.613,129.9156,17.5941,0.7994,123.07
1928_0.9_0.08.jpg,"MSRCR (σ=[15,80,250])",7.1928,91.3007,41.4261,205.4633,129.0562,13.5713,0.5787,2957.36
1947_0.8_0.16.jpg,DCP (Dark Channel Prior),7.469,64.5951,24.2785,53.2886,110.2853,13.4028,0.7796,55.01
1947_0.8_0.16.jpg,CLAHE (LAB),7.191,63.4604,12.6083,78.0682,162.2566,17.314,0.831,3.21
1947_0.8_0.16.jpg,"MSRCR (σ=[15,80,250])",6.5375,99.1152,24.7594,102.4958,138.5448,16.6221,0.6883,1387.13
1932_0.8_0.2.jpg,DCP (Dark Channel Prior),7.4786,63.0278,43.738,52.8636,95.7678,14.3323,0.8419,168.62
1932_0.8_0.2.jpg,CLAHE (LAB),7.6039,58.125,22.9245,68.348,152.7918,16.7091,0.8466,119.9
1932_0.8_0.2.jpg,"MSRCR (σ=[15,80,250])",7.2461,90.1154,53.6016,101.4987,137.1529,14.7056,0.6813,3419.53
1949_0.8_0.2.jpg,DCP (Dark Channel Prior),7.6286,62.438,39.5873,94.0677,123.3872,19.1891,0.8365,61.4
1949_0.8_0.2.jpg,CLAHE (LAB),7.315,48.6562,13.1133,104.7969,153.4934,17.0171,0.8311,4.05
1949_0.8_0.2.jpg,"MSRCR (σ=[15,80,250])",6.4884,92.6431,31.0553,163.529,137.7611,15.238,0.557,1417.53
1945_0.9_0.12.jpg,DCP (Dark Channel Prior),7.3696,52.0364,34.9222,101.9183,89.259,14.4877,0.8452,53.88
1945_0.9_0.12.jpg,CLAHE (LAB),7.6758,52.8941,17.881,136.756,138.7551,18.7834,0.8254,3.84
1945_0.9_0.12.jpg,"MSRCR (σ=[15,80,250])",7.1281,88.2152,54.6136,199.5708,126.9781,13.7402,0.5369,1659.47
1944_0.9_0.16.jpg,DCP (Dark Channel Prior),7.6335,60.1648,28.6273,39.265,104.8281,10.7933,0.6731,63.05
1944_0.9_0.16.jpg,CLAHE (LAB),7.3387,54.3713,7.5892,47.774,179.4046,17.501,0.8205,4.04
1944_0.9_0.16.jpg,"MSRCR (σ=[15,80,250])",7.3938,72.3105,21.0716,66.3748,144.4494,14.343,0.7241,2134.22
1942_0.85_0.08.jpg,DCP (Dark Channel Prior),7.559,60.9646,30.1022,50.6325,93.6765,14.0649,0.7336,85.86
1942_0.85_0.08.jpg,CLAHE (LAB),7.552,56.6118,11.4626,79.3082,151.833,16.4752,0.7263,4.21
1942_0.85_0.08.jpg,"MSRCR (σ=[15,80,250])",7.2426,85.7599,24.731,110.6007,142.9721,14.0777,0.5823,2581.67
1966_0.9_0.08.jpg,DCP (Dark Channel Prior),7.3927,62.3354,17.736,51.0577,72.9748,14.9066,0.7994,101.52
1966_0.9_0.08.jpg,CLAHE (LAB),7.7509,61.7969,9.1077,84.4997,133.067,16.4073,0.7567,96.33
1966_0.9_0.08.jpg,"MSRCR (σ=[15,80,250])",6.573,94.8707,22.7035,110.834,134.9464,14.2725,0.6254,1672.94
1960_0.85_0.2.jpg,DCP (Dark Channel Prior),6.6339,74.9327,13.386,48.5115,74.458,20.4362,0.8997,103.55
1960_0.85_0.2.jpg,CLAHE (LAB),7.1952,57.368,8.1978,74.5307,136.1626,13.2483,0.6753,119.53
1960_0.85_0.2.jpg,"MSRCR (σ=[15,80,250])",6.7244,89.7321,22.7777,128.1939,115.6012,13.9734,0.5515,1835.89
1970_0.9_0.08.jpg,DCP (Dark Channel Prior),7.443,61.5,55.7576,89.4962,78.5567,21.6778,0.9397,102.8
1970_0.9_0.08.jpg,CLAHE (LAB),7.6997,58.4305,25.7732,124.8267,120.2933,13.8998,0.6891,119.94
1970_0.9_0.08.jpg,"MSRCR (σ=[15,80,250])",7.0195,95.0288,41.7078,176.7786,127.4274,11.7827,0.5721,1830.21
1962_0.9_0.08.jpg,DCP (Dark Channel Prior),7.4463,77.5365,42.9619,50.9459,119.9146,14.9387,0.7768,65.21
1962_0.9_0.08.jpg,CLAHE (LAB),7.3888,69.8635,15.9754,64.3256,163.2434,18.2452,0.8244,82.61
1962_0.9_0.08.jpg,"MSRCR (σ=[15,80,250])",6.6649,95.8875,23.5389,86.5146,139.4582,17.6299,0.7284,2246.9
1968_0.8_0.12.jpg,DCP (Dark Channel Prior),7.2357,58.0309,23.8355,27.4506,70.8038,12.0482,0.7401,103.15
1968_0.8_0.12.jpg,CLAHE (LAB),7.6613,56.4923,6.7375,51.8075,147.1461,15.4636,0.7706,108.75
1968_0.8_0.12.jpg,"MSRCR (σ=[15,80,250])",6.5373,94.3403,13.7559,70.6117,140.8465,14.876,0.637,2661.32
1964_0.85_0.2.jpg,DCP (Dark Channel Prior),7.1032,56.9585,11.1102,70.919,67.6565,17.5928,0.8591,130.6
1964_0.85_0.2.jpg,CLAHE (LAB),7.4223,47.5931,5.21,98.3115,135.0242,14.4942,0.791,116.42
1964_0.85_0.2.jpg,"MSRCR (σ=[15,80,250])",6.9143,82.5567,19.0999,178.5031,121.524,13.9085,0.5131,3675.72
1975_0.85_0.12.jpg,DCP (Dark Channel Prior),7.4306,75.1865,90.7773,36.3705,99.6372,13.8669,0.8581,57.29
1975_0.85_0.12.jpg,CLAHE (LAB),7.2511,70.6586,22.6435,57.38,155.6873,15.1701,0.6856,3.49
1975_0.85_0.12.jpg,"MSRCR (σ=[15,80,250])",6.5798,99.6844,20.3327,68.2608,139.4342,17.1641,0.707,1677.06
1981_0.8_0.2.jpg,DCP (Dark Channel Prior),7.7249,59.7033,40.3201,72.0054,108.4373,13.2466,0.8383,35.04
1981_0.8_0.2.jpg,CLAHE (LAB),7.6826,59.1286,14.7625,88.3988,152.405,17.1069,0.8045,2.69
1981_0.8_0.2.jpg,"MSRCR (σ=[15,80,250])",6.7719,86.2918,19.5248,95.3533,145.1313,19.0306,0.8263,1177.51
1950_1_0.08.jpg,DCP (Dark Channel Prior),7.2834,48.7878,29.6162,83.0315,74.213,20.1702,0.9599,134.8
1950_1_0.08.jpg,CLAHE (LAB),7.7556,56.4409,18.9536,144.5187,119.5411,14.6538,0.694,91.04
1950_1_0.08.jpg,"MSRCR (σ=[15,80,250])",7.1512,91.1979,41.7776,223.9753,126.2674,11.6004,0.4816,4231.39
1958_0.9_0.08.jpg,DCP (Dark Channel Prior),7.1032,61.9671,50.0127,114.7272,161.2909,19.3414,0.9452,159.19
1958_0.9_0.08.jpg,CLAHE (LAB),7.3945,77.4359,36.956,161.3692,156.8609,17.622,0.853,102.27
1958_0.9_0.08.jpg,"MSRCR (σ=[15,80,250])",7.1177,78.4617,52.548,203.8447,142.6718,12.9928,0.7257,3862.18
1954_1_0.08.jpg,DCP (Dark Channel Prior),7.4305,77.0438,16.8632,57.6939,89.8425,19.6795,0.8835,167.38
1954_1_0.08.jpg,CLAHE (LAB),7.5463,60.0418,11.1153,80.4518,138.7779,15.6106,0.7474,109.37
1954_1_0.08.jpg,"MSRCR (σ=[15,80,250])",7.0442,88.4026,25.1596,121.466,138.5043,13.362,0.6275,4018.05
1973_0.95_0.08.jpg,DCP (Dark Channel Prior),7.7593,60.1501,90.8817,85.5098,103.8489,14.6554,0.8739,61.44
1973_0.95_0.08.jpg,CLAHE (LAB),7.7938,64.4847,33.6662,116.4991,147.9296,17.8203,0.8247,3.4
1973_0.95_0.08.jpg,"MSRCR (σ=[15,80,250])",6.864,93.1047,36.3229,149.4487,138.3654,16.4479,0.7585,2111.8
1971_1_0.08.jpg,DCP (Dark Channel Prior),7.7495,62.028,63.6778,127.6958,106.8185,21.1911,0.9296,51.52
1971_1_0.08.jpg,CLAHE (LAB),7.7734,59.0771,29.7987,162.0288,132.3954,15.9618,0.8134,4.09
1971_1_0.08.jpg,"MSRCR (σ=[15,80,250])",6.9131,91.1039,46.9763,208.8237,133.2028,14.2563,0.7129,2446.48
1956_0.8_0.12.jpg,DCP (Dark Channel Prior),7.423,66.9722,18.8928,53.6961,97.12,15.9912,0.8304,181.61
1956_0.8_0.12.jpg,CLAHE (LAB),7.2881,62.2358,6.9556,73.791,150.9538,15.2965,0.7501,117.64
1956_0.8_0.12.jpg,"MSRCR (σ=[15,80,250])",6.7415,91.0738,16.0088,113.9409,142.6585,12.8883,0.6461,4137.74
1977_0.8_0.08.jpg,DCP (Dark Channel Prior),7.0381,50.5858,20.573,52.7771,61.5826,12.7508,0.8184,55.34
1977_0.8_0.08.jpg,CLAHE (LAB),7.6658,53.6983,9.9661,95.0188,122.3428,14.4262,0.694,4.27
1977_0.8_0.08.jpg,"MSRCR (σ=[15,80,250])",6.7346,92.7762,22.7101,131.4718,128.8866,13.7839,0.5657,2250.84
1953_0.8_0.2.jpg,DCP (Dark Channel Prior),7.3164,53.3473,35.4838,84.994,88.1823,14.9498,0.8623,182.3
1953_0.8_0.2.jpg,CLAHE (LAB),7.6591,54.523,17.5652,115.5455,138.7488,17.8793,0.8673,119.38
1953_0.8_0.2.jpg,"MSRCR (σ=[15,80,250])",7.1677,88.525,66.0942,192.4247,129.2074,13.9075,0.5578,4518.92
1982_1_0.08.jpg,DCP (Dark Channel Prior),7.6319,66.0278,38.8681,68.7658,96.871,16.3064,0.9077,34.47
1982_1_0.08.jpg,CLAHE (LAB),7.6177,67.6776,16.3613,108.0205,148.7693,15.6068,0.7687,67.7
1982_1_0.08.jpg,"MSRCR (σ=[15,80,250])",6.5886,100.4144,22.0417,143.686,133.8262,15.5202,0.6885,615.26
1984_0.85_0.08.jpg,DCP (Dark Channel Prior),7.1097,53.1688,46.1203,30.3985,57.0183,11.5509,0.74,39.68
1984_0.85_0.08.jpg,CLAHE (LAB),7.5291,56.1613,15.5666,54.5526,130.7671,15.8609,0.6848,68.59
1984_0.85_0.08.jpg,"MSRCR (σ=[15,80,250])",6.2112,104.7409,17.0374,71.3035,138.6504,13.7159,0.5978,797.8
1988_0.8_0.12.jpg,DCP (Dark Channel Prior),7.4063,55.8983,28.412,51.551,76.8707,15.1804,0.8338,42.2
1988_0.8_0.12.jpg,CLAHE (LAB),7.6747,56.7529,14.9732,85.2945,138.7705,14.8951,0.7424,69.26
1988_0.8_0.12.jpg,"MSRCR (σ=[15,80,250])",6.056,97.176,33.3158,123.0673,128.7578,15.2297,0.6366,884.04
1986_0.9_0.08.jpg,DCP (Dark Channel Prior),7.2616,53.7811,20.9177,43.2606,67.2773,11.8408,0.7777,38.92
1986_0.9_0.08.jpg,CLAHE (LAB),7.5812,55.6215,6.6166,76.6297,141.7693,14.0731,0.6901,68.37
1986_0.9_0.08.jpg,"MSRCR (σ=[15,80,250])",6.5837,96.8059,15.2074,101.3026,138.3358,14.3188,0.6182,938.56
