Dosya,Yöntem,Entropy,Kontrast (Std),Renk Canlılığı,Kenar Yoğunluğu,Ort. Parlaklık,PSNR (dB),SSIM,İşlem Süresi (ms)
1400_2.png,DCP (Dark Channel Prior),7.6698,61.1962,91.2267,47.838,110.7208,20.1331,0.8949,125.19
1400_2.png,CLAHE (LAB),7.7458,55.7642,53.4184,65.7385,137.02,15.7397,0.7359,107.27
1400_2.png,"MSRCR (σ=[15,80,250])",7.3055,93.52,66.5274,81.4607,128.5863,13.3725,0.5913,2524.95
1400_6.png,DCP (Dark Channel Prior),7.6246,59.1222,91.6439,46.9758,113.9841,19.3742,0.8616,118.99
1400_6.png,CLAHE (LAB),7.6599,51.5789,46.6343,59.2688,146.8694,13.9095,0.7222,138.93
1400_6.png,"MSRCR (σ=[15,80,250])",7.3479,91.3099,72.5242,80.5378,128.3342,12.5725,0.5607,2658.4
1400_4.png,DCP (Dark Channel Prior),7.6452,60.191,91.4182,47.4424,112.2495,19.8255,0.8782,251.48
1400_4.png,CLAHE (LAB),7.7013,53.5778,49.7806,62.4142,141.9017,14.81,0.7299,139.56
1400_4.png,"MSRCR (σ=[15,80,250])",7.336,92.6258,69.875,81.4496,128.0873,12.9804,0.573,2621.04
1400_10.png,DCP (Dark Channel Prior),7.624,59.355,91.8198,47.5975,120.4108,18.505,0.8318,126.43
1400_10.png,CLAHE (LAB),7.5636,47.8444,41.3838,53.2475,157.1285,12.2053,0.7029,112.52
1400_10.png,"MSRCR (σ=[15,80,250])",7.3439,87.7879,75.9502,77.5518,130.4273,11.7868,0.543,2989.48
1400_1.png,DCP (Dark Channel Prior),7.6818,61.6438,91.1357,47.9933,110.0206,20.229,0.9032,129.45
1400_1.png,CLAHE (LAB),7.7683,56.886,55.4382,67.2977,134.5361,16.2515,0.7392,104.77
1400_1.png,"MSRCR (σ=[15,80,250])",7.2774,93.817,64.6232,81.0555,129.1442,13.5432,0.6014,3037.27
1400_9.png,DCP (Dark Channel Prior),7.6042,58.5322,91.8716,46.9283,117.8859,18.6655,0.8386,104.75
1400_9.png,CLAHE (LAB),7.5868,48.6559,42.5754,54.7235,154.5526,12.592,0.7078,110.46
1400_9.png,"MSRCR (σ=[15,80,250])",7.3455,88.7096,75.3042,78.3698,129.7803,11.9801,0.5467,2969.48
1400_8.png,DCP (Dark Channel Prior),7.6026,58.4032,91.8812,46.7875,116.1986,18.8424,0.8454,124.18
1400_8.png,CLAHE (LAB),7.6126,49.6232,43.8364,56.1993,151.9415,13.0062,0.7129,103.6
1400_8.png,"MSRCR (σ=[15,80,250])",7.3469,89.6254,74.5356,79.1893,129.1964,12.1754,0.5508,3411.52
1400_7.png,DCP (Dark Channel Prior),7.6136,58.7066,91.7438,46.8621,115.0026,19.1117,0.8533,124.28
1400_7.png,CLAHE (LAB),7.6358,50.5718,45.1845,57.7387,149.3442,13.4544,0.7178,99.53
1400_7.png,"MSRCR (σ=[15,80,250])",7.349,90.4995,73.6009,79.8806,128.704,12.3728,0.5557,3665.93
1400_5.png,DCP (Dark Channel Prior),7.6344,59.6517,91.5202,47.2131,113.087,19.6154,0.8697,121.32
1400_5.png,CLAHE (LAB),7.6797,52.5727,48.1478,60.816,144.4991,14.3292,0.7259,108.75
1400_5.png,"MSRCR (σ=[15,80,250])",7.3438,92.0083,71.2769,81.0582,128.1294,12.7757,0.566,3662.82
1401_1.png,DCP (Dark Channel Prior),7.5524,55.7278,92.6251,34.4662,92.303,20.7104,0.8983,127.23
1401_1.png,CLAHE (LAB),7.7099,55.985,64.5032,57.9387,123.1023,17.3245,0.7069,102.67
1401_1.png,"MSRCR (σ=[15,80,250])",7.1596,96.2408,63.7264,63.8206,132.7296,12.3877,0.5661,3675.9
1400_3.png,DCP (Dark Channel Prior),7.6569,60.7015,91.3072,47.6736,111.4297,19.9912,0.8863,115.16
1400_3.png,CLAHE (LAB),7.7244,54.6537,51.524,64.0824,139.3962,15.2912,0.7331,116.25
1400_3.png,"MSRCR (σ=[15,80,250])",7.3229,93.1273,68.2865,81.606,128.2342,13.1814,0.5817,3905.67
1401_2.png,DCP (Dark Channel Prior),7.5591,55.9692,92.9304,34.7433,93.2626,20.8527,0.8913,99.09
1401_2.png,CLAHE (LAB),7.6965,55.191,62.9607,57.0273,125.3594,16.8714,0.7037,5.33
1401_2.png,"MSRCR (σ=[15,80,250])",7.1915,96.0978,65.2701,64.0092,132.1457,12.3508,0.5603,1668.56
1401_6.png,DCP (Dark Channel Prior),7.5755,55.8094,94.1061,35.2494,96.7266,20.9077,0.8649,90.69
1401_6.png,CLAHE (LAB),7.6362,52.01,57.4849,53.2614,133.1174,15.1937,0.6928,5.23
1401_6.png,"MSRCR (σ=[15,80,250])",7.2695,95.3512,70.4536,63.6581,130.8094,12.0203,0.5352,1529.44
1401_3.png,DCP (Dark Channel Prior),7.5573,55.7358,93.2568,34.8012,93.8571,20.8703,0.8841,170.31
1401_3.png,CLAHE (LAB),7.6806,54.397,61.4849,56.0991,127.2232,16.4823,0.7012,7.09
1401_3.png,"MSRCR (σ=[15,80,250])",7.2206,95.9521,66.6855,64.1235,131.6637,12.2896,0.5532,1589.87
1401_4.png,DCP (Dark Channel Prior),7.5686,56.024,93.5324,35.0864,95.015,20.963,0.8778,100.53
1401_4.png,CLAHE (LAB),7.6653,53.5468,60.0989,55.176,129.0977,16.0568,0.6986,4.55
1401_4.png,"MSRCR (σ=[15,80,250])",7.2416,95.7648,68.0338,64.1211,131.2875,12.2124,0.5466,1780.32
1401_5.png,DCP (Dark Channel Prior),7.5708,55.9197,93.8174,35.1833,95.8342,20.9417,0.8713,91.72
1401_5.png,CLAHE (LAB),7.653,52.8114,58.7584,54.2513,131.1208,15.6278,0.6958,10.12
1401_5.png,"MSRCR (σ=[15,80,250])",7.2554,95.5811,69.2715,63.9498,131.0029,12.1198,0.5404,1802.75
1401_7.png,DCP (Dark Channel Prior),7.5871,55.9818,94.4164,35.4668,98.0124,20.8846,0.8586,122.0
1401_7.png,CLAHE (LAB),7.6243,51.3134,56.2538,52.3465,135.0292,14.808,0.6895,112.84
1401_7.png,"MSRCR (σ=[15,80,250])",7.2822,95.0917,71.5801,63.4065,130.7062,11.9145,0.5309,2593.66
1401_8.png,DCP (Dark Channel Prior),7.5934,55.9657,94.7144,35.549,99.0807,20.7706,0.8527,121.69
1401_8.png,CLAHE (LAB),7.6126,50.6278,55.078,51.354,137.2927,14.368,0.6867,118.77
1401_8.png,"MSRCR (σ=[15,80,250])",7.2902,94.7873,72.6345,63.0088,130.6836,11.8053,0.5285,2675.73
1402_1.png,DCP (Dark Channel Prior),6.6861,81.6132,38.939,32.5125,84.2175,23.5622,0.9015,121.16
1402_1.png,CLAHE (LAB),7.4191,72.8616,26.243,58.986,132.0056,13.6516,0.6051,111.28
1402_1.png,"MSRCR (σ=[15,80,250])",6.4823,93.1633,34.7219,75.0445,135.3557,11.4498,0.5471,2705.02
1401_9.png,DCP (Dark Channel Prior),7.6115,56.4107,94.9696,35.8336,100.7545,20.6962,0.8477,94.89
1401_9.png,CLAHE (LAB),7.5991,49.9406,53.9346,50.446,139.4103,13.9549,0.6828,90.64
1401_9.png,"MSRCR (σ=[15,80,250])",7.3017,94.4208,73.5809,62.7468,130.7607,11.6954,0.5269,3051.76
1402_4.png,DCP (Dark Channel Prior),6.7194,80.9235,38.1492,32.5587,86.8461,23.7513,0.8754,130.91
1402_4.png,CLAHE (LAB),7.4069,70.2687,22.6812,55.0976,139.0089,12.5406,0.5906,128.54
1402_4.png,"MSRCR (σ=[15,80,250])",6.51,92.1017,33.4612,72.2308,135.4721,11.454,0.5501,2792.6
1402_7.png,DCP (Dark Channel Prior),6.9289,79.625,37.2035,32.6357,89.2583,23.5388,0.85,119.51
1402_7.png,CLAHE (LAB),7.3977,68.008,19.8399,51.5397,145.8125,11.5367,0.5758,177.01
1402_7.png,"MSRCR (σ=[15,80,250])",6.5663,91.4502,32.108,69.8312,135.9651,11.3483,0.552,3262.21
1401_10.png,DCP (Dark Channel Prior),7.6311,57.0105,95.285,36.1438,102.6718,20.5524,0.8424,132.27
1401_10.png,CLAHE (LAB),7.5861,49.3236,52.8564,49.4437,141.4455,13.5924,0.6802,125.21
1401_10.png,"MSRCR (σ=[15,80,250])",7.3145,94.0025,74.4289,62.444,130.9198,11.5829,0.5242,3548.02
1402_6.png,DCP (Dark Channel Prior),6.7441,80.5042,37.5791,32.6138,88.6851,23.6896,0.8589,121.07
1402_6.png,CLAHE (LAB),7.4009,68.7993,20.7245,52.705,143.4243,11.8799,0.5811,120.72
1402_6.png,"MSRCR (σ=[15,80,250])",6.5444,91.6381,32.5532,70.6158,135.7751,11.3914,0.5515,3689.9
1402_2.png,DCP (Dark Channel Prior),6.6958,81.3804,38.7022,32.5229,85.0649,23.6528,0.8926,146.06
1402_2.png,CLAHE (LAB),7.4239,72.1209,24.9599,57.5863,134.3005,13.2876,0.6009,175.21
1402_2.png,"MSRCR (σ=[15,80,250])",6.4893,92.7469,34.3431,74.0353,135.3263,11.4697,0.5482,3588.89
1402_5.png,DCP (Dark Channel Prior),6.7322,80.7083,37.8648,32.5854,87.7593,23.7444,0.867,163.93
1402_5.png,CLAHE (LAB),7.4043,69.5362,21.6714,53.879,141.2894,12.1953,0.5858,74.95
1402_5.png,"MSRCR (σ=[15,80,250])",6.5227,91.8515,33.0059,71.4106,135.6156,11.4265,0.5509,3914.88
1402_3.png,DCP (Dark Channel Prior),6.71,81.1464,38.4266,32.5388,85.9522,23.7241,0.8839,132.01
1402_3.png,CLAHE (LAB),7.4129,71.1485,23.7704,56.3373,136.6653,12.9089,0.5956,230.7
1402_3.png,"MSRCR (σ=[15,80,250])",6.4993,92.3919,33.9114,73.1146,135.378,11.4689,0.5491,3923.2
1403_1.png,DCP (Dark Channel Prior),6.9667,41.6854,43.7453,42.1941,64.1301,25.6963,0.8937,67.77
1403_1.png,CLAHE (LAB),7.4776,46.7714,28.0356,66.7857,117.2721,12.7771,0.5637,11.31
1403_1.png,"MSRCR (σ=[15,80,250])",7.1632,98.2986,53.1968,104.2931,126.7385,8.9573,0.3939,1670.87
1402_8.png,DCP (Dark Channel Prior),6.9883,79.2677,36.8692,32.7033,90.1452,23.3888,0.8415,102.88
1402_8.png,CLAHE (LAB),7.4086,67.4229,19.0185,50.4214,147.8381,11.2654,0.5715,8.86
1402_8.png,"MSRCR (σ=[15,80,250])",6.5805,91.289,31.6737,69.1069,136.1749,11.3,0.5523,1966.68
1402_10.png,DCP (Dark Channel Prior),7.0593,78.2192,36.0964,32.8336,91.6038,22.9145,0.8244,143.02
1402_10.png,CLAHE (LAB),7.4127,66.0646,17.5496,48.299,152.2885,10.6845,0.5616,5.88
1402_10.png,"MSRCR (σ=[15,80,250])",6.6236,90.9964,30.823,67.6551,136.6247,11.1925,0.5525,1835.14
1402_9.png,DCP (Dark Channel Prior),7.0482,78.2062,36.4339,32.7828,90.5468,23.107,0.8318,113.12
1402_9.png,CLAHE (LAB),7.4118,66.7018,18.2698,49.3727,150.1177,10.9654,0.5664,4.95
1402_9.png,"MSRCR (σ=[15,80,250])",6.599,91.1431,31.2335,68.3684,136.395,11.2477,0.5524,1805.18
1403_2.png,DCP (Dark Channel Prior),6.9928,42.1287,43.8707,42.4602,65.6973,25.0675,0.8813,107.32
1403_2.png,CLAHE (LAB),7.4437,45.4852,26.5279,64.3697,120.8109,12.2858,0.5599,5.21
1403_2.png,"MSRCR (σ=[15,80,250])",7.1771,97.8934,53.3075,103.8062,126.5443,8.9706,0.3925,1810.44
1403_8.png,DCP (Dark Channel Prior),7.0911,44.0375,43.4817,42.8507,74.9169,20.828,0.8145,127.46
1403_8.png,CLAHE (LAB),7.2647,38.7213,19.5004,51.7544,143.4054,9.5563,0.5293,119.66
1403_8.png,"MSRCR (σ=[15,80,250])",7.2183,96.1738,52.7324,100.6975,126.8636,8.8501,0.3831,2222.41
1404_2.png,DCP (Dark Channel Prior),6.8749,85.6263,43.1586,50.4672,109.7319,21.5558,0.9263,139.29
1404_2.png,CLAHE (LAB),7.2373,69.6179,25.8225,63.5341,147.7692,16.0917,0.7834,141.52
1404_2.png,"MSRCR (σ=[15,80,250])",6.9922,92.3743,34.085,83.1466,134.2798,15.5142,0.6766,2695.03
1403_9.png,DCP (Dark Channel Prior),7.0973,44.0172,43.2131,42.5939,76.1872,20.2795,0.8056,123.76
1403_9.png,CLAHE (LAB),7.2401,37.8758,18.5653,49.8895,147.0292,9.1763,0.5237,119.62
1403_9.png,"MSRCR (σ=[15,80,250])",7.2233,95.992,52.5425,100.096,127.0136,8.8122,0.3821,2920.2
1403_4.png,DCP (Dark Channel Prior),7.036,42.8822,43.92,42.8972,68.7443,23.5691,0.8562,117.62
1403_4.png,CLAHE (LAB),7.3886,43.1351,23.8655,59.9506,128.8033,11.2379,0.549,116.21
1403_4.png,"MSRCR (σ=[15,80,250])",7.1947,97.181,53.2696,102.8732,126.4508,8.9608,0.3889,2959.38
1404_1.png,DCP (Dark Channel Prior),6.8799,85.8684,43.3388,50.6274,109.0519,21.4121,0.9258,91.87
1404_1.png,CLAHE (LAB),7.2566,70.783,27.0503,65.1291,145.7542,16.5459,0.7868,85.39
1404_1.png,"MSRCR (σ=[15,80,250])",6.9827,92.2054,34.1036,84.0736,134.8372,15.462,0.6754,3100.55
1403_10.png,DCP (Dark Channel Prior),7.1204,44.7557,43.1027,42.6751,78.1789,19.5349,0.7953,130.17
1403_10.png,CLAHE (LAB),7.216,37.1486,17.6816,48.14,150.2451,8.8527,0.5187,121.97
1403_10.png,"MSRCR (σ=[15,80,250])",7.2286,95.8299,52.4017,99.5315,127.201,8.7715,0.3808,3176.26
1403_3.png,DCP (Dark Channel Prior),7.0163,42.562,43.9292,42.7553,67.2492,24.2982,0.8679,100.53
1403_3.png,CLAHE (LAB),7.4168,44.2481,25.1467,62.1101,124.7483,11.7573,0.5546,120.3
1403_3.png,"MSRCR (σ=[15,80,250])",7.1864,97.5189,53.3285,103.3319,126.4614,8.9708,0.3906,3447.61
1403_7.png,DCP (Dark Channel Prior),7.0793,43.6954,43.5311,42.8611,73.2357,21.5229,0.8249,135.28
1403_7.png,CLAHE (LAB),7.2912,39.7082,20.4885,53.6405,139.7352,9.951,0.5349,146.31
1403_7.png,"MSRCR (σ=[15,80,250])",7.2118,96.3887,52.8915,101.2249,126.7084,8.8853,0.3844,3318.14
1403_6.png,DCP (Dark Channel Prior),7.0678,43.5268,43.7215,42.9722,71.7871,22.1413,0.8345,140.03
1403_6.png,CLAHE (LAB),7.3269,40.8402,21.5288,55.6364,135.8986,10.3815,0.5406,100.49
1403_6.png,"MSRCR (σ=[15,80,250])",7.2057,96.6165,53.038,101.7975,126.5859,8.9171,0.3858,3636.04
1403_5.png,DCP (Dark Channel Prior),7.0496,43.0948,43.8097,42.8817,70.1649,22.8872,0.8455,116.26
1403_5.png,CLAHE (LAB),7.3548,41.891,22.6616,57.8535,132.4139,10.7923,0.5445,151.5
1403_5.png,"MSRCR (σ=[15,80,250])",7.2009,96.8815,53.1448,102.3388,126.5059,8.9417,0.3876,3515.87
1404_3.png,DCP (Dark Channel Prior),6.8681,85.3814,42.9727,50.2864,110.4393,21.6939,0.9265,137.14
1404_3.png,CLAHE (LAB),7.2155,68.3525,24.7069,61.9195,150.0217,15.5915,0.7785,122.26
1404_3.png,"MSRCR (σ=[15,80,250])",7.0033,92.5195,34.0172,82.1803,133.8282,15.5271,0.6779,3517.74
1404_4.png,DCP (Dark Channel Prior),6.891,85.1441,42.7608,50.1179,111.2003,21.8309,0.9265,86.25
1404_4.png,CLAHE (LAB),7.2004,67.0484,23.6736,60.3406,152.5045,15.0495,0.773,5.97
1404_4.png,"MSRCR (σ=[15,80,250])",7.0157,92.6469,33.8799,81.2276,133.4535,15.5084,0.6789,2112.3
1404_8.png,DCP (Dark Channel Prior),7.0713,83.828,41.599,49.4981,113.9974,22.0723,0.918,121.35
1404_8.png,CLAHE (LAB),7.0909,62.9932,20.1429,54.3011,161.8474,13.3303,0.7534,1.95
1404_8.png,"MSRCR (σ=[15,80,250])",7.063,93.1965,33.0665,77.3617,132.5913,15.205,0.6781,1333.26
1404_6.png,DCP (Dark Channel Prior),7.1713,83.8106,42.1309,49.8487,111.9999,21.8724,0.9204,96.97
1404_6.png,CLAHE (LAB),7.1854,65.0442,21.7951,57.3086,156.9631,14.2067,0.7642,7.29
1404_6.png,"MSRCR (σ=[15,80,250])",7.0417,92.9243,33.5019,79.2656,132.9193,15.3947,0.6797,1481.9
1404_5.png,DCP (Dark Channel Prior),7.1969,83.7486,42.3449,50.0107,111.0307,21.757,0.9214,106.11
1404_5.png,CLAHE (LAB),7.203,66.0452,22.6949,58.7457,154.7983,14.6264,0.7691,4.86
1404_5.png,"MSRCR (σ=[15,80,250])",7.0273,92.7841,33.689,80.2247,133.1494,15.4645,0.6797,1495.31
1404_7.png,DCP (Dark Channel Prior),7.115,83.8977,41.8513,49.6639,113.053,21.9922,0.9196,119.18
1404_7.png,CLAHE (LAB),7.1411,64.0263,20.9382,55.7661,159.5475,13.7343,0.7588,2.11
1404_7.png,"MSRCR (σ=[15,80,250])",7.0515,93.0617,33.2966,78.3028,132.7331,15.3085,0.6792,1554.37
1404_10.png,DCP (Dark Channel Prior),7.0418,83.3401,41.0256,49.0629,115.8038,22.151,0.9152,118.25
1404_10.png,CLAHE (LAB),7.0344,60.8999,18.6739,51.4434,166.1613,12.5869,0.7422,109.26
1404_10.png,"MSRCR (σ=[15,80,250])",7.0831,93.4427,32.5868,75.4405,132.395,14.966,0.6746,2235.59
1405_9.png,DCP (Dark Channel Prior),7.2245,73.1009,51.9004,46.2633,117.0592,19.8716,0.9168,140.02
1405_9.png,CLAHE (LAB),7.2624,60.0251,19.8651,54.2351,170.3342,12.9596,0.7686,130.48
1405_9.png,"MSRCR (σ=[15,80,250])",7.1264,85.808,30.2335,75.4141,139.1758,14.7465,0.7153,2455.55
1405_5.png,DCP (Dark Channel Prior),7.3121,73.1936,54.2177,46.8982,112.2096,19.095,0.9202,120.87
1405_5.png,CLAHE (LAB),7.5019,64.003,24.3548,61.7,160.8113,14.5984,0.786,124.63
1405_5.png,"MSRCR (σ=[15,80,250])",7.1003,87.048,32.0706,80.2988,139.1733,15.1155,0.7111,2892.6
1405_1.png,DCP (Dark Channel Prior),7.0894,74.5931,56.5009,47.5191,108.8667,18.4182,0.9234,97.61
1405_1.png,CLAHE (LAB),7.5954,67.9818,30.3147,69.5075,151.093,16.471,0.7944,89.3
1405_1.png,"MSRCR (σ=[15,80,250])",7.0816,88.2996,33.8911,85.7003,139.5794,15.2653,0.7018,3231.93
1405_4.png,DCP (Dark Channel Prior),7.1161,73.9456,55.0968,47.114,111.8274,19.0457,0.9232,118.35
1405_4.png,CLAHE (LAB),7.546,64.7012,25.6738,63.5464,158.0836,15.0649,0.7891,147.82
1405_4.png,"MSRCR (σ=[15,80,250])",7.0945,87.3445,32.5695,81.6424,139.2269,15.1745,0.7092,2873.47
1405_6.png,DCP (Dark Channel Prior),7.1973,73.7477,53.6523,46.6972,113.6766,19.3109,0.9201,111.84
1405_6.png,CLAHE (LAB),7.3337,63.2059,23.1231,59.7497,163.2532,14.1747,0.7831,105.95
1405_6.png,"MSRCR (σ=[15,80,250])",7.1046,86.7477,31.5896,79.0046,139.1592,15.0409,0.7128,3152.21
1405_8.png,DCP (Dark Channel Prior),7.2177,73.3151,52.4991,46.4304,115.89,19.6959,0.9181,123.16
1405_8.png,CLAHE (LAB),7.2905,61.0743,20.8553,56.0972,167.7824,13.3822,0.7745,125.36
1405_8.png,"MSRCR (σ=[15,80,250])",7.1181,86.1226,30.6713,76.5701,139.1608,14.8505,0.7147,3418.83
1405_2.png,DCP (Dark Channel Prior),7.0971,74.3893,56.0692,47.3885,109.7999,18.6175,0.9235,116.25
1405_2.png,CLAHE (LAB),7.578,66.8487,28.6597,67.5771,153.5454,15.9613,0.7925,116.63
1405_2.png,"MSRCR (σ=[15,80,250])",7.0871,87.9944,33.4798,84.3529,139.4146,15.2595,0.7045,3525.64
1405_3.png,DCP (Dark Channel Prior),7.106,74.1708,55.5884,47.2403,110.8003,18.832,0.9236,116.78
1405_3.png,CLAHE (LAB),7.5617,65.8311,27.0889,65.5386,155.6874,15.5418,0.7914,118.59
1405_3.png,"MSRCR (σ=[15,80,250])",7.0918,87.6717,33.033,82.9766,139.3008,15.2271,0.7071,3777.61
1404_9.png,DCP (Dark Channel Prior),7.0416,83.6445,41.3101,49.2686,114.927,22.1282,0.9168,237.21
1404_9.png,CLAHE (LAB),7.0548,62.0021,19.3791,52.835,164.0309,12.9472,0.7481,117.01
1404_9.png,"MSRCR (σ=[15,80,250])",7.0722,93.327,32.8391,76.396,132.4762,15.0903,0.6764,3625.83
1405_7.png,DCP (Dark Channel Prior),7.2075,73.5214,53.0913,46.5463,114.7685,19.5067,0.9192,118.23
1405_7.png,CLAHE (LAB),7.3126,62.0723,21.9612,57.9031,165.6258,13.7505,0.7787,117.65
1405_7.png,"MSRCR (σ=[15,80,250])",7.1103,86.4346,31.1321,77.7622,139.1528,14.9497,0.7139,3884.02
1405_10.png,DCP (Dark Channel Prior),7.2348,72.8947,51.2841,46.1106,118.2604,20.0373,0.9153,81.1
1405_10.png,CLAHE (LAB),7.2402,59.0718,18.9075,52.5793,172.5805,12.595,0.7629,6.94
1405_10.png,"MSRCR (σ=[15,80,250])",7.136,85.4929,29.8018,74.3001,139.2076,14.6379,0.7154,1818.06
1406_1.png,DCP (Dark Channel Prior),7.1497,79.0657,49.7097,51.4899,100.6079,20.293,0.9213,81.74
1406_1.png,CLAHE (LAB),7.5471,68.1267,30.4801,71.6916,139.4109,17.2709,0.7859,5.96
1406_1.png,"MSRCR (σ=[15,80,250])",7.0045,88.0765,40.9546,85.6012,137.6998,14.4834,0.6711,1560.34
1406_2.png,DCP (Dark Channel Prior),7.1474,78.8356,49.6425,51.2841,101.2531,20.4224,0.921,88.41
1406_2.png,CLAHE (LAB),7.5391,67.3919,29.2943,70.3205,141.3181,16.8654,0.7826,2.99
1406_2.png,"MSRCR (σ=[15,80,250])",7.0237,87.8557,40.8487,84.455,137.5241,14.4706,0.6725,1376.14
1406_4.png,DCP (Dark Channel Prior),7.1561,78.3415,49.5276,50.8577,102.6161,20.6518,0.919,93.69
1406_4.png,CLAHE (LAB),7.5225,65.8549,27.1211,67.5812,145.0911,16.0079,0.7746,3.45
1406_4.png,"MSRCR (σ=[15,80,250])",7.0501,87.463,40.4135,82.1887,137.2798,14.3868,0.6746,1362.0
1406_3.png,DCP (Dark Channel Prior),7.149,78.6015,49.5991,51.0973,101.9121,20.5377,0.9202,91.19
1406_3.png,CLAHE (LAB),7.53,66.6497,28.1757,68.996,143.1787,16.4524,0.7787,3.97
1406_3.png,"MSRCR (σ=[15,80,250])",7.0382,87.6502,40.6598,83.3209,137.3876,14.4371,0.6737,1576.19
1406_7.png,DCP (Dark Channel Prior),7.1677,77.5799,49.2163,50.0997,105.0106,20.9272,0.9132,116.61
1406_7.png,CLAHE (LAB),7.4982,63.7907,24.246,63.5482,150.9223,14.7407,0.7606,124.61
1406_7.png,"MSRCR (σ=[15,80,250])",7.0679,87.0097,39.4408,78.9635,137.0894,14.173,0.675,1999.52
1407_2.png,DCP (Dark Channel Prior),7.7671,59.0836,34.5081,63.991,103.5747,17.2833,0.9013,125.19
1407_2.png,CLAHE (LAB),7.7213,57.1629,18.2912,87.9806,152.1327,16.8936,0.8209,121.91
1407_2.png,"MSRCR (σ=[15,80,250])",7.1775,85.9785,27.8408,106.2745,143.1713,16.7832,0.7335,2511.83
1406_6.png,DCP (Dark Channel Prior),7.1653,77.8327,49.3522,50.3847,104.1592,20.848,0.9153,115.69
1406_6.png,CLAHE (LAB),7.5054,64.4621,25.1541,64.9595,149.0373,15.1387,0.7651,123.99
1406_6.png,"MSRCR (σ=[15,80,250])",7.0654,87.1454,39.7981,80.0166,137.1332,14.2516,0.6752,2670.63
1406_9.png,DCP (Dark Channel Prior),7.1756,77.1148,48.9239,49.5349,106.7797,20.9999,0.9082,118.98
1406_9.png,CLAHE (LAB),7.4751,62.441,22.5943,61.0476,155.0603,13.9041,0.7486,124.3
1406_9.png,"MSRCR (σ=[15,80,250])",7.0659,86.767,38.6746,76.9479,137.0322,14.0057,0.6739,3074.54
1407_5.png,DCP (Dark Channel Prior),7.7647,58.6137,34.0722,64.2256,106.7622,17.798,0.9014,142.64
1407_5.png,CLAHE (LAB),7.6563,54.8607,16.3065,82.7781,158.1812,15.8767,0.8226,133.65
1407_5.png,"MSRCR (σ=[15,80,250])",7.2106,85.4274,27.979,106.1009,143.1688,16.2649,0.7224,3120.87
1406_8.png,DCP (Dark Channel Prior),7.1674,77.321,49.0788,49.8115,105.8951,20.9766,0.9108,119.24
1406_8.png,CLAHE (LAB),7.4894,63.1232,23.4007,62.3224,153.0141,14.3129,0.7547,99.1
1406_8.png,"MSRCR (σ=[15,80,250])",7.0672,86.8766,39.0617,77.9332,137.0598,14.0904,0.6747,3661.51
1407_4.png,DCP (Dark Channel Prior),7.7693,58.9569,34.2664,64.3034,105.8909,17.6735,0.9017,188.7
1407_4.png,CLAHE (LAB),7.6788,55.611,16.9329,84.4573,156.2153,16.2232,0.8223,127.42
1407_4.png,"MSRCR (σ=[15,80,250])",7.1941,85.6566,27.9697,106.2739,143.1243,16.4424,0.7256,3359.96
1407_3.png,DCP (Dark Channel Prior),7.7692,59.0967,34.4064,64.2049,104.7954,17.4926,0.9015,126.93
1407_3.png,CLAHE (LAB),7.6986,56.3665,17.6013,86.304,154.3691,16.526,0.8211,124.62
1407_3.png,"MSRCR (σ=[15,80,250])",7.1841,85.838,27.938,106.3365,143.1234,16.615,0.7292,3570.66
1406_5.png,DCP (Dark Channel Prior),7.1609,78.0711,49.433,50.6209,103.3847,20.7622,0.9173,116.76
1406_5.png,CLAHE (LAB),7.5158,65.1252,26.1059,66.2391,147.1285,15.5713,0.7698,121.42
1406_5.png,"MSRCR (σ=[15,80,250])",7.0597,87.296,40.1136,81.092,137.1972,14.3238,0.6751,3604.65
1406_10.png,DCP (Dark Channel Prior),7.3689,75.6008,48.4879,49.2134,106.6814,20.8549,0.9023,118.84
1406_10.png,CLAHE (LAB),7.4838,62.0678,21.8057,59.7641,157.0322,13.5317,0.7437,123.33
1406_10.png,"MSRCR (σ=[15,80,250])",7.0659,86.6593,38.2764,76.0008,137.0171,13.9211,0.6732,3549.71
1407_1.png,DCP (Dark Channel Prior),7.7721,59.412,34.6077,64.0823,102.7997,17.1452,0.901,176.06
1407_1.png,CLAHE (LAB),7.7414,57.8961,19.0524,89.6554,150.085,17.2402,0.8203,122.29
1407_1.png,"MSRCR (σ=[15,80,250])",7.1722,86.0777,27.6859,106.083,143.2687,16.9422,0.7388,3680.82
1407_6.png,DCP (Dark Channel Prior),7.768,58.6724,33.9785,64.5217,108.2204,18.0344,0.9013,76.33
1407_6.png,CLAHE (LAB),7.6344,54.2486,15.7184,81.143,160.4088,15.5027,0.8216,4.65
1407_6.png,"MSRCR (σ=[15,80,250])",7.224,85.1686,27.9511,105.849,143.25,16.0872,0.7188,1908.78
1407_8.png,DCP (Dark Channel Prior),7.7665,58.2792,33.7092,64.6505,110.6776,18.3712,0.9006,98.23
1407_8.png,CLAHE (LAB),7.5852,52.829,14.6374,77.9729,164.4194,14.7957,0.8191,4.92
1407_8.png,"MSRCR (σ=[15,80,250])",7.2342,84.5991,27.8544,105.0037,143.492,15.7281,0.7111,1487.89
1407_9.png,DCP (Dark Channel Prior),7.7642,58.027,33.4702,64.6762,111.9002,18.5069,0.9,106.09
1407_9.png,CLAHE (LAB),7.5584,52.0925,14.1429,76.1982,166.5501,14.4252,0.8178,2.09
1407_9.png,"MSRCR (σ=[15,80,250])",7.2357,84.3076,27.7796,104.4996,143.6357,15.5503,0.7073,1344.35
1407_7.png,DCP (Dark Channel Prior),7.7695,58.6122,33.7978,64.7129,109.6912,18.2374,0.901,90.39
1407_7.png,CLAHE (LAB),7.6081,53.4548,15.1682,79.4674,162.5658,15.1154,0.8203,6.5
1407_7.png,"MSRCR (σ=[15,80,250])",7.2323,84.8872,27.9115,105.4833,143.3611,15.9073,0.715,1914.67
1407_10.png,DCP (Dark Channel Prior),7.7672,58.0385,33.3588,64.9168,113.4758,18.7065,0.8993,97.42
1407_10.png,CLAHE (LAB),7.5365,51.6008,13.648,74.6219,168.254,14.1367,0.8163,1.9
1407_10.png,"MSRCR (σ=[15,80,250])",7.2333,84.0212,27.6814,103.9318,143.7835,15.3753,0.7037,1410.06
1408_8.png,DCP (Dark Channel Prior),7.6771,58.028,41.4041,66.0395,101.0458,17.8903,0.9026,115.34
1408_8.png,CLAHE (LAB),7.7051,55.091,19.4611,83.5697,153.9321,14.9535,0.8188,103.98
1408_8.png,"MSRCR (σ=[15,80,250])",6.9156,90.1617,34.514,106.6541,138.3444,14.7982,0.6649,2321.67
1408_5.png,DCP (Dark Channel Prior),7.6776,58.2061,42.048,66.6532,98.5468,17.6254,0.9037,83.39
1408_5.png,CLAHE (LAB),7.7506,56.1228,21.6932,89.0704,148.3033,15.7724,0.8155,107.32
1408_5.png,"MSRCR (σ=[15,80,250])",6.9438,90.5172,35.0224,109.8713,138.1449,15.1665,0.6709,2666.83
1408_6.png,DCP (Dark Channel Prior),7.6777,58.2088,41.8651,66.5088,99.4131,17.7304,0.9034,132.28
1408_6.png,CLAHE (LAB),7.7362,55.7284,20.9183,87.3733,150.2601,15.4749,0.8163,103.56
1408_6.png,"MSRCR (σ=[15,80,250])",6.9345,90.3991,34.8776,108.8255,138.1894,15.0429,0.6686,2695.51
1408_3.png,DCP (Dark Channel Prior),7.6789,58.4183,42.4449,67.08,97.0447,17.4345,0.9039,122.37
1408_3.png,CLAHE (LAB),7.7801,57.0699,23.3901,92.7937,144.181,16.3606,0.8126,125.09
1408_3.png,"MSRCR (σ=[15,80,250])",6.9597,90.7523,35.2232,111.8008,138.1635,15.4071,0.6772,2868.93
1408_2.png,DCP (Dark Channel Prior),7.681,58.5477,42.6405,67.2864,96.3335,17.3464,0.9042,129.67
1408_2.png,CLAHE (LAB),7.7929,57.5901,24.3187,94.7646,142.6303,16.5178,0.8087,105.25
1408_2.png,"MSRCR (σ=[15,80,250])",6.9649,90.8768,35.2418,112.6669,138.237,15.5178,0.6817,3166.33
1408_4.png,DCP (Dark Channel Prior),7.678,58.35,42.2613,66.8908,97.8029,17.5333,0.9037,179.82
1408_4.png,CLAHE (LAB),7.7668,56.6226,22.5117,90.9777,146.1593,16.0582,0.8144,123.39
1408_4.png,"MSRCR (σ=[15,80,250])",6.9525,90.6294,35.1347,110.8605,138.1345,15.2891,0.6738,3134.89
1408_1.png,DCP (Dark Channel Prior),7.6808,58.6038,42.8108,67.4093,95.6336,17.2447,0.9042,126.39
1408_1.png,CLAHE (LAB),7.8076,58.1174,25.3155,96.497,140.6057,16.7933,0.8067,104.32
1408_1.png,"MSRCR (σ=[15,80,250])",6.9744,91.0064,35.1727,113.412,138.3628,15.6162,0.6865,3389.33
1408_9.png,DCP (Dark Channel Prior),7.678,57.9558,41.181,65.8062,101.9545,17.9686,0.9019,119.75
1408_9.png,CLAHE (LAB),7.689,54.7212,18.7944,81.8775,155.8004,14.6329,0.8178,107.8
1408_9.png,"MSRCR (σ=[15,80,250])",6.9069,90.0416,34.3189,105.5514,138.4529,14.6778,0.6631,3447.5
1408_7.png,DCP (Dark Channel Prior),7.6779,58.1583,41.6724,66.3111,100.2649,17.8234,0.903,170.29
1408_7.png,CLAHE (LAB),7.7204,55.3548,20.1652,85.4109,152.062,15.2058,0.8177,141.59
1408_7.png,"MSRCR (σ=[15,80,250])",6.9249,90.2827,34.7085,107.754,138.2557,14.9195,0.6666,3404.4
1408_10.png,DCP (Dark Channel Prior),7.6812,57.9625,40.9603,65.5873,102.9139,18.0544,0.9015,122.81
1408_10.png,CLAHE (LAB),7.6744,54.3927,18.1548,80.0654,157.494,14.3717,0.8175,108.3
1408_10.png,"MSRCR (σ=[15,80,250])",6.8996,89.9241,34.1134,104.4493,138.5721,14.5613,0.6616,3604.29
1409_1.png,DCP (Dark Channel Prior),7.8851,70.0178,41.4793,69.7498,112.0423,19.1383,0.9069,182.75
1409_1.png,CLAHE (LAB),7.8109,62.5407,28.3442,83.5237,148.671,17.2646,0.82,105.82
1409_1.png,"MSRCR (σ=[15,80,250])",7.1702,86.1375,37.6043,90.4039,140.664,16.716,0.7556,3711.0
1409_2.png,DCP (Dark Channel Prior),7.8868,69.9188,41.2181,69.5342,112.9915,19.422,0.9074,76.65
1409_2.png,CLAHE (LAB),7.7952,62.2983,27.5801,81.5081,150.7949,17.0191,0.8215,5.86
1409_2.png,"MSRCR (σ=[15,80,250])",7.1646,86.0202,37.6296,89.0695,140.7373,16.5398,0.7531,1885.17
1409_3.png,DCP (Dark Channel Prior),7.8891,69.992,40.9858,69.4696,114.2166,19.7821,0.9076,81.77
1409_3.png,CLAHE (LAB),7.7779,62.0742,26.8517,79.5473,152.747,16.7504,0.8221,11.79
1409_3.png,"MSRCR (σ=[15,80,250])",7.1599,85.878,37.6096,87.7661,140.8311,16.3556,0.7503,1597.76
1409_5.png,DCP (Dark Channel Prior),7.8903,69.9963,40.4712,69.1606,116.6584,20.4815,0.9077,109.66
1409_5.png,CLAHE (LAB),7.7424,61.7151,25.5217,75.9145,156.9192,16.1191,0.8209,3.05
1409_5.png,"MSRCR (σ=[15,80,250])",7.156,85.5386,37.5121,85.1998,141.0634,15.9799,0.7444,1465.74
1409_6.png,DCP (Dark Channel Prior),7.8919,70.0409,40.3681,68.967,117.9679,20.8637,0.9075,108.45
1409_6.png,CLAHE (LAB),7.7241,61.6719,24.8886,74.1188,159.2133,15.7178,0.8191,1.83
1409_6.png,"MSRCR (σ=[15,80,250])",7.1524,85.3424,37.4395,83.9185,141.1936,15.7945,0.741,1390.75
1409_4.png,DCP (Dark Channel Prior),7.8893,69.9853,40.7768,69.3165,115.3893,20.1296,0.9079,103.31
1409_4.png,CLAHE (LAB),7.7608,61.9032,26.1736,77.6085,155.0076,16.4317,0.8221,4.76
1409_4.png,"MSRCR (σ=[15,80,250])",7.1584,85.715,37.5656,86.4698,140.9426,16.1678,0.7475,1641.4
1409_9.png,DCP (Dark Channel Prior),7.8956,69.9335,39.5655,68.2053,121.7905,21.7531,0.9053,124.43
1409_9.png,CLAHE (LAB),7.6614,61.5557,23.1359,69.0841,165.0613,14.7182,0.8108,119.88
1409_9.png,"MSRCR (σ=[15,80,250])",7.1292,84.7311,37.1906,80.2637,141.5643,15.2705,0.7302,2340.27
1409_8.png,DCP (Dark Channel Prior),7.893,69.9231,39.7516,68.491,120.3981,21.4604,0.9062,130.35
1409_8.png,CLAHE (LAB),7.6862,61.6192,23.6842,70.7602,162.9255,15.092,0.8148,126.93
1409_8.png,"MSRCR (σ=[15,80,250])",7.1378,84.9373,37.2811,81.448,141.4438,15.4389,0.7339,2508.55
1410_5.png,DCP (Dark Channel Prior),6.9776,55.2672,30.2137,35.7057,78.0793,16.061,0.844,97.72
1410_5.png,CLAHE (LAB),7.515,50.0157,16.6739,55.7781,143.3217,14.3938,0.7867,126.14
1410_5.png,"MSRCR (σ=[15,80,250])",6.8814,89.2608,23.572,69.5176,136.7267,12.1692,0.5617,2662.61
1409_7.png,DCP (Dark Channel Prior),7.8926,69.9774,40.0254,68.7233,119.1375,21.1569,0.9069,151.62
1409_7.png,CLAHE (LAB),7.7062,61.7136,24.2684,72.5099,161.0273,15.4071,0.8171,129.98
1409_7.png,"MSRCR (σ=[15,80,250])",7.1445,85.1465,37.3658,82.6598,141.3177,15.6144,0.7375,3108.07
1410_4.png,DCP (Dark Channel Prior),6.966,55.397,30.3097,35.7377,77.3047,15.947,0.8413,208.17
1410_4.png,CLAHE (LAB),7.5334,50.7289,17.1937,57.2127,141.3121,14.7418,0.786,160.85
1410_4.png,"MSRCR (σ=[15,80,250])",6.9226,89.1881,23.8899,70.5936,136.7259,12.2515,0.5628,3092.38
1410_3.png,DCP (Dark Channel Prior),6.9549,55.528,30.4347,35.7932,76.5407,15.8258,0.8381,124.81
1410_3.png,CLAHE (LAB),7.5451,51.3149,17.751,58.469,138.9434,15.193,0.7869,87.41
1410_3.png,"MSRCR (σ=[15,80,250])",6.9671,89.1247,24.2491,71.7557,136.751,12.3342,0.5642,3292.25
1410_7.png,DCP (Dark Channel Prior),7.0027,55.0815,29.9704,35.6485,79.7336,16.2923,0.8493,135.71
1410_7.png,CLAHE (LAB),7.4834,48.953,15.6915,53.2411,147.651,13.6426,0.7852,118.84
1410_7.png,"MSRCR (σ=[15,80,250])",6.8187,89.3918,23.0423,67.6246,136.7904,12.0126,0.5605,3360.59
1410_6.png,DCP (Dark Channel Prior),6.9904,55.169,30.0847,35.6729,78.8816,16.1744,0.8466,132.64
1410_6.png,CLAHE (LAB),7.5007,49.3127,16.1818,54.4988,145.5476,14.0046,0.7858,127.33
1410_6.png,"MSRCR (σ=[15,80,250])",6.8484,89.3231,23.2918,68.5132,136.7522,12.0898,0.5611,3390.07
1410_2.png,DCP (Dark Channel Prior),6.9511,55.6327,30.5388,35.818,75.8167,15.7124,0.8349,125.23
1410_2.png,CLAHE (LAB),7.5671,52.0555,18.3404,59.909,136.7883,15.5619,0.7857,106.2
1410_2.png,"MSRCR (σ=[15,80,250])",7.0145,89.051,24.6703,73.0326,136.806,12.4179,0.5662,3724.97
1409_10.png,DCP (Dark Channel Prior),7.8966,69.9515,39.344,67.8916,123.0597,21.9966,0.9041,116.88
1409_10.png,CLAHE (LAB),7.6382,61.4617,22.6108,67.4787,166.845,14.4054,0.8071,113.3
1409_10.png,"MSRCR (σ=[15,80,250])",7.1209,84.5242,37.0984,79.1119,141.6768,15.1107,0.7263,3817.51
1410_1.png,DCP (Dark Channel Prior),6.9474,55.7569,30.6415,35.8419,75.1303,15.6009,0.8314,123.41
1410_1.png,CLAHE (LAB),7.5907,52.8732,19.0006,61.3325,134.6296,15.948,0.7851,115.36
1410_1.png,"MSRCR (σ=[15,80,250])",7.064,88.9996,25.1479,74.3824,136.8882,12.4997,0.569,3805.99
1410_8.png,DCP (Dark Channel Prior),7.0179,54.9581,29.8414,35.6106,80.6221,16.4111,0.8519,85.17
1410_8.png,CLAHE (LAB),7.4727,48.5313,15.2387,52.0297,149.6898,13.3093,0.7846,6.86
1410_8.png,"MSRCR (σ=[15,80,250])",6.7913,89.4526,22.818,66.7244,136.8452,11.9381,0.5602,1716.78
1410_9.png,DCP (Dark Channel Prior),7.0344,54.864,29.7161,35.6137,81.5386,16.5279,0.8544,82.71
1410_9.png,CLAHE (LAB),7.4579,48.0235,14.8231,50.775,151.9437,12.968,0.7834,5.46
1410_9.png,"MSRCR (σ=[15,80,250])",6.7717,89.5181,22.5953,65.9332,136.9114,11.8666,0.5597,1772.17
1410_10.png,DCP (Dark Channel Prior),7.0503,54.7538,29.5651,35.5899,82.4927,16.6383,0.8567,99.12
1410_10.png,CLAHE (LAB),7.4413,47.6278,14.3956,49.6271,153.9788,12.6541,0.7818,7.19
1410_10.png,"MSRCR (σ=[15,80,250])",6.7498,89.5615,22.4272,65.1595,136.9949,11.7987,0.5596,1658.98
1411_2.png,DCP (Dark Channel Prior),6.2853,92.0267,39.4656,39.4469,118.1693,19.5739,0.911,90.19
1411_2.png,CLAHE (LAB),6.8653,63.2628,20.1662,45.8608,168.6571,13.665,0.7426,1.97
1411_2.png,"MSRCR (σ=[15,80,250])",6.7092,102.4567,28.0002,63.4513,133.3277,15.7652,0.6609,1375.49
1411_1.png,DCP (Dark Channel Prior),6.2902,92.5885,39.7401,39.5294,117.2097,19.3607,0.9141,105.04
1411_1.png,CLAHE (LAB),6.9133,65.6414,21.6233,47.7376,165.2622,14.3279,0.7477,2.97
1411_1.png,"MSRCR (σ=[15,80,250])",6.7048,102.6761,28.2704,63.6825,133.6398,15.7288,0.6641,1433.32
1411_4.png,DCP (Dark Channel Prior),6.5927,90.5708,38.7106,39.3849,119.7696,19.8786,0.9001,127.6
1411_4.png,CLAHE (LAB),6.6409,59.2215,17.5591,42.5386,176.0623,12.4224,0.7307,117.59
1411_4.png,"MSRCR (σ=[15,80,250])",6.706,102.027,27.4267,62.9762,132.9689,15.8041,0.6557,2253.44
1412_2.png,DCP (Dark Channel Prior),7.2557,70.6273,36.7743,58.0839,81.5413,15.1376,0.8166,140.65
1412_2.png,CLAHE (LAB),7.6651,59.7713,19.3358,71.9304,137.4297,14.8748,0.7606,117.19
1412_2.png,"MSRCR (σ=[15,80,250])",6.897,85.605,31.1546,75.1364,137.9849,14.4074,0.6928,2753.52
1411_6.png,DCP (Dark Channel Prior),6.3704,90.0644,38.0351,39.2127,122.5023,20.2866,0.8931,113.54
1411_6.png,CLAHE (LAB),6.3157,55.028,15.3637,39.4171,182.801,11.3827,0.7188,102.62
1411_6.png,"MSRCR (σ=[15,80,250])",6.7029,101.5538,26.8722,62.5233,132.796,15.7866,0.6515,2968.54
1411_5.png,DCP (Dark Channel Prior),6.3805,90.6966,38.3721,39.2648,121.3732,20.1074,0.8972,123.2
1411_5.png,CLAHE (LAB),6.3728,57.3362,16.409,40.961,179.458,11.8909,0.7256,121.35
1411_5.png,"MSRCR (σ=[15,80,250])",6.6992,101.783,27.1233,62.7303,132.8496,15.8029,0.6532,2906.34
1412_3.png,DCP (Dark Channel Prior),7.2544,70.3268,36.5995,57.8912,82.5042,15.2222,0.8149,83.47
1412_3.png,CLAHE (LAB),7.6443,58.821,18.5278,70.6253,139.5923,14.5436,0.7582,125.33
1412_3.png,"MSRCR (σ=[15,80,250])",6.8698,85.1102,30.787,74.4397,138.0261,14.2347,0.6884,3096.06
1411_7.png,DCP (Dark Channel Prior),6.3768,89.3659,37.6778,39.1259,123.6574,20.4654,0.8887,207.4
1411_7.png,CLAHE (LAB),6.2728,52.7587,14.3837,37.8539,185.9664,10.9106,0.7125,113.85
1411_7.png,"MSRCR (σ=[15,80,250])",6.7055,101.2977,26.6586,62.2849,132.8216,15.7567,0.6491,3291.73
1412_1.png,DCP (Dark Channel Prior),7.2593,70.8926,36.9439,58.2966,80.6392,15.0542,0.818,120.27
1412_1.png,CLAHE (LAB),7.6807,60.8922,20.1544,73.3119,134.7212,15.3277,0.7642,121.26
1412_1.png,"MSRCR (σ=[15,80,250])",6.9233,86.1157,31.5031,75.7592,138.0408,14.5649,0.6974,3321.9
1411_8.png,DCP (Dark Channel Prior),6.3826,88.6419,37.2879,39.0534,124.8856,20.6187,0.8842,130.23
1411_8.png,CLAHE (LAB),6.227,50.847,13.4764,36.4422,188.7704,10.5279,0.7067,109.91
1411_8.png,"MSRCR (σ=[15,80,250])",6.7071,101.0641,26.4136,62.0974,132.8645,15.7193,0.6467,3728.3
1411_3.png,DCP (Dark Channel Prior),6.7161,90.54,39.0446,39.36,118.3026,19.6613,0.9048,120.41
1411_3.png,CLAHE (LAB),6.8297,61.3809,18.7761,44.2091,172.484,13.0093,0.7365,118.97
1411_3.png,"MSRCR (σ=[15,80,250])",6.7082,102.2623,27.7344,63.2199,133.1314,15.796,0.6581,3766.2
1411_9.png,DCP (Dark Channel Prior),6.3884,87.8845,36.8824,38.9666,126.1643,20.7591,0.8796,169.25
1411_9.png,CLAHE (LAB),6.1746,48.7539,12.6127,34.9741,191.7584,10.1281,0.6999,122.58
1411_9.png,"MSRCR (σ=[15,80,250])",6.7058,100.8317,26.2085,61.944,132.9462,15.6729,0.6446,3601.62
1411_10.png,DCP (Dark Channel Prior),6.3891,87.1582,36.4644,38.8647,127.4474,20.8529,0.8751,129.94
1411_10.png,CLAHE (LAB),6.1315,47.078,11.7733,33.6508,194.3032,9.8102,0.6939,133.13
1411_10.png,"MSRCR (σ=[15,80,250])",6.7041,100.5918,26.0141,61.6946,133.0523,15.6212,0.6427,3789.53
1412_4.png,DCP (Dark Channel Prior),7.2597,70.0256,36.4235,57.6914,83.4607,15.3003,0.8133,66.9
1412_4.png,CLAHE (LAB),7.6267,57.682,17.8025,69.2354,142.3502,14.1026,0.7536,4.48
1412_4.png,"MSRCR (σ=[15,80,250])",6.8525,84.6827,30.4088,73.7763,138.1239,14.0506,0.6845,1850.0
1412_5.png,DCP (Dark Channel Prior),7.265,69.6837,36.2084,57.5032,84.4993,15.3802,0.8116,69.85
1412_5.png,CLAHE (LAB),7.6088,56.8059,17.1013,67.9588,144.7654,13.7165,0.7495,3.55
1412_5.png,"MSRCR (σ=[15,80,250])",6.8459,84.31,30.0241,73.1179,138.2694,13.8598,0.6813,1657.3
1412_7.png,DCP (Dark Channel Prior),7.3718,68.1177,35.6246,56.846,85.992,15.4457,0.8058,98.37
1412_7.png,CLAHE (LAB),7.5862,55.128,15.8078,65.2124,149.2566,13.0659,0.7424,5.68
1412_7.png,"MSRCR (σ=[15,80,250])",6.8646,83.7189,29.3058,71.9868,138.592,13.4808,0.6762,1498.32
1412_6.png,DCP (Dark Channel Prior),7.3673,68.4788,35.8348,57.0863,84.9055,15.3788,0.8077,93.24
1412_6.png,CLAHE (LAB),7.6039,56.0171,16.4447,66.4662,146.9638,13.4033,0.7469,6.36
1412_6.png,"MSRCR (σ=[15,80,250])",6.8497,83.9925,29.6664,72.5376,138.4082,13.672,0.6785,1685.86
1412_8.png,DCP (Dark Channel Prior),7.3776,67.765,35.4047,56.6214,87.1003,15.5082,0.8042,95.49
1412_8.png,CLAHE (LAB),7.564,54.181,15.2148,63.644,151.7629,12.7174,0.7383,4.63
1412_8.png,"MSRCR (σ=[15,80,250])",6.8908,83.4694,28.9611,71.4592,138.8011,13.2928,0.6744,1624.18
1413_4.png,DCP (Dark Channel Prior),7.1855,61.5943,33.2594,55.5756,87.1143,17.4452,0.8394,125.54
1413_4.png,CLAHE (LAB),7.3972,49.8975,13.5873,60.0257,165.5252,11.2844,0.734,138.81
1413_4.png,"MSRCR (σ=[15,80,250])",7.2031,77.629,37.051,78.3455,136.7432,14.4203,0.7159,1608.73
1413_9.png,DCP (Dark Channel Prior),7.228,58.9217,30.8464,52.7269,98.4444,19.2839,0.8504,140.01
1413_9.png,CLAHE (LAB),7.132,43.3358,9.4114,45.4411,185.8734,9.1019,0.7015,120.08
1413_9.png,"MSRCR (σ=[15,80,250])",7.363,71.9263,32.3469,71.4402,137.6823,14.2834,0.7339,2788.6
1413_7.png,DCP (Dark Channel Prior),7.2094,60.0437,31.8182,53.9814,93.6925,18.5852,0.8484,144.6
1413_7.png,CLAHE (LAB),7.2396,45.8408,10.8237,51.0189,178.2275,9.8663,0.7166,114.1
1413_7.png,"MSRCR (σ=[15,80,250])",7.3139,74.2761,34.2463,74.4561,137.195,14.3884,0.7287,2843.94
1412_10.png,DCP (Dark Channel Prior),7.3931,67.0597,34.9496,56.1439,89.4379,15.6119,0.8009,135.14
1412_10.png,CLAHE (LAB),7.522,52.4903,14.1091,60.9285,156.7106,12.0276,0.7286,151.61
1412_10.png,"MSRCR (σ=[15,80,250])",6.9447,83.016,28.2829,70.4409,139.2853,12.9302,0.6714,2881.28
1413_6.png,DCP (Dark Channel Prior),7.2057,60.5422,32.3185,54.4858,91.3745,18.2044,0.8463,126.54
1413_6.png,CLAHE (LAB),7.2991,47.1745,11.6378,53.9411,173.9273,10.3318,0.7237,116.22
1413_6.png,"MSRCR (σ=[15,80,250])",7.2842,75.4225,35.1791,75.8485,136.9928,14.4181,0.7253,3143.41
1413_5.png,DCP (Dark Channel Prior),7.1949,61.0996,32.7378,55.0491,89.155,17.8142,0.8433,130.68
1413_5.png,CLAHE (LAB),7.3508,48.6948,12.5489,56.9392,169.8424,10.7771,0.729,110.39
1413_5.png,"MSRCR (σ=[15,80,250])",7.2473,76.5603,36.1304,77.1684,136.8217,14.4293,0.7208,3296.75
1413_8.png,DCP (Dark Channel Prior),7.2153,59.5578,31.4274,53.3247,96.0073,18.9709,0.8501,127.45
1413_8.png,CLAHE (LAB),7.1925,44.5883,10.1086,48.3078,182.0045,9.4857,0.7094,106.99
1413_8.png,"MSRCR (σ=[15,80,250])",7.3402,73.1052,33.2894,72.9579,137.4379,14.3433,0.7318,3550.33
1413_2.png,DCP (Dark Channel Prior),7.1704,62.7629,34.0697,56.458,83.7822,16.8291,0.8321,117.94
1413_2.png,CLAHE (LAB),7.5062,52.4806,15.8061,65.914,156.71,12.388,0.7455,112.62
1413_2.png,"MSRCR (σ=[15,80,250])",7.1093,79.572,38.8363,80.2865,136.9254,14.3303,0.7038,3738.51
1412_9.png,DCP (Dark Channel Prior),7.385,67.3926,35.1678,56.3689,88.2749,15.5638,0.8025,108.93
1412_9.png,CLAHE (LAB),7.5404,53.3469,14.6577,62.2968,154.1061,12.3788,0.7336,114.03
1412_9.png,"MSRCR (σ=[15,80,250])",6.9163,83.2425,28.6213,70.9522,139.0327,13.1078,0.6728,3765.14
1413_3.png,DCP (Dark Channel Prior),7.1952,61.747,33.6072,55.79,85.1391,17.0888,0.8359,139.76
1413_3.png,CLAHE (LAB),7.4517,51.0808,14.6707,62.8042,160.7532,11.8768,0.7419,123.95
1413_3.png,"MSRCR (σ=[15,80,250])",7.1577,78.6311,37.9624,79.2884,136.7729,14.388,0.7104,3613.34
1413_1.png,DCP (Dark Channel Prior),7.1624,63.2174,34.501,56.9691,81.9165,16.4946,0.8264,126.63
1413_1.png,CLAHE (LAB),7.5439,53.8571,17.1825,69.1193,152.2628,12.976,0.7498,108.21
1413_1.png,"MSRCR (σ=[15,80,250])",7.0677,80.4302,39.6493,81.214,137.2304,14.2443,0.6976,4001.43
1413_10.png,DCP (Dark Channel Prior),7.2304,58.5066,30.3304,51.9439,101.3234,19.6425,0.851,56.69
1413_10.png,CLAHE (LAB),7.0582,41.7457,8.744,42.9398,189.3865,8.7749,0.6927,6.17
1413_10.png,"MSRCR (σ=[15,80,250])",7.3769,70.7581,31.405,69.736,137.9458,14.2113,0.7359,2344.74
1414_1.png,DCP (Dark Channel Prior),7.3543,77.3737,36.1228,76.3003,97.0043,15.6071,0.8105,78.6
1414_1.png,CLAHE (LAB),7.5368,58.3027,16.589,79.823,152.1413,14.33,0.7529,6.18
1414_1.png,"MSRCR (σ=[15,80,250])",6.7308,89.8196,29.1219,78.3803,137.2618,17.2095,0.7295,1411.08
1414_2.png,DCP (Dark Channel Prior),7.3585,76.9473,35.7516,75.412,98.3496,15.8116,0.8126,93.02
1414_2.png,CLAHE (LAB),7.497,56.5415,15.4676,76.4575,155.8787,13.8164,0.7521,9.69
1414_2.png,"MSRCR (σ=[15,80,250])",6.7396,89.7728,28.7737,78.1332,136.5711,17.2727,0.7303,1393.31
1414_3.png,DCP (Dark Channel Prior),7.4054,75.927,35.2528,74.2205,99.0357,15.887,0.8132,61.44
1414_3.png,CLAHE (LAB),7.4421,55.0001,14.3578,72.8445,160.0458,13.294,0.7524,8.47
1414_3.png,"MSRCR (σ=[15,80,250])",6.7666,89.6313,28.3694,77.9425,136.0446,17.3122,0.7325,1440.12
1414_4.png,DCP (Dark Channel Prior),7.4007,75.5219,34.8721,73.5227,100.4887,16.0941,0.815,89.43
1414_4.png,CLAHE (LAB),7.3974,53.5482,13.3762,69.5639,163.5406,12.8454,0.7525,3.96
1414_4.png,"MSRCR (σ=[15,80,250])",6.8257,89.3281,27.9537,77.7169,135.6443,17.3268,0.7366,1455.56
1414_10.png,DCP (Dark Channel Prior),7.3881,72.2665,32.109,67.4372,110.4439,17.361,0.8292,129.4
1414_10.png,CLAHE (LAB),7.0924,44.7457,8.8658,50.7699,183.9134,10.3943,0.7352,98.33
1414_10.png,"MSRCR (σ=[15,80,250])",7.2384,84.5949,25.4754,75.2225,135.8123,16.9842,0.7622,2152.55
1414_9.png,DCP (Dark Channel Prior),7.3991,72.8064,32.6117,68.5711,108.5758,17.1563,0.8266,203.97
1414_9.png,CLAHE (LAB),7.1385,46.0084,9.5015,53.5238,180.7691,10.7471,0.7408,122.9
1414_9.png,"MSRCR (σ=[15,80,250])",7.1805,85.6647,25.9,75.8009,135.5622,17.0925,0.7607,2832.74
1414_5.png,DCP (Dark Channel Prior),7.3992,75.0408,34.4763,72.6838,101.9844,16.3066,0.8175,130.64
1414_5.png,CLAHE (LAB),7.3429,51.799,12.5006,66.0842,167.4837,12.3359,0.7515,103.98
1414_5.png,"MSRCR (σ=[15,80,250])",6.9029,88.8623,27.5509,77.4714,135.3844,17.3223,0.7432,3224.69
1415_3.png,DCP (Dark Channel Prior),6.854,52.0962,30.9109,26.13,63.3347,15.6549,0.7947,91.13
1415_3.png,CLAHE (LAB),7.5112,49.179,15.3516,41.694,143.0273,13.3847,0.7596,91.79
1415_3.png,"MSRCR (σ=[15,80,250])",6.7669,83.0828,25.5692,55.231,140.4868,12.0051,0.6323,3272.69
1415_4.png,DCP (Dark Channel Prior),6.8741,51.8174,30.5745,26.079,64.4743,15.8655,0.7998,131.56
1415_4.png,CLAHE (LAB),7.4883,48.7393,14.6172,40.4792,146.276,12.9416,0.7539,154.89
1415_4.png,"MSRCR (σ=[15,80,250])",6.7716,83.1415,25.0747,54.3782,140.6587,11.9611,0.6325,2979.94
1414_7.png,DCP (Dark Channel Prior),7.3998,73.9543,33.5701,70.6718,105.1344,16.7366,0.8224,135.19
1414_7.png,CLAHE (LAB),7.2406,48.8605,10.8661,59.6054,174.2224,11.5011,0.748,124.16
1414_7.png,"MSRCR (σ=[15,80,250])",7.0435,87.5107,26.7446,76.737,135.2948,17.2493,0.7544,3004.48
1415_1.png,DCP (Dark Channel Prior),6.8178,52.0105,31.5144,26.0698,60.682,15.1852,0.7814,123.43
1415_1.png,CLAHE (LAB),7.5574,50.0129,17.1166,44.2567,136.6226,14.3053,0.7682,102.76
1415_1.png,"MSRCR (σ=[15,80,250])",6.7674,82.8961,26.5816,57.0352,140.2829,12.0715,0.6321,3181.39
1414_8.png,DCP (Dark Channel Prior),7.3987,73.4067,33.11,69.6335,106.8418,16.9501,0.8245,173.6
1414_8.png,CLAHE (LAB),7.1886,47.3235,10.1551,56.5007,177.7905,11.0793,0.7445,119.27
1414_8.png,"MSRCR (σ=[15,80,250])",7.1096,86.6505,26.3395,76.3514,135.3842,17.1811,0.7576,3326.24
1414_6.png,DCP (Dark Channel Prior),7.3994,74.5101,34.0315,71.6628,103.5342,16.5203,0.8201,86.87
1414_6.png,CLAHE (LAB),7.2921,50.2938,11.6938,62.7791,170.937,11.9112,0.7505,105.65
1414_6.png,"MSRCR (σ=[15,80,250])",6.9746,88.2603,27.154,77.1232,135.2747,17.2963,0.7494,3720.5
1415_5.png,DCP (Dark Channel Prior),6.8931,51.7302,30.2105,26.1083,65.782,16.1123,0.8053,133.79
1415_5.png,CLAHE (LAB),7.4638,48.3283,13.9345,39.2771,149.0758,12.5591,0.7491,100.12
1415_5.png,"MSRCR (σ=[15,80,250])",6.7789,83.1816,24.5976,53.5443,140.8853,11.9111,0.6327,3686.24
1415_2.png,DCP (Dark Channel Prior),6.8347,52.1317,31.2375,26.0933,62.0246,15.4199,0.7883,142.12
1415_2.png,CLAHE (LAB),7.5365,49.6094,16.1977,42.9664,139.9799,13.8236,0.7638,106.9
1415_2.png,"MSRCR (σ=[15,80,250])",6.7666,83.0001,26.0775,56.115,140.3489,12.043,0.6321,3712.79
1415_6.png,DCP (Dark Channel Prior),6.9137,51.7573,29.8958,26.0981,67.2342,16.3834,0.811,75.79
1415_6.png,CLAHE (LAB),7.4358,47.9771,13.2979,38.0571,152.0113,12.1787,0.7439,6.0
1415_6.png,"MSRCR (σ=[15,80,250])",6.7854,83.2189,24.1602,52.7143,141.138,11.856,0.6327,2391.67
1415_9.png,DCP (Dark Channel Prior),6.9829,51.6522,28.7242,26.0912,71.6819,17.2114,0.8259,88.03
1415_9.png,CLAHE (LAB),7.373,47.1425,11.5737,34.9289,160.6963,11.0927,0.7239,2.71
1415_9.png,"MSRCR (σ=[15,80,250])",6.8062,83.2179,22.9255,50.4786,142.0072,11.6807,0.6323,1497.31
1415_8.png,DCP (Dark Channel Prior),6.9594,51.7074,29.0941,26.0797,70.1865,16.9188,0.821,119.79
1415_8.png,CLAHE (LAB),7.4019,47.5209,12.1086,35.9459,157.9044,11.4341,0.7308,3.53
1415_8.png,"MSRCR (σ=[15,80,250])",6.7987,83.2353,23.3174,51.1756,141.6985,11.7404,0.6325,1407.67
1415_7.png,DCP (Dark Channel Prior),6.9385,51.7034,29.4837,26.0832,68.671,16.6416,0.8163,103.48
1415_7.png,CLAHE (LAB),7.4202,47.7289,12.6942,37.0142,154.9823,11.8041,0.7373,2.58
1415_7.png,"MSRCR (σ=[15,80,250])",6.7916,83.2364,23.7328,51.9454,141.4095,11.7986,0.6325,1600.71
1415_10.png,DCP (Dark Channel Prior),7.0055,51.8963,28.4343,26.0657,73.4083,17.529,0.8306,95.53
1415_10.png,CLAHE (LAB),7.3542,46.9589,11.0785,34.0115,163.2615,10.7988,0.7176,3.52
1415_10.png,"MSRCR (σ=[15,80,250])",6.8129,83.1837,22.5573,49.7021,142.3098,11.6215,0.6322,1555.66
1417_1.png,DCP (Dark Channel Prior),7.6423,61.8447,34.847,74.8295,91.635,16.3661,0.8929,146.13
1417_1.png,CLAHE (LAB),7.7742,61.2462,17.8264,93.133,139.9356,16.3718,0.811,119.59
1417_1.png,"MSRCR (σ=[15,80,250])",6.8944,86.7372,26.2316,104.6049,142.8688,15.7514,0.7783,2514.56
1416_6.png,DCP (Dark Channel Prior),7.2364,40.7748,35.4008,38.9696,93.3711,11.6238,0.788,155.85
1416_6.png,CLAHE (LAB),7.487,53.2107,19.1009,56.6154,159.6285,16.6723,0.845,90.44
1416_6.png,"MSRCR (σ=[15,80,250])",7.319,79.1745,32.6951,72.8904,143.6704,14.9659,0.6909,2780.05
1416_4.png,DCP (Dark Channel Prior),7.2646,41.2775,35.3107,39.2876,91.8968,11.5841,0.7893,123.16
1416_4.png,CLAHE (LAB),7.525,54.693,19.8531,58.6268,156.6679,17.3551,0.8459,119.63
1416_4.png,"MSRCR (σ=[15,80,250])",7.3194,80.5902,32.9477,74.4196,143.4489,15.4085,0.6946,2833.01
1416_10.png,DCP (Dark Channel Prior),7.1846,39.5774,36.1638,38.1784,96.446,11.6513,0.785,91.62
1416_10.png,CLAHE (LAB),7.4111,50.4692,17.7866,52.6995,165.2812,15.4046,0.8416,185.76
1416_10.png,"MSRCR (σ=[15,80,250])",7.3314,76.5983,32.2365,70.0473,144.1915,14.1529,0.6868,2779.84
1416_1.png,DCP (Dark Channel Prior),7.3041,42.0608,34.7009,39.8011,89.7012,11.4987,0.7899,115.0
1416_1.png,CLAHE (LAB),7.5754,56.7863,21.1268,61.6099,152.8073,18.1215,0.8449,111.0
1416_1.png,"MSRCR (σ=[15,80,250])",7.2825,83.0202,33.1649,76.3486,143.1589,16.0064,0.7044,3084.47
1416_5.png,DCP (Dark Channel Prior),7.2506,41.0509,35.3914,39.1268,92.6751,11.6099,0.7887,158.88
1416_5.png,CLAHE (LAB),7.5075,53.9417,19.4655,57.6134,158.0986,16.994,0.8455,118.99
1416_5.png,"MSRCR (σ=[15,80,250])",7.3173,79.8567,32.826,73.6275,143.5638,15.1861,0.6923,3458.03
1416_2.png,DCP (Dark Channel Prior),7.2918,41.8064,34.7204,39.6358,90.2587,11.511,0.7892,126.45
1416_2.png,CLAHE (LAB),7.5552,56.1112,20.68,60.5705,154.064,17.9401,0.8461,180.05
1416_2.png,"MSRCR (σ=[15,80,250])",7.3047,82.2143,33.1514,75.8333,143.2203,15.8264,0.7013,3235.81
1416_9.png,DCP (Dark Channel Prior),7.1954,39.8099,36.0339,38.3606,95.6928,11.6486,0.7859,132.92
1416_9.png,CLAHE (LAB),7.4302,51.1448,18.0865,53.7443,163.7688,15.7437,0.8422,151.02
1416_9.png,"MSRCR (σ=[15,80,250])",7.3343,77.2016,32.3481,70.775,144.059,14.3441,0.6882,3647.14
1416_3.png,DCP (Dark Channel Prior),7.2766,41.5262,35.1793,39.3778,91.1789,11.5561,0.7902,116.18
1416_3.png,CLAHE (LAB),7.5392,55.3329,20.2575,59.5654,155.4139,17.6658,0.8463,115.31
1416_3.png,"MSRCR (σ=[15,80,250])",7.3172,81.3831,33.0586,75.1443,143.3257,15.6244,0.6981,3881.0
1416_8.png,DCP (Dark Channel Prior),7.2084,40.1405,35.777,38.5839,94.8496,11.6366,0.7863,121.45
1416_8.png,CLAHE (LAB),7.4524,51.9249,18.408,54.69,162.4041,16.0528,0.8438,122.71
1416_8.png,"MSRCR (σ=[15,80,250])",7.3341,77.8462,32.4694,71.5082,143.9137,14.5437,0.69,3818.86
1416_7.png,DCP (Dark Channel Prior),7.2259,40.5882,35.3863,38.8804,94.1963,11.6493,0.787,122.37
1416_7.png,CLAHE (LAB),7.4709,52.6178,18.7454,55.7245,160.9121,16.39,0.8446,116.18
1416_7.png,"MSRCR (σ=[15,80,250])",7.3272,78.5195,32.5801,72.1904,143.7739,14.7506,0.6908,3983.53
1417_2.png,DCP (Dark Channel Prior),7.6509,61.7219,34.4928,74.2022,92.9808,16.6446,0.8952,123.41
1417_2.png,CLAHE (LAB),7.7507,60.7477,16.7527,90.5357,142.7066,16.0924,0.8124,4.03
1417_2.png,"MSRCR (σ=[15,80,250])",6.9318,86.4159,26.022,103.3832,142.8874,15.7628,0.7809,1756.0
1417_4.png,DCP (Dark Channel Prior),7.6639,61.2447,33.6358,72.7634,95.4694,17.1646,0.8977,91.57
1417_4.png,CLAHE (LAB),7.704,59.9943,14.8413,85.4421,147.9702,15.4788,0.813,4.55
1417_4.png,"MSRCR (σ=[15,80,250])",6.9898,85.5678,25.5043,100.5191,143.1419,15.7304,0.7829,1685.89
1417_3.png,DCP (Dark Channel Prior),7.6595,61.3781,34.0091,73.4039,94.0533,16.8624,0.8963,109.58
1417_3.png,CLAHE (LAB),7.7265,60.4271,15.7613,87.9999,145.0413,15.876,0.814,4.87
1417_3.png,"MSRCR (σ=[15,80,250])",6.9638,86.0099,25.7698,102.0183,142.9806,15.7573,0.7823,1629.92
1417_6.png,DCP (Dark Channel Prior),7.6717,61.0128,32.8041,71.3985,98.4332,17.8047,0.8998,80.27
1417_6.png,CLAHE (LAB),7.6603,59.3801,13.2463,80.5313,153.3751,14.7374,0.8087,6.33
1417_6.png,"MSRCR (σ=[15,80,250])",7.021,84.6118,24.8859,97.2413,143.5625,15.6244,0.7819,1712.43
1417_5.png,DCP (Dark Channel Prior),7.6689,61.1264,33.2507,72.0875,96.8969,17.4726,0.899,155.23
1417_5.png,CLAHE (LAB),7.6828,59.5827,14.0227,82.9621,150.7492,15.083,0.811,4.54
1417_5.png,"MSRCR (σ=[15,80,250])",7.0091,85.0905,25.2038,98.8879,143.343,15.686,0.783,1565.93
1417_10.png,DCP (Dark Channel Prior),7.688,60.6425,31.0425,68.4451,104.9892,19.241,0.9013,136.8
1417_10.png,CLAHE (LAB),7.5528,58.2063,10.7295,70.6895,164.4648,13.2012,0.7866,119.59
1417_10.png,"MSRCR (σ=[15,80,250])",7.0428,82.6913,23.5801,90.4346,144.4788,15.2652,0.772,2634.46
1417_9.png,DCP (Dark Channel Prior),7.6824,60.7397,31.4929,69.1906,103.3658,18.8832,0.9012,148.36
1417_9.png,CLAHE (LAB),7.579,58.3599,11.2745,73.1848,161.8134,13.5604,0.7933,119.16
1417_9.png,"MSRCR (σ=[15,80,250])",7.04,83.1607,23.8986,92.1295,144.2514,15.3682,0.7752,2672.6
1418_5.png,DCP (Dark Channel Prior),7.805,70.6442,36.584,80.2217,105.4724,18.1144,0.8981,117.02
1418_5.png,CLAHE (LAB),7.8203,62.1784,18.4111,93.1069,144.8071,15.1463,0.7804,89.86
1418_5.png,"MSRCR (σ=[15,80,250])",7.0211,90.7842,33.0747,109.91,137.5888,15.9191,0.7278,2798.44
1418_3.png,DCP (Dark Channel Prior),7.79,71.2271,37.2031,81.1304,103.5622,17.8198,0.9025,126.77
1418_3.png,CLAHE (LAB),7.848,63.6543,20.3403,97.1831,140.2842,15.6179,0.7811,119.93
1418_3.png,"MSRCR (σ=[15,80,250])",7.002,91.5215,33.6853,112.5484,137.5286,16.0706,0.7299,2692.31
1418_2.png,DCP (Dark Channel Prior),7.7866,71.3935,37.4609,81.4717,102.5562,17.6464,0.9045,118.21
1418_2.png,CLAHE (LAB),7.8585,64.3252,21.4322,99.3399,138.1827,15.7349,0.7789,111.27
1418_2.png,"MSRCR (σ=[15,80,250])",6.9916,91.9117,33.9599,113.9176,137.5615,16.1221,0.7313,2905.48
1417_7.png,DCP (Dark Channel Prior),7.6747,60.9339,32.3577,70.7003,100.0517,18.1581,0.9007,81.8
1417_7.png,CLAHE (LAB),7.6332,58.9185,12.5293,77.982,156.2484,14.335,0.8041,96.1
1417_7.png,"MSRCR (σ=[15,80,250])",7.0307,84.1196,24.5571,95.5446,143.7969,15.55,0.7803,3270.26
1418_1.png,DCP (Dark Channel Prior),7.7839,71.561,37.7038,81.8078,101.5852,17.4804,0.9064,127.43
1418_1.png,CLAHE (LAB),7.8721,65.1322,22.6065,101.4055,136.0971,15.8323,0.7765,104.76
1418_1.png,"MSRCR (σ=[15,80,250])",6.9757,92.3149,34.1861,115.2637,137.6548,16.1516,0.7327,3115.95
1418_6.png,DCP (Dark Channel Prior),7.8102,70.3851,36.288,79.7741,106.4855,18.264,0.8958,112.03
1418_6.png,CLAHE (LAB),7.8047,61.5084,17.5325,90.8856,147.1796,14.8762,0.7796,199.89
1418_6.png,"MSRCR (σ=[15,80,250])",7.0302,90.4317,32.7523,108.6292,137.6598,15.8273,0.7268,3376.44
1418_4.png,DCP (Dark Channel Prior),7.7949,71.0392,36.9235,80.7397,104.6151,17.9955,0.9006,126.53
1418_4.png,CLAHE (LAB),7.8342,62.8811,19.3401,95.0776,142.6321,15.3752,0.7808,123.33
1418_4.png,"MSRCR (σ=[15,80,250])",7.012,91.1436,33.3826,111.224,137.544,16.0013,0.7287,3567.97
1418_7.png,DCP (Dark Channel Prior),7.8187,70.0068,35.9381,79.2254,107.3689,18.3807,0.8931,126.96
1418_7.png,CLAHE (LAB),7.7901,60.9234,16.7201,88.7834,149.4509,14.6254,0.7783,118.12
1418_7.png,"MSRCR (σ=[15,80,250])",7.0406,90.0985,32.4186,107.3892,137.749,15.7295,0.7258,3782.74
1417_8.png,DCP (Dark Channel Prior),7.6777,60.8004,31.9467,69.95,101.6583,18.5113,0.9008,116.78
1417_8.png,CLAHE (LAB),7.6096,58.6656,11.8812,75.5861,159.0547,13.9323,0.7992,108.91
1417_8.png,"MSRCR (σ=[15,80,250])",7.037,83.6314,24.2311,93.8231,144.0316,15.464,0.7781,4009.19
1418_10.png,DCP (Dark Channel Prior),7.8281,69.3591,34.9605,77.9513,110.9853,18.838,0.8852,94.66
1418_10.png,CLAHE (LAB),7.7393,59.128,14.5775,82.5966,156.4884,13.6909,0.7692,4.72
1418_10.png,"MSRCR (σ=[15,80,250])",7.0765,89.1137,31.402,103.8075,138.1176,15.4089,0.7221,1534.01
1418_8.png,DCP (Dark Channel Prior),7.8218,69.7729,35.597,78.817,108.5441,18.5253,0.8903,105.38
1418_8.png,CLAHE (LAB),7.7746,60.3759,15.9513,86.762,151.6756,14.3362,0.776,3.67
1418_8.png,"MSRCR (σ=[15,80,250])",7.0525,89.7678,32.0892,106.1806,137.8608,15.6249,0.7246,1681.86
1418_9.png,DCP (Dark Channel Prior),7.8259,69.5373,35.2854,78.3668,109.6985,18.681,0.8876,106.43
1418_9.png,CLAHE (LAB),7.759,59.8935,15.234,84.7868,153.8665,14.0685,0.7738,4.64
1418_9.png,"MSRCR (σ=[15,80,250])",7.0637,89.4383,31.7458,104.9888,137.9813,15.5174,0.7234,1661.54
1419_2.png,DCP (Dark Channel Prior),7.7469,62.227,40.0357,78.103,98.2446,19.4223,0.9328,100.22
1419_2.png,CLAHE (LAB),7.88,64.1012,25.8263,108.1035,133.3682,16.2169,0.793,5.47
1419_2.png,"MSRCR (σ=[15,80,250])",7.0356,91.8467,41.8373,128.7604,137.2191,15.1309,0.7078,1607.98
1419_1.png,DCP (Dark Channel Prior),7.7466,62.4002,40.2012,78.4253,97.3909,19.2583,0.9348,99.61
1419_1.png,CLAHE (LAB),7.8897,64.8194,27.0054,110.2107,131.7456,16.3905,0.7919,6.22
1419_1.png,"MSRCR (σ=[15,80,250])",7.0366,92.2063,42.1148,130.5467,137.2077,15.2033,0.7094,1661.0
1419_3.png,DCP (Dark Channel Prior),7.7483,62.0589,39.8583,77.7759,99.1098,19.5939,0.9311,125.91
1419_3.png,CLAHE (LAB),7.8694,63.4142,24.7467,105.808,135.2846,16.0338,0.7943,101.81
1419_3.png,"MSRCR (σ=[15,80,250])",7.0353,91.5167,41.5067,126.9668,137.2929,15.0337,0.7059,2143.42
1420_1.png,DCP (Dark Channel Prior),7.5008,58.5726,45.5434,61.7024,86.5753,18.0514,0.8933,138.26
1420_1.png,CLAHE (LAB),7.7666,56.9994,22.8742,78.2143,134.995,14.392,0.7666,128.15
1420_1.png,"MSRCR (σ=[15,80,250])",7.0582,89.4022,43.635,97.1203,131.5589,14.4726,0.6198,2531.78
1420_3.png,DCP (Dark Channel Prior),7.5002,57.9798,44.866,61.1451,89.7981,18.6952,0.8941,132.56
1420_3.png,CLAHE (LAB),7.7118,54.52,19.9412,73.1941,141.7869,13.4859,0.7605,116.16
1420_3.png,"MSRCR (σ=[15,80,250])",7.1069,88.5159,43.6268,96.6154,131.1246,14.454,0.6188,2645.66
1420_2.png,DCP (Dark Channel Prior),7.5029,58.2655,45.2004,61.4213,88.0886,18.3615,0.8941,128.07
1420_2.png,CLAHE (LAB),7.7414,55.705,21.3493,75.7395,138.2986,13.9547,0.7642,122.2
1420_2.png,"MSRCR (σ=[15,80,250])",7.083,88.9737,43.6633,96.9165,131.271,14.4732,0.6201,2719.78
1419_10.png,DCP (Dark Channel Prior),7.765,60.4098,38.246,74.7258,105.6274,20.3641,0.9118,217.69
1419_10.png,CLAHE (LAB),7.7816,59.1321,18.8091,90.2488,148.9134,14.0092,0.7799,223.04
1419_10.png,"MSRCR (σ=[15,80,250])",7.0504,89.9637,38.8892,115.8186,138.4897,14.0906,0.6907,2520.23
1419_6.png,DCP (Dark Channel Prior),7.7531,61.5508,39.2811,76.7246,101.9686,20.0657,0.9241,122.7
1419_6.png,CLAHE (LAB),7.8364,61.4326,21.8796,99.1196,140.9081,15.254,0.792,113.85
1419_6.png,"MSRCR (σ=[15,80,250])",7.0377,90.7252,40.3913,121.8822,137.7114,14.6557,0.6998,3270.35
1419_4.png,DCP (Dark Channel Prior),7.7494,61.8845,39.6624,77.4123,100.04,19.7554,0.9289,122.47
1419_4.png,CLAHE (LAB),7.8583,62.6544,23.7201,103.6172,136.984,15.7957,0.7939,129.65
1419_4.png,"MSRCR (σ=[15,80,250])",7.0352,91.2267,41.1446,125.2411,137.4021,14.9191,0.7039,3517.21
1419_9.png,DCP (Dark Channel Prior),7.7638,60.6118,38.4827,75.1872,104.5372,20.2829,0.915,90.6
1419_9.png,CLAHE (LAB),7.7941,59.6442,19.5138,92.4379,146.8945,14.3184,0.7835,119.84
1419_9.png,"MSRCR (σ=[15,80,250])",7.0457,90.1333,39.2659,117.2648,138.2785,14.2318,0.6931,3537.0
1419_7.png,DCP (Dark Channel Prior),7.756,61.3646,39.0626,76.3183,103.0071,20.2108,0.9217,122.4
1419_7.png,CLAHE (LAB),7.8237,60.8037,21.0335,96.9275,142.6095,14.9844,0.7901,111.57
1419_7.png,"MSRCR (σ=[15,80,250])",7.0409,90.5139,40.0149,120.2884,137.8923,14.5157,0.6977,3644.82
1419_5.png,DCP (Dark Channel Prior),7.7516,61.7215,39.4727,77.0769,101.0135,19.9203,0.9266,145.81
1419_5.png,CLAHE (LAB),7.8479,62.0748,22.7636,101.4774,138.6898,15.5844,0.7939,113.02
1419_5.png,"MSRCR (σ=[15,80,250])",7.0366,90.959,40.7714,123.5385,137.5466,14.7912,0.702,3860.37
1419_8.png,DCP (Dark Channel Prior),7.7609,60.7937,38.7031,75.6006,103.494,20.172,0.918,121.56
1419_8.png,CLAHE (LAB),7.8072,60.1708,20.253,94.6704,144.7523,14.6612,0.7872,125.26
1419_8.png,"MSRCR (σ=[15,80,250])",7.0421,90.3114,39.632,118.7512,138.0742,14.3737,0.6954,3902.73
1420_4.png,DCP (Dark Channel Prior),7.4986,57.4475,44.3764,60.6782,91.2443,18.9495,0.8932,74.9
1420_4.png,CLAHE (LAB),7.6782,53.3341,18.6584,70.5438,145.6265,13.0212,0.7564,7.47
1420_4.png,"MSRCR (σ=[15,80,250])",7.1229,88.053,43.5486,96.2113,131.0757,14.4186,0.6177,2099.31
1420_7.png,DCP (Dark Channel Prior),7.5008,56.3082,43.0552,59.5257,96.7599,19.8968,0.8892,92.63
1420_7.png,CLAHE (LAB),7.5691,49.7887,15.3657,62.952,157.0129,11.629,0.7389,5.87
1420_7.png,"MSRCR (σ=[15,80,250])",7.1587,86.7029,43.2763,94.8334,131.4172,14.2282,0.616,1442.27
1420_5.png,DCP (Dark Channel Prior),7.4987,57.1044,43.9808,60.3589,93.0729,19.2825,0.8923,94.89
1420_5.png,CLAHE (LAB),7.6473,52.1291,17.4821,68.1238,149.2062,12.5668,0.7513,4.14
1420_5.png,"MSRCR (σ=[15,80,250])",7.1359,87.6013,43.4885,95.8401,131.1235,14.3666,0.6163,1776.95
1420_6.png,DCP (Dark Channel Prior),7.4993,56.7223,43.5485,59.9753,94.9421,19.6027,0.891,97.1
1420_6.png,CLAHE (LAB),7.6094,50.9617,16.3705,65.6059,153.2221,12.0577,0.745,6.12
1420_6.png,"MSRCR (σ=[15,80,250])",7.1485,87.1514,43.3873,95.3631,131.2432,14.3023,0.6159,1597.11
1420_8.png,DCP (Dark Channel Prior),7.501,55.9235,42.5659,59.1235,98.8289,20.1642,0.8868,96.41
1420_8.png,CLAHE (LAB),7.5248,48.5555,14.4216,60.4437,160.8428,11.2001,0.731,2.15
1420_8.png,"MSRCR (σ=[15,80,250])",7.1718,86.2622,43.1665,94.3109,131.6375,14.1467,0.616,1413.13
1420_10.png,DCP (Dark Channel Prior),7.5063,55.0132,41.4745,58.1254,103.0146,20.5383,0.8806,122.17
1420_10.png,CLAHE (LAB),7.4334,46.1186,12.7346,55.56,168.5954,10.3563,0.7129,115.89
1420_10.png,"MSRCR (σ=[15,80,250])",7.196,85.3881,42.9033,93.2462,132.1981,13.9638,0.616,2299.79
1421_4.png,DCP (Dark Channel Prior),7.4044,47.3888,42.9749,50.7727,83.6536,19.203,0.8869,177.66
1421_4.png,CLAHE (LAB),7.6278,50.576,24.6213,69.856,133.1023,14.6315,0.7196,117.39
1421_4.png,"MSRCR (σ=[15,80,250])",7.2417,85.5032,39.738,91.5024,138.0004,11.7607,0.5699,2349.35
1421_1.png,DCP (Dark Channel Prior),7.354,46.0726,41.7712,50.4859,78.011,18.4028,0.891,127.55
1421_1.png,CLAHE (LAB),7.6732,52.3741,27.4096,74.6155,127.415,15.6595,0.7219,98.54
1421_1.png,"MSRCR (σ=[15,80,250])",7.1972,87.4308,39.5951,93.1757,138.4255,11.7286,0.5796,2700.41
1421_2.png,DCP (Dark Channel Prior),7.3697,46.4889,42.0422,50.6074,79.6579,18.6456,0.8894,124.55
1421_2.png,CLAHE (LAB),7.6592,51.7735,26.4236,73.0019,129.3172,15.3178,0.7215,195.46
1421_2.png,"MSRCR (σ=[15,80,250])",7.2251,86.8391,39.7229,92.7764,138.184,11.7511,0.5757,2614.03
1421_5.png,DCP (Dark Channel Prior),7.4171,47.6515,43.5066,50.5753,85.6797,19.4265,0.8858,116.71
1421_5.png,CLAHE (LAB),7.609,49.9595,23.7948,68.3277,135.0861,14.2824,0.7181,113.75
1421_5.png,"MSRCR (σ=[15,80,250])",7.2383,84.8209,39.6304,90.6482,138.0081,11.7502,0.5674,3295.22
1421_9.png,DCP (Dark Channel Prior),7.4431,48.2181,45.0032,49.3693,93.3116,19.402,0.8709,127.77
1421_9.png,CLAHE (LAB),7.5417,47.9401,20.8665,62.3489,142.8986,12.9914,0.7105,104.38
1421_9.png,"MSRCR (σ=[15,80,250])",7.2065,82.383,38.8668,86.7876,138.277,11.6375,0.5582,3444.13
1421_6.png,DCP (Dark Channel Prior),7.4278,48.0059,43.9283,50.5066,87.5997,19.5334,0.8826,127.54
1421_6.png,CLAHE (LAB),7.5928,49.4298,23.0072,66.7724,137.1096,13.9433,0.7166,113.58
1421_6.png,"MSRCR (σ=[15,80,250])",7.2315,84.1594,39.4976,89.7429,138.0496,11.7311,0.5647,3507.4
1421_8.png,DCP (Dark Channel Prior),7.4392,48.2327,44.7161,49.8208,91.6458,19.5301,0.8749,124.42
1421_8.png,CLAHE (LAB),7.5622,48.5387,21.5453,63.7623,140.8913,13.3241,0.7136,123.36
1421_8.png,"MSRCR (σ=[15,80,250])",7.2154,82.942,39.1048,87.773,138.1889,11.6741,0.5602,3465.04
1420_9.png,DCP (Dark Channel Prior),7.5017,55.4865,42.0391,58.6733,100.8665,20.3918,0.8841,99.9
1420_9.png,CLAHE (LAB),7.4836,47.3953,13.5496,57.9773,164.9129,10.7437,0.7219,112.57
1420_9.png,"MSRCR (σ=[15,80,250])",7.1859,85.8294,43.0327,93.8314,131.9033,14.0578,0.6159,3810.11
1421_7.png,DCP (Dark Channel Prior),7.4393,48.236,44.5861,50.1969,90.0908,19.6252,0.8794,125.42
1421_7.png,CLAHE (LAB),7.5751,48.8591,22.2588,65.2613,139.2013,13.589,0.7145,152.39
1421_7.png,"MSRCR (σ=[15,80,250])",7.2235,83.5315,39.3206,88.7762,138.1097,11.706,0.5623,3504.19
1421_3.png,DCP (Dark Channel Prior),7.3858,46.9162,42.427,50.7193,81.5252,18.9081,0.8877,129.64
1421_3.png,CLAHE (LAB),7.6423,51.1512,25.4786,71.3745,131.1134,14.9867,0.7211,122.31
1421_3.png,"MSRCR (σ=[15,80,250])",7.2383,86.1837,39.76,92.2164,138.0536,11.7612,0.5727,3519.65
1421_10.png,DCP (Dark Channel Prior),7.4338,47.9449,44.5423,48.9059,93.7148,19.2357,0.867,88.94
1421_10.png,CLAHE (LAB),7.5214,47.3129,20.2159,60.8779,144.9139,12.6788,0.7079,6.7
1421_10.png,"MSRCR (σ=[15,80,250])",7.1966,81.869,38.5981,85.784,138.3736,11.5958,0.5564,1909.34
1422_1.png,DCP (Dark Channel Prior),7.2,48.6462,36.3508,33.0938,64.5962,21.5742,0.844,64.79
1422_1.png,CLAHE (LAB),7.5263,50.809,24.3334,51.7236,116.607,14.0221,0.5987,7.52
1422_1.png,"MSRCR (σ=[15,80,250])",6.9884,98.2072,43.4574,72.7185,132.9137,9.5934,0.507,1902.64
1422_3.png,DCP (Dark Channel Prior),7.2616,49.8546,35.9945,33.9297,67.923,21.4988,0.8186,92.46
1422_3.png,CLAHE (LAB),7.4826,48.6655,22.1093,48.6318,123.8733,12.8213,0.589,4.4
1422_3.png,"MSRCR (σ=[15,80,250])",6.9722,98.2606,42.5584,70.8243,132.3013,9.5665,0.5086,1583.82
1422_2.png,DCP (Dark Channel Prior),7.2306,49.2247,36.0407,33.5341,66.1702,21.5607,0.8298,96.46
1422_2.png,CLAHE (LAB),7.5051,49.6444,23.18,50.1744,120.3311,13.3873,0.5934,6.47
1422_2.png,"MSRCR (σ=[15,80,250])",6.9809,98.2366,43.0361,71.7229,132.5614,9.5846,0.5077,1773.22
1422_4.png,DCP (Dark Channel Prior),7.2953,50.6544,36.1024,34.3632,69.9669,21.3623,0.8083,99.17
1422_4.png,CLAHE (LAB),7.4667,47.7352,21.1017,47.1636,127.4697,12.266,0.5841,1.93
1422_4.png,"MSRCR (σ=[15,80,250])",6.9624,98.2662,42.0506,69.9353,132.1221,9.5415,0.5098,1380.14
1423_3.png,DCP (Dark Channel Prior),7.3411,50.9513,38.2653,38.3881,74.991,19.5668,0.7721,109.66
1423_3.png,CLAHE (LAB),7.4797,48.0677,19.7907,49.8765,130.8387,10.3986,0.5209,85.94
1423_3.png,"MSRCR (σ=[15,80,250])",6.8936,92.9716,41.1887,72.1783,138.6069,7.926,0.4147,2198.78
1422_10.png,DCP (Dark Channel Prior),7.5496,60.721,41.0711,38.4743,87.7565,17.4567,0.7418,130.35
1422_10.png,CLAHE (LAB),7.37,43.6575,16.3238,39.4424,148.0554,9.6934,0.5531,118.66
1422_10.png,"MSRCR (σ=[15,80,250])",6.9148,98.2947,39.1257,65.4751,131.868,9.3258,0.5074,2759.39
1423_2.png,DCP (Dark Channel Prior),7.3244,50.4417,38.6263,38.2685,72.8437,20.6178,0.7895,129.01
1423_2.png,CLAHE (LAB),7.4948,48.6594,20.8774,51.6983,126.5346,10.9242,0.5273,85.53
1423_2.png,"MSRCR (σ=[15,80,250])",6.9004,93.6065,42.1019,73.9508,138.2075,7.9793,0.4138,2924.26
1423_4.png,DCP (Dark Channel Prior),7.3618,51.7307,38.2108,38.4358,77.4791,18.616,0.7571,133.7
1423_4.png,CLAHE (LAB),7.4637,47.4318,18.7952,48.1225,135.146,9.9008,0.5141,124.3
1423_4.png,"MSRCR (σ=[15,80,250])",6.891,92.4361,40.2907,70.5618,138.957,7.872,0.4156,2847.29
1422_7.png,DCP (Dark Channel Prior),7.3778,52.9585,35.634,35.6477,75.7477,19.9432,0.7748,126.54
1422_7.png,CLAHE (LAB),7.4237,45.6916,18.4934,43.0824,138.2546,10.8371,0.569,190.93
1422_7.png,"MSRCR (σ=[15,80,250])",6.9347,98.2881,40.5283,67.511,131.8655,9.4422,0.5104,2798.1
1422_6.png,DCP (Dark Channel Prior),7.3481,51.9898,35.4813,35.2237,73.4877,20.456,0.7847,128.26
1422_6.png,CLAHE (LAB),7.4356,46.3046,19.3064,44.3833,134.6575,11.2976,0.5739,194.82
1422_6.png,"MSRCR (σ=[15,80,250])",6.9427,98.2893,41.0237,68.2733,131.9101,9.478,0.5105,3198.36
1422_9.png,DCP (Dark Channel Prior),7.4895,57.7212,38.4372,37.4323,83.4751,18.483,0.754,118.78
1422_9.png,CLAHE (LAB),7.3856,44.3219,17.0113,40.6406,144.8372,10.0524,0.5584,120.29
1422_9.png,"MSRCR (σ=[15,80,250])",6.9202,98.2956,39.5716,66.1272,131.8487,9.3648,0.5085,3448.43
1423_1.png,DCP (Dark Channel Prior),7.2892,49.2304,38.1446,37.9147,69.9116,21.906,0.8074,118.87
1423_1.png,CLAHE (LAB),7.5077,49.4867,22.0716,53.7033,122.5086,11.4367,0.533,122.72
1423_1.png,"MSRCR (σ=[15,80,250])",6.9042,94.388,43.0307,75.7811,137.7703,8.0284,0.4137,3553.26
1422_5.png,DCP (Dark Channel Prior),7.3217,51.2985,35.7796,34.8105,71.6077,20.9562,0.7962,126.97
1422_5.png,CLAHE (LAB),7.4512,47.0426,20.182,45.6489,131.1097,11.7739,0.5795,115.12
1422_5.png,"MSRCR (σ=[15,80,250])",6.9507,98.286,41.5203,69.0568,131.9938,9.5116,0.5107,3846.2
1422_8.png,DCP (Dark Channel Prior),7.4124,54.3176,36.1359,36.207,78.4269,19.3499,0.7652,155.96
1422_8.png,CLAHE (LAB),7.4036,44.9417,17.7327,41.8318,141.633,10.4276,0.5636,126.94
1422_8.png,"MSRCR (σ=[15,80,250])",6.9262,98.2968,40.0473,66.8078,131.847,9.4043,0.5098,3720.63
1423_5.png,DCP (Dark Channel Prior),7.3758,52.56,38.0636,38.438,79.9238,17.7466,0.7439,104.09
1423_5.png,CLAHE (LAB),7.4509,47.0287,17.863,46.322,138.8466,9.4972,0.509,171.68
1423_5.png,"MSRCR (σ=[15,80,250])",6.8871,92.013,39.4336,68.9751,139.2554,7.8181,0.417,3843.03
1423_6.png,DCP (Dark Channel Prior),7.3881,53.2126,37.8593,38.3568,82.1759,17.009,0.7322,76.56
1423_6.png,CLAHE (LAB),7.4329,46.4715,17.0234,44.8166,142.7643,9.0926,0.5024,4.47
1423_6.png,"MSRCR (σ=[15,80,250])",6.8736,91.6602,38.5925,67.6213,139.5222,7.7651,0.4179,2088.83
1423_8.png,DCP (Dark Channel Prior),7.4335,55.3225,37.6641,38.3222,87.4004,15.5454,0.7085,67.79
1423_8.png,CLAHE (LAB),7.3992,45.5469,15.5039,41.7989,150.1402,8.3663,0.491,4.57
1423_8.png,"MSRCR (σ=[15,80,250])",6.8437,91.1139,37.0814,65.0117,139.967,7.6638,0.421,1413.3
1423_10.png,DCP (Dark Channel Prior),7.4641,56.4487,36.8425,37.7938,91.5063,14.5022,0.6908,113.22
1423_10.png,CLAHE (LAB),7.3693,44.6295,14.1936,38.9049,156.851,7.7603,0.4791,5.58
1423_10.png,"MSRCR (σ=[15,80,250])",6.8469,90.7417,35.6899,62.7275,140.2935,7.5711,0.4237,1457.83
1423_9.png,DCP (Dark Channel Prior),7.4449,55.6342,37.0721,38.0425,89.1149,15.0304,0.6994,99.13
1423_9.png,CLAHE (LAB),7.3846,45.0053,14.8218,40.3998,153.6181,8.0496,0.4845,4.97
1423_9.png,"MSRCR (σ=[15,80,250])",6.8475,90.9019,36.3689,63.9039,140.1449,7.6165,0.4218,1612.75
1423_7.png,DCP (Dark Channel Prior),7.4075,54.1787,37.6972,38.3091,84.7983,16.2627,0.7202,102.04
1423_7.png,CLAHE (LAB),7.419,46.1089,16.2388,43.2861,146.5716,8.7078,0.4962,4.25
1423_7.png,"MSRCR (σ=[15,80,250])",6.8551,91.3602,37.8063,66.3035,139.7625,7.7133,0.4192,1670.91
1425_1.png,DCP (Dark Channel Prior),7.5184,65.1598,40.5127,65.7895,80.5947,23.3613,0.923,134.54
1425_1.png,CLAHE (LAB),7.769,58.4447,25.3313,93.265,126.6326,12.9409,0.665,105.68
1425_1.png,"MSRCR (σ=[15,80,250])",7.0784,83.3955,44.1905,120.1193,129.4342,12.4847,0.5616,2603.62
1424_1.png,DCP (Dark Channel Prior),7.42,45.6644,45.2789,47.7775,78.5573,19.2183,0.8918,147.54
1424_1.png,CLAHE (LAB),7.6725,52.8221,30.4525,73.1379,132.0916,14.372,0.6849,121.23
1424_1.png,"MSRCR (σ=[15,80,250])",7.1614,88.1655,48.5909,92.172,141.3617,11.1156,0.591,2792.54
1424_9.png,DCP (Dark Channel Prior),7.5124,48.6538,42.3444,46.5085,90.2146,19.2522,0.8539,132.0
1424_9.png,CLAHE (LAB),7.5502,50.1757,21.7921,57.1253,154.3974,11.1467,0.6648,117.99
1424_9.png,"MSRCR (σ=[15,80,250])",7.1714,86.9771,42.9254,76.9442,142.1659,10.6585,0.5982,2782.69
1424_7.png,DCP (Dark Channel Prior),7.4959,48.1681,43.2436,47.1673,87.5257,19.4863,0.8627,135.13
1424_7.png,CLAHE (LAB),7.5853,50.6663,23.5438,60.829,149.1295,11.8361,0.6725,119.67
1424_7.png,"MSRCR (σ=[15,80,250])",7.1615,87.1616,44.5443,80.4308,141.9053,10.7833,0.5974,2850.14
1424_10.png,DCP (Dark Channel Prior),7.5296,49.4031,42.1301,46.4926,92.1281,19.0682,0.8483,132.4
1424_10.png,CLAHE (LAB),7.5326,49.9684,21.0032,55.3783,156.8103,10.8441,0.6608,102.51
1424_10.png,"MSRCR (σ=[15,80,250])",7.1763,86.8945,42.1258,75.3033,142.2919,10.5982,0.5984,2984.39
1424_4.png,DCP (Dark Channel Prior),7.4562,46.7198,44.2146,47.4703,82.7465,19.5025,0.8772,134.34
1424_4.png,CLAHE (LAB),7.6323,51.6721,26.6237,66.7884,140.7564,13.0299,0.6808,117.29
1424_4.png,"MSRCR (σ=[15,80,250])",7.1562,87.5573,46.9268,86.138,141.5367,10.9697,0.5949,3047.42
1424_5.png,DCP (Dark Channel Prior),7.4702,47.2345,43.9073,47.4033,84.4081,19.5556,0.8724,118.26
1424_5.png,CLAHE (LAB),7.6162,51.2947,25.5342,64.7195,143.3116,12.6481,0.679,101.46
1424_5.png,"MSRCR (σ=[15,80,250])",7.1565,87.3981,46.1542,84.1567,141.6556,10.909,0.5959,3666.77
1424_8.png,DCP (Dark Channel Prior),7.5078,48.7121,42.9575,47.0372,89.2574,19.3905,0.8575,83.35
1424_8.png,CLAHE (LAB),7.5676,50.3641,22.6538,58.9469,151.7995,11.4889,0.669,110.58
1424_8.png,"MSRCR (σ=[15,80,250])",7.1669,87.0689,43.7302,78.6452,142.0333,10.7205,0.5978,3843.41
1424_3.png,DCP (Dark Channel Prior),7.4425,46.2454,44.5121,47.4909,81.2629,19.4218,0.8823,166.23
1424_3.png,CLAHE (LAB),7.644,51.9049,27.8117,68.8062,137.8867,13.4616,0.6826,212.57
1424_3.png,"MSRCR (σ=[15,80,250])",7.1565,87.7358,47.6234,88.1499,141.4424,11.0259,0.5937,3530.87
1424_2.png,DCP (Dark Channel Prior),7.4332,46.0399,44.947,47.7214,79.9911,19.3503,0.8867,120.41
1424_2.png,CLAHE (LAB),7.6586,52.3155,29.0705,70.9705,135.038,13.8896,0.6837,117.95
1424_2.png,"MSRCR (σ=[15,80,250])",7.1597,87.9355,48.1923,90.1704,141.3796,11.0757,0.5923,3807.98
1424_6.png,DCP (Dark Channel Prior),7.4781,47.4087,43.4275,47.1003,85.6189,19.5126,0.868,123.1
1424_6.png,CLAHE (LAB),7.6027,51.0205,24.4936,62.8334,146.1679,12.2462,0.6757,120.8
1424_6.png,"MSRCR (σ=[15,80,250])",7.1594,87.2804,45.3541,82.2779,141.7758,10.8461,0.5967,3853.57
1425_2.png,DCP (Dark Channel Prior),7.5168,64.7601,40.3256,65.569,81.7095,23.371,0.9149,90.44
1425_2.png,CLAHE (LAB),7.75,57.0724,24.0205,90.919,129.7468,12.4766,0.6613,9.58
1425_2.png,"MSRCR (σ=[15,80,250])",7.0887,82.0853,43.613,118.1014,129.6676,12.4093,0.5606,1651.95
1425_3.png,DCP (Dark Channel Prior),7.5144,64.3198,40.1446,65.3179,82.8681,23.3232,0.9063,104.58
1425_3.png,CLAHE (LAB),7.7284,55.84,22.7916,88.467,132.6395,12.0786,0.6587,5.43
1425_3.png,"MSRCR (σ=[15,80,250])",7.0909,80.9112,43.024,116.0732,130.0088,12.3045,0.5596,1630.1
1425_4.png,DCP (Dark Channel Prior),7.5165,63.7497,39.9097,64.9956,84.0962,23.1886,0.8975,89.75
1425_4.png,CLAHE (LAB),7.7025,54.6668,21.6594,86.0857,136.1446,11.5722,0.6536,16.14
1425_4.png,"MSRCR (σ=[15,80,250])",7.0904,79.8524,42.4246,114.0725,130.4205,12.1804,0.5587,1558.45
1425_5.png,DCP (Dark Channel Prior),7.5125,63.2471,39.6932,64.6956,85.3922,23.0061,0.8882,69.68
1425_5.png,CLAHE (LAB),7.6772,53.5461,20.6111,83.7444,139.131,11.1773,0.6497,3.61
1425_5.png,"MSRCR (σ=[15,80,250])",7.0841,78.898,41.8473,112.1087,130.8945,12.0422,0.5578,1796.77
1425_6.png,DCP (Dark Channel Prior),7.511,62.7447,39.4433,64.4227,86.7807,22.7641,0.8792,89.23
1425_6.png,CLAHE (LAB),7.6521,52.6512,19.6333,81.4229,142.5396,10.7297,0.6447,4.35
1425_6.png,"MSRCR (σ=[15,80,250])",7.0736,78.054,41.2765,110.2054,131.3965,11.8946,0.5569,1738.2
1425_8.png,DCP (Dark Channel Prior),7.5045,61.6812,38.967,63.8051,89.7254,22.0884,0.8604,127.6
1425_8.png,CLAHE (LAB),7.5935,50.7057,17.8814,76.5974,149.4515,9.906,0.6333,118.42
1425_8.png,"MSRCR (σ=[15,80,250])",7.058,76.5894,40.1603,106.5113,132.4593,11.5913,0.5555,2307.77
1425_7.png,DCP (Dark Channel Prior),7.5085,62.2546,39.2133,64.1375,88.2349,22.4608,0.87,124.66
1425_7.png,CLAHE (LAB),7.6234,51.6539,18.7266,79.0455,146.2261,10.2803,0.6388,111.11
1425_7.png,"MSRCR (σ=[15,80,250])",7.0656,77.2824,40.711,108.3422,131.9191,11.7439,0.5561,2296.4
1426_7.png,DCP (Dark Channel Prior),7.3227,49.5039,32.9604,63.4434,71.5475,21.9325,0.8407,133.32
1426_7.png,CLAHE (LAB),7.7039,53.9196,19.2995,94.5766,129.6794,11.2681,0.6007,103.49
1426_7.png,"MSRCR (σ=[15,80,250])",7.0324,87.8337,42.6055,133.5565,130.435,10.0156,0.4886,2901.46
1426_5.png,DCP (Dark Channel Prior),7.3145,49.9991,33.2659,63.6797,69.3554,22.5579,0.8582,143.59
1426_5.png,CLAHE (LAB),7.7277,55.3184,20.8707,98.0742,124.9039,11.9638,0.6092,119.0
1426_5.png,"MSRCR (σ=[15,80,250])",7.0331,88.1531,43.3145,135.3567,130.1991,10.2291,0.4913,3001.99
1426_6.png,DCP (Dark Channel Prior),7.3176,49.7242,33.0968,63.5424,70.401,22.257,0.8493,125.73
1426_6.png,CLAHE (LAB),7.7156,54.5738,20.0461,96.2454,127.049,11.6434,0.6059,169.51
1426_6.png,"MSRCR (σ=[15,80,250])",7.0302,87.9551,42.9563,134.4635,130.2992,10.1255,0.4899,3089.27
1426_3.png,DCP (Dark Channel Prior),7.3118,50.5881,33.5919,63.8782,67.6314,23.0541,0.8761,179.09
1426_3.png,CLAHE (LAB),7.7446,56.9441,22.6831,101.8142,120.3007,12.6805,0.6172,188.82
1426_3.png,"MSRCR (σ=[15,80,250])",7.0448,88.8939,44.0052,137.1283,130.0871,10.4067,0.4943,3011.15
1426_4.png,DCP (Dark Channel Prior),7.3146,50.3129,33.4479,63.8005,68.5157,22.8251,0.867,105.06
1426_4.png,CLAHE (LAB),7.7336,56.0296,21.7556,100.0224,122.6978,12.3052,0.6126,100.56
1426_4.png,"MSRCR (σ=[15,80,250])",7.0405,88.4556,43.6814,136.2377,130.1186,10.325,0.4928,3450.13
1425_9.png,DCP (Dark Channel Prior),7.5012,61.1366,38.6668,63.4897,91.3642,21.6771,0.8509,129.88
1425_9.png,CLAHE (LAB),7.5729,50.1092,17.0775,74.4574,152.5209,9.5454,0.6274,115.83
1425_9.png,"MSRCR (σ=[15,80,250])",7.0539,75.9547,39.617,104.7091,133.014,11.4389,0.5549,3268.55
1426_2.png,DCP (Dark Channel Prior),7.3088,50.8214,33.708,63.8762,66.6719,23.2161,0.886,99.15
1426_2.png,CLAHE (LAB),7.7537,57.8955,23.698,103.4672,117.9167,13.0731,0.622,100.92
1426_2.png,"MSRCR (σ=[15,80,250])",7.0473,89.4768,44.3017,137.9461,130.108,10.4698,0.496,3743.42
1426_1.png,DCP (Dark Channel Prior),7.3063,51.1214,33.8066,63.9042,65.7465,23.3467,0.8964,145.07
1426_1.png,CLAHE (LAB),7.7609,58.7585,24.8031,105.0985,115.7052,13.416,0.6257,102.27
1426_1.png,"MSRCR (σ=[15,80,250])",7.0465,90.2662,44.5717,138.6487,130.1908,10.5069,0.4979,3711.53
1425_10.png,DCP (Dark Channel Prior),7.4977,60.5237,38.4028,63.1113,93.0468,21.2003,0.841,137.48
1425_10.png,CLAHE (LAB),7.5398,49.2689,16.3367,71.9511,156.0999,9.1788,0.6204,124.8
1425_10.png,"MSRCR (σ=[15,80,250])",7.0536,75.3793,39.08,102.9711,133.5575,11.2897,0.5542,3648.96
1426_8.png,DCP (Dark Channel Prior),7.3297,49.335,32.7787,63.3791,72.7656,21.5716,0.8321,119.43
1426_8.png,CLAHE (LAB),7.693,53.2996,18.5694,92.8081,131.8099,10.9699,0.5972,6.26
1426_8.png,"MSRCR (σ=[15,80,250])",7.037,87.7652,42.246,132.6466,130.6094,9.9016,0.4873,1780.76
1426_9.png,DCP (Dark Channel Prior),7.3357,49.1341,32.6395,63.2462,73.9917,21.1914,0.8237,78.16
1426_9.png,CLAHE (LAB),7.6788,52.5972,17.9127,90.8196,134.2305,10.6555,0.593,5.8
1426_9.png,"MSRCR (σ=[15,80,250])",7.0395,87.7416,41.9135,131.7166,130.8067,9.7858,0.4857,1999.24
1427_2.png,DCP (Dark Channel Prior),6.8304,34.1998,33.0292,33.3704,51.1451,16.0693,0.7994,111.04
1427_2.png,CLAHE (LAB),7.4564,50.1489,24.0688,61.906,117.2462,14.3352,0.6347,1.73
1427_2.png,"MSRCR (σ=[15,80,250])",6.7693,89.2738,46.3663,87.5198,140.2962,9.6258,0.5241,1364.62
1426_10.png,DCP (Dark Channel Prior),7.3421,48.938,32.4735,63.0696,75.2763,20.7896,0.8158,103.28
1426_10.png,CLAHE (LAB),7.6657,52.0092,17.2868,88.9475,136.836,10.327,0.5886,5.07
1426_10.png,"MSRCR (σ=[15,80,250])",7.0458,87.7525,41.5686,130.7509,131.0215,9.6705,0.4841,1545.56
1427_1.png,DCP (Dark Channel Prior),6.8111,34.018,33.2882,33.4061,50.5157,16.0613,0.8062,63.84
1427_1.png,CLAHE (LAB),7.4646,51.1619,24.9304,63.0773,115.2973,14.5921,0.6365,3.4
1427_1.png,"MSRCR (σ=[15,80,250])",6.7521,89.5324,46.2122,87.9162,140.5284,9.6298,0.5307,1586.21
1427_3.png,DCP (Dark Channel Prior),6.8401,34.328,33.0267,33.2907,51.7681,16.0998,0.7936,121.92
1427_3.png,CLAHE (LAB),7.449,49.2902,23.2278,60.7363,119.1881,14.0699,0.6335,117.56
1427_3.png,"MSRCR (σ=[15,80,250])",6.7809,89.0266,46.3525,87.0071,140.1198,9.6136,0.5192,2433.52
1427_8.png,DCP (Dark Channel Prior),6.9111,35.5063,32.0178,32.8812,55.3751,15.9553,0.7707,132.41
1427_8.png,CLAHE (LAB),7.3931,45.2465,19.8604,55.0303,129.3014,12.6214,0.6239,106.94
1427_8.png,"MSRCR (σ=[15,80,250])",6.8289,88.2837,45.5745,84.0196,139.5344,9.4806,0.5001,2735.48
1427_6.png,DCP (Dark Channel Prior),6.885,35.0189,32.457,33.1033,53.8715,16.0531,0.7792,173.93
1427_6.png,CLAHE (LAB),7.4132,46.7061,21.0984,57.3702,124.9956,13.2229,0.6277,157.5
1427_6.png,"MSRCR (σ=[15,80,250])",6.8176,88.5216,45.9924,85.3193,139.7291,9.5414,0.5066,2615.23
1428_1.png,DCP (Dark Channel Prior),7.3666,50.2977,33.583,48.6693,69.9241,20.4652,0.8924,100.96
1428_1.png,CLAHE (LAB),7.7938,59.765,23.4526,83.2365,120.1095,14.135,0.6693,89.39
1428_1.png,"MSRCR (σ=[15,80,250])",7.0971,90.6115,39.696,105.671,133.1785,11.2093,0.5296,2989.83
1427_5.png,DCP (Dark Channel Prior),6.873,34.835,32.6728,33.2404,53.1907,16.0833,0.7837,149.51
1427_5.png,CLAHE (LAB),7.4256,47.5456,21.7599,58.4969,123.0995,13.5043,0.6292,162.27
1427_5.png,"MSRCR (σ=[15,80,250])",6.8056,88.6578,46.1315,85.9415,139.8541,9.5685,0.5105,2666.78
1427_10.png,DCP (Dark Channel Prior),6.9458,36.4413,31.8631,32.836,57.0973,15.8567,0.7639,128.89
1427_10.png,CLAHE (LAB),7.3631,43.8774,18.757,52.8457,133.0194,12.1005,0.62,123.22
1427_10.png,"MSRCR (σ=[15,80,250])",6.8367,88.0876,45.1419,82.6441,139.3335,9.4208,0.4952,3312.25
1427_4.png,DCP (Dark Channel Prior),6.8522,34.4586,32.9859,33.205,52.34,16.1156,0.7887,133.93
1427_4.png,CLAHE (LAB),7.4361,48.3983,22.4746,59.5314,121.0254,13.8072,0.6319,97.21
1427_4.png,"MSRCR (σ=[15,80,250])",6.7929,88.8378,46.2748,86.4752,139.9678,9.5938,0.5146,3658.58
1427_7.png,DCP (Dark Channel Prior),6.9004,35.1854,32.1542,32.8979,54.485,15.9897,0.7757,122.37
1427_7.png,CLAHE (LAB),7.4029,45.912,20.46,56.0881,127.1522,12.9281,0.626,119.37
1427_7.png,"MSRCR (σ=[15,80,250])",6.8258,88.4048,45.7737,84.669,139.6283,9.5111,0.5034,3751.27
1428_2.png,DCP (Dark Channel Prior),7.3645,50.0001,33.4831,48.6507,70.8902,20.5009,0.885,133.49
1428_2.png,CLAHE (LAB),7.7843,58.7398,22.477,81.667,121.9559,13.7973,0.6673,126.15
1428_2.png,"MSRCR (σ=[15,80,250])",7.1133,89.7501,38.9705,103.9753,133.4194,11.1162,0.5263,3721.88
1428_3.png,DCP (Dark Channel Prior),7.3629,49.732,33.378,48.6389,72.0276,20.5297,0.8774,135.7
1428_3.png,CLAHE (LAB),7.7751,57.7518,21.5948,80.2913,124.3893,13.3481,0.6629,162.79
1428_3.png,"MSRCR (σ=[15,80,250])",7.1214,89.0219,38.2255,102.2784,133.7297,11.0031,0.5236,3763.59
1427_9.png,DCP (Dark Channel Prior),6.9325,36.0667,31.9399,32.9286,56.3313,15.9196,0.7676,126.62
1427_9.png,CLAHE (LAB),7.3771,44.5033,19.2992,53.9822,131.0542,12.3717,0.6219,122.04
1427_9.png,"MSRCR (σ=[15,80,250])",6.8323,88.2076,45.3477,83.3687,139.4241,9.4503,0.4974,3916.58
1428_4.png,DCP (Dark Channel Prior),7.3618,49.4641,33.2724,48.6122,73.0651,20.5222,0.8703,92.37
1428_4.png,CLAHE (LAB),7.766,56.883,20.7628,78.7103,126.5176,12.9765,0.6602,5.91
1428_4.png,"MSRCR (σ=[15,80,250])",7.1245,88.3962,37.4354,100.5478,134.0958,10.8776,0.5209,1840.46
1428_7.png,DCP (Dark Channel Prior),7.3621,48.5865,33.0059,48.4103,76.6216,20.2955,0.8491,99.71
1428_7.png,CLAHE (LAB),7.7375,54.5744,18.6126,74.3021,133.7102,11.8247,0.6489,4.33
1428_7.png,"MSRCR (σ=[15,80,250])",7.12,87.0412,35.0948,95.535,135.32,10.4717,0.5146,1487.85
1428_5.png,DCP (Dark Channel Prior),7.361,49.1111,33.1967,48.5072,74.2149,20.4664,0.863,102.87
1428_5.png,CLAHE (LAB),7.7562,56.0828,19.9966,77.2033,128.9993,12.5572,0.6562,6.04
1428_5.png,"MSRCR (σ=[15,80,250])",7.1249,87.8482,36.6148,98.8291,134.5027,10.7444,0.5185,1717.82
1428_6.png,DCP (Dark Channel Prior),7.361,48.8332,33.1126,48.465,75.3906,20.3989,0.856,93.35
1428_6.png,CLAHE (LAB),7.7473,55.3359,19.2822,75.7751,131.3079,12.1934,0.6527,5.16
1428_6.png,"MSRCR (σ=[15,80,250])",7.1227,87.42,35.8445,97.169,134.8999,10.6089,0.5164,1747.64
1428_8.png,DCP (Dark Channel Prior),7.3632,48.3534,32.8913,48.3658,78.0554,20.1636,0.8417,87.56
1428_8.png,CLAHE (LAB),7.7284,53.984,17.9753,72.7835,136.0971,11.4456,0.6451,8.93
1428_8.png,"MSRCR (σ=[15,80,250])",7.1163,86.7073,34.3589,93.917,135.7486,10.3361,0.5129,1729.24
1429_1.png,DCP (Dark Channel Prior),7.11,59.8529,31.4085,51.1791,62.3199,23.9634,0.8863,134.66
1429_1.png,CLAHE (LAB),7.6727,54.8429,21.6703,73.4613,116.8456,12.3536,0.5793,120.31
1429_1.png,"MSRCR (σ=[15,80,250])",6.8809,77.9349,38.4007,89.4018,133.417,9.8025,0.4572,2623.31
1428_9.png,DCP (Dark Channel Prior),7.3669,48.1753,32.7558,48.3436,79.4354,19.9908,0.8349,169.26
1428_9.png,CLAHE (LAB),7.7155,53.3634,17.3793,71.1799,138.2489,11.1269,0.6419,144.83
1428_9.png,"MSRCR (σ=[15,80,250])",7.1128,86.4242,33.6438,92.3362,136.1788,10.2027,0.5111,2744.93
1429_9.png,DCP (Dark Channel Prior),7.1763,57.2501,29.9271,47.3076,73.3797,20.6227,0.7679,132.41
1429_9.png,CLAHE (LAB),7.4889,48.5051,15.1597,55.9215,145.7682,8.6049,0.5271,129.37
1429_9.png,"MSRCR (σ=[15,80,250])",6.8294,74.7095,32.9854,71.1413,136.3749,8.9125,0.4629,2705.34
1429_8.png,DCP (Dark Channel Prior),7.1755,57.5832,30.1306,47.8148,71.7202,21.1482,0.782,155.61
1429_8.png,CLAHE (LAB),7.4958,48.7594,15.7921,57.7938,142.2421,8.9913,0.5343,172.22
1429_8.png,"MSRCR (σ=[15,80,250])",6.8097,74.5459,33.5667,72.8908,136.0337,9.0357,0.4637,2758.53
1429_3.png,DCP (Dark Channel Prior),7.1278,59.3311,31.1059,50.3391,64.7486,23.4222,0.8558,132.68
1429_3.png,CLAHE (LAB),7.619,52.3135,19.6633,68.7802,124.1496,11.2517,0.567,129.09
1429_3.png,"MSRCR (σ=[15,80,250])",6.785,75.8196,36.8447,83.7494,134.1754,9.6316,0.4608,3081.34
1429_4.png,DCP (Dark Channel Prior),7.1379,59.0619,30.9469,49.9295,66.0459,23.0497,0.8406,85.67
1429_4.png,CLAHE (LAB),7.5783,51.2056,18.775,66.4126,127.8693,10.7385,0.5604,89.36
1429_4.png,"MSRCR (σ=[15,80,250])",6.7474,75.185,36.1306,81.2579,134.5644,9.5226,0.4622,3724.7
1429_2.png,DCP (Dark Channel Prior),7.118,59.5926,31.2628,50.7776,63.5036,23.7293,0.8708,123.65
1429_2.png,CLAHE (LAB),7.6488,53.5046,20.6253,71.1585,120.5775,11.7812,0.5728,108.2
1429_2.png,"MSRCR (σ=[15,80,250])",6.8396,76.7224,37.6121,86.4871,133.7867,9.7268,0.4589,3742.05
1429_6.png,DCP (Dark Channel Prior),7.1637,58.4589,30.5884,48.9483,68.8812,22.1512,0.8104,137.54
1429_6.png,CLAHE (LAB),7.5265,49.7277,17.1807,62.0007,135.1987,9.8042,0.5475,106.74
1429_6.png,"MSRCR (σ=[15,80,250])",6.7805,74.5569,34.7974,76.7609,135.3189,9.2836,0.464,3600.08
1429_5.png,DCP (Dark Channel Prior),7.1521,58.7767,30.774,49.4276,67.4592,22.6209,0.8255,114.56
1429_5.png,CLAHE (LAB),7.5456,50.3602,17.9597,64.0698,131.5447,10.2643,0.5543,101.94
1429_5.png,"MSRCR (σ=[15,80,250])",6.7534,74.7737,35.4309,78.8944,134.9529,9.405,0.4634,3914.12
1428_10.png,DCP (Dark Channel Prior),7.368,47.8918,32.6948,48.1795,80.735,19.7745,0.8282,127.14
1428_10.png,CLAHE (LAB),7.7038,52.8822,16.8278,69.568,140.8597,10.7625,0.6372,111.52
1428_10.png,"MSRCR (σ=[15,80,250])",7.1054,86.1729,32.9729,90.7689,136.6027,10.0736,0.5092,3792.26
1429_7.png,DCP (Dark Channel Prior),7.1716,57.8939,30.3307,48.316,70.1751,21.6522,0.7958,125.34
1429_7.png,CLAHE (LAB),7.5115,49.2206,16.459,59.8903,138.6986,9.3838,0.5409,112.85
1429_7.png,"MSRCR (σ=[15,80,250])",6.7958,74.492,34.1654,74.7568,135.6791,9.1597,0.4641,3998.0
1429_10.png,DCP (Dark Channel Prior),7.1796,56.9685,29.7065,46.8379,75.0433,20.0905,0.7554,96.4
1429_10.png,CLAHE (LAB),7.4819,48.1731,14.5652,54.0157,149.3656,8.2405,0.5194,5.4
1429_10.png,"MSRCR (σ=[15,80,250])",6.8522,74.9481,32.4275,69.5405,136.7102,8.792,0.4613,1518.79
1430_1.png,DCP (Dark Channel Prior),6.6747,39.03,31.328,28.9877,43.6082,23.2648,0.7946,81.79
1430_1.png,CLAHE (LAB),7.3365,44.9777,20.6942,46.3093,105.8746,12.0549,0.4718,5.29
1430_1.png,"MSRCR (σ=[15,80,250])",7.2143,90.0499,59.5676,72.6079,127.9137,7.933,0.3661,1583.69
1430_4.png,DCP (Dark Channel Prior),6.7713,40.7813,30.6841,28.9901,48.3631,22.333,0.7464,109.62
1430_4.png,CLAHE (LAB),7.283,41.517,17.5681,41.8633,119.1805,10.419,0.4523,3.76
1430_4.png,"MSRCR (σ=[15,80,250])",7.2131,89.5113,53.7806,67.7673,128.0659,7.9043,0.3646,1494.25
1430_2.png,DCP (Dark Channel Prior),6.7076,39.6285,31.1285,29.0412,45.1764,23.0246,0.7769,103.89
1430_2.png,CLAHE (LAB),7.3126,43.6855,19.5707,44.7781,110.3252,11.4773,0.4655,6.56
1430_2.png,"MSRCR (σ=[15,80,250])",7.2166,89.8293,57.5592,70.9006,127.8835,7.9326,0.365,1684.25
1430_3.png,DCP (Dark Channel Prior),6.7409,40.2055,30.9491,29.0117,46.7399,22.7024,0.7609,110.84
1430_3.png,CLAHE (LAB),7.3001,42.6629,18.528,43.2769,114.9795,10.9052,0.458,3.93
1430_3.png,"MSRCR (σ=[15,80,250])",7.2135,89.6763,55.6143,69.2487,127.937,7.9215,0.3647,1554.68
1430_6.png,DCP (Dark Channel Prior),6.8297,41.7618,30.1549,28.7799,51.2992,21.5059,0.7216,127.5
1430_6.png,CLAHE (LAB),7.2631,39.7369,15.8526,39.1643,127.446,9.5239,0.4398,114.93
1430_6.png,"MSRCR (σ=[15,80,250])",7.2162,89.2704,50.4578,65.0732,128.4184,7.8565,0.3651,2186.56
1431_1.png,DCP (Dark Channel Prior),6.7278,74.0359,37.3649,39.8624,66.2558,24.7003,0.9166,117.39
1431_1.png,CLAHE (LAB),7.5185,63.8645,27.8779,54.4097,119.907,12.8162,0.5705,119.56
1431_1.png,"MSRCR (σ=[15,80,250])",6.8574,85.8336,50.7309,67.7339,125.9386,10.7865,0.5004,2515.48
1430_9.png,DCP (Dark Channel Prior),6.9131,43.2266,29.252,28.4008,55.922,20.1779,0.6902,126.55
1430_9.png,CLAHE (LAB),7.2233,37.6258,13.6681,35.4452,138.7903,8.4269,0.422,122.97
1430_9.png,"MSRCR (σ=[15,80,250])",7.2215,88.9499,46.2418,61.7633,129.0797,7.7729,0.3656,2548.03
1430_8.png,DCP (Dark Channel Prior),6.8871,42.7768,29.5861,28.5683,54.439,20.6136,0.6998,222.58
1430_8.png,CLAHE (LAB),7.2355,38.3339,14.3468,36.5781,135.1565,8.7633,0.4276,190.73
1430_8.png,"MSRCR (σ=[15,80,250])",7.221,89.0552,47.5651,62.8419,128.8492,7.8014,0.3652,2503.69
1430_5.png,DCP (Dark Channel Prior),6.8016,41.3071,30.4153,28.8962,49.8338,21.9205,0.7336,125.75
1430_5.png,CLAHE (LAB),7.2744,40.6705,16.69,40.4253,123.5941,9.9303,0.4454,138.66
1430_5.png,"MSRCR (σ=[15,80,250])",7.2122,89.395,52.0975,66.3312,128.2327,7.8812,0.3652,3184.71
1431_4.png,DCP (Dark Channel Prior),6.7921,73.3605,36.7757,39.3182,69.2104,24.6338,0.8919,125.26
1431_4.png,CLAHE (LAB),7.5022,60.5791,24.4675,49.8319,129.87,11.3313,0.5456,116.3
1431_4.png,"MSRCR (σ=[15,80,250])",6.8111,84.177,47.953,62.3338,128.3719,10.5092,0.5012,3383.21
1431_5.png,DCP (Dark Channel Prior),6.8256,73.1535,36.571,39.1729,70.2691,24.4918,0.8832,143.63
1431_5.png,CLAHE (LAB),7.4827,59.6237,23.497,48.4351,132.9097,10.916,0.5382,119.47
1431_5.png,"MSRCR (σ=[15,80,250])",6.8048,83.7846,47.0044,60.8641,129.2364,10.3983,0.5014,3504.92
1431_3.png,DCP (Dark Channel Prior),6.7729,73.6042,36.9803,39.5074,68.2007,24.7111,0.9003,133.08
1431_3.png,CLAHE (LAB),7.5089,61.5174,25.5516,51.3355,126.9579,11.756,0.552,122.92
1431_3.png,"MSRCR (σ=[15,80,250])",6.8204,84.6318,48.9188,63.9674,127.5191,10.6146,0.5009,3700.32
1430_10.png,DCP (Dark Channel Prior),6.9396,43.7095,28.9706,28.2549,57.4548,19.7351,0.6809,124.51
1430_10.png,CLAHE (LAB),7.2071,36.9861,13.0408,34.3725,142.4142,8.1001,0.4163,97.46
1430_10.png,"MSRCR (σ=[15,80,250])",7.2188,88.8468,45.0228,60.7588,129.3261,7.7436,0.366,3863.5
1430_7.png,DCP (Dark Channel Prior),6.8576,42.2729,29.7779,28.7083,52.8587,21.0495,0.7098,118.74
1430_7.png,CLAHE (LAB),7.2436,38.9283,15.0765,37.8424,131.3351,9.129,0.4341,115.48
1430_7.png,"MSRCR (σ=[15,80,250])",7.2164,89.1688,48.9946,63.9588,128.6306,7.8287,0.365,3815.37
1431_2.png,DCP (Dark Channel Prior),6.7451,73.7973,37.1712,39.6635,67.2144,24.7352,0.9083,136.31
1431_2.png,CLAHE (LAB),7.5113,62.633,26.6651,52.868,123.3317,12.2801,0.5613,108.46
1431_2.png,"MSRCR (σ=[15,80,250])",6.8377,85.1784,49.8521,65.722,126.7022,10.7088,0.5008,3805.27
1431_6.png,DCP (Dark Channel Prior),6.8924,72.7893,36.291,38.9948,71.1511,24.2228,0.8729,95.66
1431_6.png,CLAHE (LAB),7.4536,59.142,22.5769,47.0122,136.3057,10.5028,0.5307,8.16
1431_6.png,"MSRCR (σ=[15,80,250])",6.8073,83.4484,46.065,59.4973,130.0659,10.2893,0.5017,1808.47
1431_10.png,DCP (Dark Channel Prior),6.9628,71.8401,35.3645,38.3695,75.8596,22.9364,0.8345,85.36
1431_10.png,CLAHE (LAB),7.3822,56.5314,19.3955,42.0991,147.9525,9.1323,0.5032,5.79
1431_10.png,"MSRCR (σ=[15,80,250])",6.8239,82.4148,42.5844,54.7594,133.432,9.8457,0.5003,1188.53
1431_7.png,DCP (Dark Channel Prior),6.9033,72.6354,36.0666,38.8643,72.2862,23.9741,0.8637,95.17
1431_7.png,CLAHE (LAB),7.4229,58.5264,21.6888,45.6763,139.3604,10.1242,0.5238,6.25
1431_7.png,"MSRCR (σ=[15,80,250])",6.8117,83.1534,45.1603,58.2254,130.9059,10.1774,0.5018,1766.48
1431_8.png,DCP (Dark Channel Prior),6.9257,72.3296,35.8337,38.6678,73.4633,23.6739,0.8538,101.01
1431_8.png,CLAHE (LAB),7.4075,57.6769,20.8755,44.4494,142.1641,9.7903,0.517,5.35
1431_8.png,"MSRCR (σ=[15,80,250])",6.8174,82.8868,44.2807,57.0001,131.7619,10.0644,0.5016,1731.74
1431_9.png,DCP (Dark Channel Prior),6.9467,72.0693,35.5947,38.5092,74.6397,23.3277,0.8439,87.06
1431_9.png,CLAHE (LAB),7.3968,56.9998,20.1098,43.2719,145.2567,9.4359,0.5095,6.13
1431_9.png,"MSRCR (σ=[15,80,250])",6.822,82.6641,43.4025,55.8477,132.5895,9.954,0.5012,1733.72
1432_3.png,DCP (Dark Channel Prior),6.8529,41.6054,35.8342,34.5362,47.8404,24.119,0.8713,126.01
1432_3.png,CLAHE (LAB),7.5752,50.6921,29.2561,61.3449,101.9602,12.9351,0.5347,117.67
1432_3.png,"MSRCR (σ=[15,80,250])",7.2303,86.5615,65.4142,81.0836,135.2282,7.9437,0.3942,2639.04
1432_4.png,DCP (Dark Channel Prior),6.8862,42.0107,35.7736,34.395,48.9035,24.0369,0.8649,129.64
1432_4.png,CLAHE (LAB),7.5766,50.3684,28.4996,60.3583,104.5963,12.5531,0.5281,116.85
1432_4.png,"MSRCR (σ=[15,80,250])",7.2347,86.358,64.1109,78.7556,135.7744,7.891,0.3954,2745.75
1432_1.png,DCP (Dark Channel Prior),6.7981,41.0411,35.9208,34.8811,45.8808,24.1512,0.8856,127.16
1432_1.png,CLAHE (LAB),7.5721,51.4367,30.8928,63.698,96.6369,13.8001,0.5478,100.95
1432_1.png,"MSRCR (σ=[15,80,250])",7.2274,87.0593,67.5373,86.1064,134.2391,8.0366,0.392,3007.72
1432_7.png,DCP (Dark Channel Prior),6.9365,42.7782,35.4791,33.7473,51.5961,23.4547,0.8441,139.41
1432_7.png,CLAHE (LAB),7.5783,49.834,26.3982,56.7948,111.736,11.5599,0.5122,127.73
1432_7.png,"MSRCR (σ=[15,80,250])",7.2259,86.2507,60.3255,72.8486,137.0482,7.7382,0.3971,2740.65
1432_8.png,DCP (Dark Channel Prior),6.9568,43.0148,35.3501,33.5226,52.4383,23.1991,0.8381,106.73
1432_8.png,CLAHE (LAB),7.5783,49.7747,25.7946,55.6203,114.2737,11.2286,0.5065,126.81
1432_8.png,"MSRCR (σ=[15,80,250])",7.2227,86.219,58.9715,71.1313,137.4789,7.688,0.3983,3109.89
1432_5.png,DCP (Dark Channel Prior),6.9003,42.2655,35.6876,34.2083,49.9211,23.8761,0.8568,110.06
1432_5.png,CLAHE (LAB),7.5809,50.1405,27.7622,59.2506,107.1523,12.1896,0.5217,104.26
1432_5.png,"MSRCR (σ=[15,80,250])",7.235,86.3243,62.851,76.6898,136.2035,7.8395,0.3961,3606.8
1432_10.png,DCP (Dark Channel Prior),6.9864,43.5678,35.0808,33.1453,53.9959,22.6619,0.8263,118.65
1432_10.png,CLAHE (LAB),7.5853,50.0527,24.5906,53.3063,118.6342,10.6864,0.4971,146.86
1432_10.png,"MSRCR (σ=[15,80,250])",7.2114,86.2278,56.4476,67.9126,138.2216,7.5951,0.4008,3456.55
1433_1.png,DCP (Dark Channel Prior),6.953,51.8349,34.2682,40.2003,54.755,20.7696,0.8754,145.8
1433_1.png,CLAHE (LAB),7.6874,56.2014,26.1027,67.245,108.9854,14.144,0.6151,131.98
1433_1.png,"MSRCR (σ=[15,80,250])",7.0618,88.038,49.7825,84.4632,132.0881,9.9236,0.4917,3647.35
1432_6.png,DCP (Dark Channel Prior),6.921,42.5287,35.5834,33.9923,50.7829,23.6794,0.8502,124.81
1432_6.png,CLAHE (LAB),7.5808,49.9387,27.0588,58.0418,109.3656,11.8813,0.517,131.63
1432_6.png,"MSRCR (σ=[15,80,250])",7.2294,86.3034,61.6167,74.7205,136.6149,7.7885,0.3963,3603.47
1432_2.png,DCP (Dark Channel Prior),6.8245,41.3381,35.8813,34.7235,46.9405,24.1782,0.8777,128.82
1432_2.png,CLAHE (LAB),7.5709,50.9102,30.0633,62.5733,99.4319,13.3458,0.5405,106.99
1432_2.png,"MSRCR (σ=[15,80,250])",7.2295,86.774,66.5792,83.5479,134.7129,7.994,0.3931,3725.38
1432_9.png,DCP (Dark Channel Prior),6.9722,43.3369,35.2225,33.3481,53.2791,22.9389,0.8322,138.09
1432_9.png,CLAHE (LAB),7.5794,49.8714,25.1718,54.4093,116.3727,10.9572,0.5021,123.59
1432_9.png,"MSRCR (σ=[15,80,250])",7.2177,86.2058,57.6697,69.4201,137.8685,7.6408,0.3996,3770.43
1433_2.png,DCP (Dark Channel Prior),6.9742,51.8296,34.1221,39.9933,55.6532,20.9226,0.8692,93.4
1433_2.png,CLAHE (LAB),7.6819,55.5363,25.0911,65.8779,111.4566,13.7574,0.6102,5.29
1433_2.png,"MSRCR (σ=[15,80,250])",7.0563,87.5859,48.9302,82.0938,132.4237,9.8945,0.4926,1436.19
1433_3.png,DCP (Dark Channel Prior),6.9925,51.8353,33.9825,39.8117,56.5777,21.0614,0.8634,93.64
1433_3.png,CLAHE (LAB),7.6724,54.8252,24.1439,64.4829,113.7636,13.3958,0.6058,6.09
1433_3.png,"MSRCR (σ=[15,80,250])",7.0522,87.234,48.0046,79.9092,132.8162,9.8485,0.4933,1546.08
1433_4.png,DCP (Dark Channel Prior),7.0119,51.8445,33.8242,39.5918,57.5108,21.1889,0.8577,96.31
1433_4.png,CLAHE (LAB),7.6695,54.2795,23.2536,63.0117,116.3174,13.0287,0.601,5.97
1433_4.png,"MSRCR (σ=[15,80,250])",7.0469,86.98,47.0614,77.8167,133.2219,9.7922,0.4943,1615.54
1433_5.png,DCP (Dark Channel Prior),7.0294,51.8675,33.6767,39.4066,58.5152,21.3085,0.8523,102.69
1433_5.png,CLAHE (LAB),7.6646,53.8321,22.4431,61.7231,118.893,12.6542,0.5955,7.31
1433_5.png,"MSRCR (σ=[15,80,250])",7.0416,86.8062,46.122,75.8692,133.6403,9.7275,0.4951,1487.2
1433_6.png,DCP (Dark Channel Prior),7.0512,51.7149,33.4313,39.1116,59.3221,21.3388,0.8468,70.07
1433_6.png,CLAHE (LAB),7.6582,53.4016,21.6709,60.3923,121.2851,12.3225,0.5908,3.53
1433_6.png,"MSRCR (σ=[15,80,250])",7.0384,86.6629,45.1976,74.0239,134.0671,9.6584,0.4957,1531.48
1433_9.png,DCP (Dark Channel Prior),7.1086,51.9166,32.891,38.5946,62.4586,21.5199,0.832,131.27
1433_9.png,CLAHE (LAB),7.6517,52.5652,19.6334,56.4462,128.54,11.358,0.5741,110.24
1433_9.png,"MSRCR (σ=[15,80,250])",7.0309,86.5247,42.5083,69.1027,135.3196,9.438,0.4962,2308.8
1434_1.png,DCP (Dark Channel Prior),7.1647,40.293,63.965,28.0528,94.8309,15.7504,0.8529,131.73
1434_1.png,CLAHE (LAB),7.5268,49.2552,31.0298,47.018,154.1474,16.5167,0.8268,121.6
1434_1.png,"MSRCR (σ=[15,80,250])",7.176,85.5546,54.342,69.0882,140.3084,13.0644,0.6047,2507.63
1433_10.png,DCP (Dark Channel Prior),7.1296,51.9961,32.7267,38.4302,63.5495,21.5221,0.8269,179.03
1433_10.png,CLAHE (LAB),7.6488,52.3807,19.0293,55.1172,130.9398,11.0597,0.5683,122.17
1433_10.png,"MSRCR (σ=[15,80,250])",7.0281,86.5042,41.6684,67.6358,135.7423,9.3629,0.4961,2744.94
1434_6.png,DCP (Dark Channel Prior),7.1548,40.4601,61.3561,27.4968,100.3976,16.554,0.8549,152.87
1434_6.png,CLAHE (LAB),7.4074,45.4167,24.026,40.5997,167.2262,13.8154,0.8035,145.35
1434_6.png,"MSRCR (σ=[15,80,250])",7.1818,88.6223,56.0789,68.3334,137.2946,12.5656,0.5773,3026.89
1434_4.png,DCP (Dark Channel Prior),7.1574,40.339,62.4591,27.7356,97.9948,16.2227,0.8544,134.44
1434_4.png,CLAHE (LAB),7.4639,47.137,26.5008,43.1647,162.0581,14.8224,0.8142,174.52
1434_4.png,"MSRCR (σ=[15,80,250])",7.1803,87.6951,55.6536,68.9074,138.3153,12.786,0.5857,3231.96
1433_7.png,DCP (Dark Channel Prior),7.0723,51.807,33.2689,38.9331,60.3022,21.4255,0.8425,120.91
1433_7.png,CLAHE (LAB),7.6562,53.0765,20.9751,58.9819,123.9903,11.957,0.5849,118.61
1433_7.png,"MSRCR (σ=[15,80,250])",7.0321,86.593,44.2861,72.2919,134.4847,9.5863,0.4962,3548.64
1434_2.png,DCP (Dark Channel Prior),7.1614,40.2883,63.4784,27.9748,95.7907,15.8994,0.8535,99.12
1434_2.png,CLAHE (LAB),7.503,48.5856,29.3872,45.7832,156.8234,15.925,0.8225,100.15
1434_2.png,"MSRCR (σ=[15,80,250])",7.1788,86.374,54.9096,69.1538,139.5988,12.9803,0.5973,3465.47
1434_7.png,DCP (Dark Channel Prior),7.1535,40.5024,60.7167,27.3588,101.5972,16.714,0.8548,137.11
1434_7.png,CLAHE (LAB),7.3732,44.5646,22.8687,39.2662,169.7887,13.3405,0.7977,114.76
1434_7.png,"MSRCR (σ=[15,80,250])",7.1899,88.9195,56.1504,67.9019,136.9289,12.4479,0.5735,3624.33
1433_8.png,DCP (Dark Channel Prior),7.0871,51.8044,33.0752,38.7572,61.4178,21.4722,0.8361,118.94
1433_8.png,CLAHE (LAB),7.6535,52.7399,20.2894,57.7669,126.3846,11.6357,0.5792,127.87
1433_8.png,"MSRCR (σ=[15,80,250])",7.0319,86.5337,43.3756,70.6454,134.9136,9.5119,0.4964,3730.49
1434_3.png,DCP (Dark Channel Prior),7.1573,40.3005,63.0095,27.8471,96.887,16.0594,0.854,126.79
1434_3.png,CLAHE (LAB),7.4797,47.8642,27.9002,44.4785,159.2932,15.3932,0.8193,107.99
1434_3.png,"MSRCR (σ=[15,80,250])",7.1788,87.077,55.3465,69.0272,138.9351,12.887,0.5914,3941.03
1434_5.png,DCP (Dark Channel Prior),7.1562,40.3661,61.8883,27.6127,99.1798,16.39,0.8548,125.02
1434_5.png,CLAHE (LAB),7.44,46.4088,25.2154,41.914,164.4194,14.346,0.8098,147.52
1434_5.png,"MSRCR (σ=[15,80,250])",7.1798,88.2119,55.9385,68.6319,137.7678,12.678,0.5813,3858.87
1434_8.png,DCP (Dark Channel Prior),7.1591,40.6456,60.1153,27.2604,102.9184,16.8762,0.8546,82.17
1434_8.png,CLAHE (LAB),7.3486,43.5253,21.846,37.8309,172.3084,12.9132,0.7921,6.22
1434_8.png,"MSRCR (σ=[15,80,250])",7.1996,89.1369,56.1444,67.3554,136.6509,12.3255,0.5697,1698.36
1434_9.png,DCP (Dark Channel Prior),7.1652,40.8048,59.4399,27.1578,104.3125,17.0415,0.8545,80.18
1434_9.png,CLAHE (LAB),7.3161,42.6375,20.8369,36.5919,174.7875,12.4958,0.7852,6.8
1434_9.png,"MSRCR (σ=[15,80,250])",7.2077,89.2773,56.0184,66.743,136.4574,12.2013,0.5666,1805.77
1435_1.png,DCP (Dark Channel Prior),7.7451,74.8908,79.8132,46.9475,145.2078,18.0339,0.8911,86.05
1435_1.png,CLAHE (LAB),7.5437,65.9694,43.1065,59.2192,169.0425,17.7362,0.8145,9.35
1435_1.png,"MSRCR (σ=[15,80,250])",6.8163,95.4967,52.635,71.9082,141.7387,15.7585,0.697,1394.9
1435_2.png,DCP (Dark Channel Prior),7.7389,74.5178,79.2252,46.7298,146.0679,18.1992,0.8887,81.36
1435_2.png,CLAHE (LAB),7.5105,64.5866,41.1616,57.7665,171.5614,17.0638,0.8113,2.26
1435_2.png,"MSRCR (σ=[15,80,250])",6.8588,95.8988,53.7474,72.0212,141.1689,15.6524,0.6907,1388.07
1434_10.png,DCP (Dark Channel Prior),7.1617,40.4449,58.2114,26.8973,104.9139,17.0709,0.8525,82.29
1434_10.png,CLAHE (LAB),7.2717,41.7669,19.8991,35.2509,177.4118,12.0782,0.7791,6.09
1434_10.png,"MSRCR (σ=[15,80,250])",7.2212,89.3386,55.8241,66.0645,136.3203,12.0754,0.5634,1776.29
1435_5.png,DCP (Dark Channel Prior),7.7767,72.2893,76.6994,46.0963,147.5829,18.4239,0.8761,129.99
1435_5.png,CLAHE (LAB),7.4083,60.8677,35.9876,53.2082,178.8828,15.3064,0.7999,102.33
1435_5.png,"MSRCR (σ=[15,80,250])",7.0167,96.3584,55.777,72.3796,139.9512,15.2753,0.6794,2721.86
1435_6.png,DCP (Dark Channel Prior),7.7668,71.8219,75.9688,45.8428,148.5538,18.5586,0.873,115.82
1435_6.png,CLAHE (LAB),7.3699,59.4951,34.497,51.6592,181.3095,14.7414,0.7949,78.5
1435_6.png,"MSRCR (σ=[15,80,250])",7.064,96.2854,56.2116,72.4741,139.6845,15.132,0.6766,2664.66
1436_2.png,DCP (Dark Channel Prior),7.4859,52.2995,86.5638,35.5239,138.3243,15.5786,0.8894,120.03
1436_2.png,CLAHE (LAB),7.6417,57.5715,54.6301,48.8364,163.49,20.9884,0.8478,120.9
1436_2.png,"MSRCR (σ=[15,80,250])",7.2397,84.0924,58.5829,58.3766,140.5522,13.8735,0.6799,2794.62
1435_4.png,DCP (Dark Channel Prior),7.7956,72.5929,77.4223,46.3874,146.5648,18.2783,0.8784,117.84
1435_4.png,CLAHE (LAB),7.459,62.2371,37.5806,54.8026,176.3721,15.8917,0.8043,159.34
1435_4.png,"MSRCR (σ=[15,80,250])",6.9623,96.3237,55.2507,72.2904,140.2845,15.4107,0.6825,2781.65
1435_7.png,DCP (Dark Channel Prior),7.7543,71.3304,75.1917,45.562,149.5774,18.6861,0.8702,121.68
1435_7.png,CLAHE (LAB),7.3192,58.1272,33.0533,50.1262,183.6847,14.2116,0.7895,119.34
1435_7.png,"MSRCR (σ=[15,80,250])",7.1099,96.1017,56.5393,72.5328,139.4809,14.9863,0.6741,3094.74
1435_10.png,DCP (Dark Channel Prior),7.6888,70.1907,72.9119,44.6889,153.1723,18.9912,0.8605,126.54
1435_10.png,CLAHE (LAB),7.1342,53.7374,29.3021,45.2154,191.0173,12.7815,0.7717,122.58
1435_10.png,"MSRCR (σ=[15,80,250])",7.2127,95.0442,56.9652,72.2565,139.2377,14.5466,0.6693,3228.87
1435_3.png,DCP (Dark Channel Prior),7.728,74.1734,78.559,46.4662,147.0301,18.3724,0.8863,143.02
1435_3.png,CLAHE (LAB),7.4525,63.2226,39.3013,56.2584,173.9485,16.4474,0.8077,143.52
1435_3.png,"MSRCR (σ=[15,80,250])",6.9075,96.1677,54.6005,72.1528,140.683,15.5345,0.6861,3537.61
1436_1.png,DCP (Dark Channel Prior),7.4874,52.4431,86.9043,35.5966,137.6724,15.4185,0.8883,123.71
1436_1.png,CLAHE (LAB),7.6588,58.1118,55.8322,49.7883,161.5837,21.4929,0.8471,129.33
1436_1.png,"MSRCR (σ=[15,80,250])",7.2364,83.6815,58.4349,58.7098,140.8569,13.9621,0.6848,3678.17
1436_3.png,DCP (Dark Channel Prior),7.4859,52.1552,86.2015,35.4514,139.0299,15.7447,0.8902,157.91
1436_3.png,CLAHE (LAB),7.6138,57.0533,53.4039,47.8269,165.434,20.4054,0.8484,104.42
1436_3.png,"MSRCR (σ=[15,80,250])",7.2478,84.4366,58.5928,57.9616,140.2757,13.7833,0.6754,3877.43
1435_8.png,DCP (Dark Channel Prior),7.7422,70.8436,74.517,45.2635,150.6597,18.8004,0.8669,128.36
1435_8.png,CLAHE (LAB),7.2735,56.6509,31.7302,48.5572,186.064,13.7088,0.784,145.14
1435_8.png,"MSRCR (σ=[15,80,250])",7.1492,95.8342,56.7966,72.5023,139.3343,14.8374,0.6719,3714.78
1435_9.png,DCP (Dark Channel Prior),7.7253,70.5042,73.7707,44.9681,151.9025,18.9054,0.8638,121.67
1435_9.png,CLAHE (LAB),7.2086,55.0632,30.4973,46.747,188.571,13.2357,0.7778,167.61
1435_9.png,"MSRCR (σ=[15,80,250])",7.1837,95.488,56.9082,72.3913,139.2476,14.6899,0.6703,3828.99
1436_4.png,DCP (Dark Channel Prior),7.4866,51.9951,85.8191,35.3851,139.7129,15.9126,0.891,81.96
1436_4.png,CLAHE (LAB),7.5947,56.5327,52.2363,46.9236,167.3879,19.8083,0.8477,6.23
1436_4.png,"MSRCR (σ=[15,80,250])",7.2549,84.7213,58.5225,57.4843,140.0244,13.6944,0.6716,1746.7
1436_5.png,DCP (Dark Channel Prior),7.4878,51.8456,85.4156,35.264,140.4646,16.0979,0.8924,97.84
1436_5.png,CLAHE (LAB),7.5734,56.0092,51.1098,45.9933,169.2432,19.2696,0.8471,4.55
1436_5.png,"MSRCR (σ=[15,80,250])",7.2628,84.9406,58.3903,56.9477,139.8055,13.6061,0.6689,1945.39
1436_8.png,DCP (Dark Channel Prior),7.4814,51.2396,84.0494,35.0407,142.4566,16.6072,0.8936,51.32
1436_8.png,CLAHE (LAB),7.4983,54.4821,47.8134,43.2696,174.9768,17.6214,0.8409,3.84
1436_8.png,"MSRCR (σ=[15,80,250])",7.2847,85.3411,57.7554,55.5365,139.2688,13.3522,0.6632,1578.07
1436_6.png,DCP (Dark Channel Prior),7.4877,51.5178,84.8466,35.2367,140.856,16.2291,0.8921,104.66
1436_6.png,CLAHE (LAB),7.5464,55.4604,50.009,45.1141,171.1804,18.6725,0.8454,5.69
1436_6.png,"MSRCR (σ=[15,80,250])",7.2676,85.1165,58.2058,56.4915,139.6036,13.5195,0.6665,1579.4
1436_7.png,DCP (Dark Channel Prior),7.4851,51.3837,84.4407,35.1593,141.6315,16.4124,0.8928,95.6
1436_7.png,CLAHE (LAB),7.5244,54.9207,48.8997,44.1591,173.1105,18.1517,0.8433,4.76
1436_7.png,"MSRCR (σ=[15,80,250])",7.2756,85.2526,57.9964,56.0214,139.4255,13.4348,0.6646,1676.92
1436_9.png,DCP (Dark Channel Prior),7.4773,51.1184,83.6295,34.9643,143.2295,16.8041,0.8942,111.85
1436_9.png,CLAHE (LAB),7.4708,54.1154,46.7677,42.4701,176.5617,17.1482,0.8384,118.54
1436_9.png,"MSRCR (σ=[15,80,250])",7.294,85.3898,57.5295,55.1298,139.1326,13.2719,0.662,2195.89
1437_8.png,DCP (Dark Channel Prior),7.0555,60.713,25.173,44.2183,77.5725,18.13,0.8529,129.72
1437_8.png,CLAHE (LAB),7.4915,52.6665,10.2114,56.3074,156.7724,10.7537,0.6862,120.29
1437_8.png,"MSRCR (σ=[15,80,250])",7.0032,82.5653,29.274,86.2488,133.9006,12.2646,0.65,2604.22
1437_2.png,DCP (Dark Channel Prior),6.9807,62.9727,26.5729,45.9112,69.0025,16.9759,0.8584,131.19
1437_2.png,CLAHE (LAB),7.6629,58.6184,14.6101,69.4334,138.1874,13.1913,0.7231,124.19
1437_2.png,"MSRCR (σ=[15,80,250])",6.9999,85.4594,32.4739,95.3138,132.5893,12.6941,0.6694,2666.38
1437_4.png,DCP (Dark Channel Prior),7.0206,62.2103,26.1005,45.2766,71.4652,17.3283,0.857,151.45
1437_4.png,CLAHE (LAB),7.5978,56.6154,12.9008,64.8549,144.5133,12.338,0.7125,228.02
1437_4.png,"MSRCR (σ=[15,80,250])",7.0108,84.1811,31.4475,92.2494,132.7091,12.6477,0.6638,2644.0
1437_9.png,DCP (Dark Channel Prior),7.0445,60.4749,24.9168,43.9231,79.3586,18.311,0.8507,137.61
1437_9.png,CLAHE (LAB),7.453,51.9499,9.6521,54.1007,159.6502,10.4067,0.6796,140.48
1437_9.png,"MSRCR (σ=[15,80,250])",7.0094,82.3083,28.7574,84.8171,134.2705,12.1401,0.6465,2742.45
1437_3.png,DCP (Dark Channel Prior),6.9894,62.6095,26.393,45.6599,70.3152,17.1799,0.8587,135.17
1437_3.png,CLAHE (LAB),7.6406,57.415,13.7327,67.0922,141.1271,12.7952,0.7187,125.65
1437_3.png,"MSRCR (σ=[15,80,250])",7.0089,84.7976,31.9887,93.7965,132.6291,12.6815,0.6667,3011.31
1437_6.png,DCP (Dark Channel Prior),7.0372,61.4347,25.6542,44.7145,74.3604,17.7318,0.8557,128.3
1437_6.png,CLAHE (LAB),7.5486,54.5678,11.4482,60.3514,150.7192,11.5055,0.7003,114.24
1437_6.png,"MSRCR (σ=[15,80,250])",7.0024,83.2464,30.3776,89.1706,133.2043,12.4884,0.6566,3128.74
1436_10.png,DCP (Dark Channel Prior),7.4737,50.9864,83.224,34.8256,144.0713,17.0044,0.8949,121.88
1436_10.png,CLAHE (LAB),7.4528,53.7371,45.7696,41.6011,178.281,16.6797,0.836,96.36
1436_10.png,"MSRCR (σ=[15,80,250])",7.3051,85.4005,57.2873,54.6963,139.014,13.1931,0.6608,3510.34
1437_1.png,DCP (Dark Channel Prior),6.9708,63.3068,26.7467,46.168,67.7681,16.7826,0.8573,119.9
1437_1.png,CLAHE (LAB),7.6807,59.7399,15.5993,71.7402,135.1567,13.6142,0.7272,110.23
1437_1.png,"MSRCR (σ=[15,80,250])",6.9863,86.1883,32.9244,96.7648,132.7011,12.6677,0.6712,3734.43
1437_5.png,DCP (Dark Channel Prior),7.029,61.8115,25.8779,45.0115,72.8747,17.532,0.8565,119.05
1437_5.png,CLAHE (LAB),7.5733,55.4735,12.1485,62.5903,147.5391,11.9331,0.7071,146.97
1437_5.png,"MSRCR (σ=[15,80,250])",7.0054,83.6777,30.9067,90.7136,132.9258,12.5787,0.6601,3560.18
1437_7.png,DCP (Dark Channel Prior),7.0431,61.1128,25.4186,44.4554,75.9617,17.9389,0.8544,187.63
1437_7.png,CLAHE (LAB),7.514,53.5601,10.8059,58.2464,153.7736,11.1227,0.6933,89.58
1437_7.png,"MSRCR (σ=[15,80,250])",7.0006,82.8785,29.8275,87.7004,133.5253,12.3825,0.6531,3700.36
1437_10.png,DCP (Dark Channel Prior),7.049,60.1016,24.6443,43.6184,81.1572,18.4705,0.8484,75.26
1437_10.png,CLAHE (LAB),7.4179,51.205,9.1164,52.1419,162.5063,10.0744,0.6721,5.3
1437_10.png,"MSRCR (σ=[15,80,250])",7.0157,82.0913,28.2365,83.4223,134.6812,12.0095,0.6429,1820.87
1438_1.png,DCP (Dark Channel Prior),6.8549,91.9703,28.4916,46.0714,106.4133,19.6996,0.8669,122.67
1438_1.png,CLAHE (LAB),7.3367,72.5254,20.788,55.3208,141.3856,13.8864,0.6628,2.91
1438_1.png,"MSRCR (σ=[15,80,250])",7.2619,88.3548,28.4806,62.6812,138.2157,12.2087,0.605,1488.9
1438_3.png,DCP (Dark Channel Prior),6.851,91.2275,28.3461,45.8988,107.6443,19.7007,0.855,94.74
1438_3.png,CLAHE (LAB),7.3089,69.9522,19.0955,53.6213,145.9611,13.0445,0.6584,2.31
1438_3.png,"MSRCR (σ=[15,80,250])",7.2833,87.0378,27.2253,62.1513,138.2865,11.94,0.6036,1536.96
1438_4.png,DCP (Dark Channel Prior),6.8147,90.937,28.2684,45.7949,108.3643,19.6907,0.8501,91.49
1438_4.png,CLAHE (LAB),7.293,68.6393,18.3468,52.9459,148.6211,12.5685,0.6551,4.11
1438_4.png,"MSRCR (σ=[15,80,250])",7.2858,86.5051,26.6693,61.9277,138.3218,11.8163,0.603,1470.74
1438_2.png,DCP (Dark Channel Prior),6.8544,91.5968,28.4079,45.98,107.0192,19.7049,0.8609,103.92
1438_2.png,CLAHE (LAB),7.3224,71.219,19.9182,54.5488,143.6879,13.4295,0.6604,3.14
1438_2.png,"MSRCR (σ=[15,80,250])",7.2744,87.6533,27.8042,62.4089,138.2455,12.0716,0.6043,1900.36
1438_7.png,DCP (Dark Channel Prior),6.8341,89.773,28.0189,45.5877,110.4154,19.5583,0.8352,117.72
1438_7.png,CLAHE (LAB),7.2607,65.2135,16.3504,50.7902,155.0569,11.585,0.6475,90.96
1438_7.png,"MSRCR (σ=[15,80,250])",7.287,85.1878,25.2186,61.3509,138.4719,11.4879,0.6023,1970.62
1439_4.png,DCP (Dark Channel Prior),7.5956,59.9213,34.9973,74.1405,87.7354,16.1701,0.8748,118.35
1439_4.png,CLAHE (LAB),7.8136,60.2806,22.2946,100.2839,142.1921,15.2237,0.8167,108.11
1439_4.png,"MSRCR (σ=[15,80,250])",7.2127,82.5043,38.4942,121.9637,142.0574,14.1116,0.7374,2796.21
1438_9.png,DCP (Dark Channel Prior),6.8446,88.9983,27.8482,45.5059,111.8507,19.3976,0.8261,219.53
1438_9.png,CLAHE (LAB),7.248,63.2385,15.2409,49.4656,159.1302,10.9948,0.6434,140.1
1438_9.png,"MSRCR (σ=[15,80,250])",7.2822,84.4366,24.4032,60.9774,138.5856,11.3008,0.6022,2675.15
1439_3.png,DCP (Dark Channel Prior),7.5989,60.1625,35.1056,74.4397,86.8939,16.0548,0.8745,125.55
1439_3.png,CLAHE (LAB),7.8269,60.7703,23.0369,102.0731,140.4452,15.5572,0.8164,122.81
1439_3.png,"MSRCR (σ=[15,80,250])",7.2092,82.7503,38.4459,123.0021,142.0649,14.2286,0.7378,3108.19
1439_1.png,DCP (Dark Channel Prior),7.6025,60.6837,35.3012,75.0376,85.315,15.8369,0.8742,129.68
1439_1.png,CLAHE (LAB),7.8468,61.6775,24.6427,105.3816,136.7301,16.2222,0.8153,125.81
1439_1.png,"MSRCR (σ=[15,80,250])",7.2037,83.369,38.2364,125.137,142.1043,14.4508,0.7391,3144.08
1438_5.png,DCP (Dark Channel Prior),6.8206,90.5499,28.1911,45.716,109.0231,19.6627,0.845,118.14
1438_5.png,CLAHE (LAB),7.2789,67.5069,17.6341,52.2084,150.5327,12.2627,0.6527,96.71
1438_5.png,"MSRCR (σ=[15,80,250])",7.2898,86.0291,26.1543,61.7351,138.3724,11.6989,0.6027,3492.15
1439_5.png,DCP (Dark Channel Prior),7.5936,59.6339,34.8863,73.7984,88.6197,16.2813,0.8745,145.28
1439_5.png,CLAHE (LAB),7.8029,59.9136,21.5916,98.6231,143.7668,14.9408,0.8168,122.67
1439_5.png,"MSRCR (σ=[15,80,250])",7.217,82.2619,38.5022,120.9124,142.0593,13.9961,0.7372,3328.69
1439_2.png,DCP (Dark Channel Prior),7.6013,60.4401,35.2107,74.7644,86.0755,15.9467,0.8743,126.32
1439_2.png,CLAHE (LAB),7.8366,61.1569,23.8072,103.6834,138.5531,15.8907,0.8163,141.57
1439_2.png,"MSRCR (σ=[15,80,250])",7.2052,83.0416,38.3686,124.071,142.0806,14.3423,0.7383,3361.59
1438_6.png,DCP (Dark Channel Prior),6.8287,90.1692,28.1051,45.6343,109.7126,19.6223,0.8401,117.71
1438_6.png,CLAHE (LAB),7.2689,66.3455,16.9845,51.4785,152.8149,11.9137,0.6501,119.88
1438_6.png,"MSRCR (σ=[15,80,250])",7.288,85.5922,25.6657,61.5216,138.4173,11.5898,0.6024,3843.76
1438_8.png,DCP (Dark Channel Prior),6.8388,89.3631,27.9294,45.5073,111.1317,19.4852,0.8303,117.52
1438_8.png,CLAHE (LAB),7.2589,64.1296,15.7983,50.072,157.2374,11.2584,0.6453,156.57
1438_8.png,"MSRCR (σ=[15,80,250])",7.2819,84.8013,24.7947,61.1168,138.5268,11.3916,0.6025,3649.16
1438_10.png,DCP (Dark Channel Prior),6.8488,88.6118,27.7482,45.3795,112.642,19.2992,0.8223,116.23
1438_10.png,CLAHE (LAB),7.2362,62.3106,14.6692,48.8182,161.1349,10.7268,0.6414,124.47
1438_10.png,"MSRCR (σ=[15,80,250])",7.2852,84.0767,24.0328,60.7731,138.6568,11.2147,0.6018,3876.85
1439_6.png,DCP (Dark Channel Prior),7.6162,58.9898,34.6861,73.338,89.1361,16.3248,0.8732,88.96
1439_6.png,CLAHE (LAB),7.7916,59.5703,20.9391,96.8515,145.8402,14.5837,0.8161,5.32
1439_6.png,"MSRCR (σ=[15,80,250])",7.2227,82.0453,38.4924,119.8816,142.0687,13.8827,0.7371,2036.81
1439_7.png,DCP (Dark Channel Prior),7.6154,58.7121,34.5521,72.9988,90.0589,16.4346,0.8735,83.32
1439_7.png,CLAHE (LAB),7.7824,59.2407,20.3025,95.0998,147.6133,14.2799,0.8156,4.69
1439_7.png,"MSRCR (σ=[15,80,250])",7.2335,81.8182,38.4446,118.8301,142.0872,13.7713,0.737,1427.85
1439_8.png,DCP (Dark Channel Prior),7.6149,58.3592,34.4118,72.6272,90.9892,16.5342,0.8732,102.56
1439_8.png,CLAHE (LAB),7.77,58.992,19.7005,93.4867,149.3246,13.9738,0.8144,6.02
1439_8.png,"MSRCR (σ=[15,80,250])",7.2443,81.5925,38.392,117.7861,142.1183,13.6619,0.7369,1495.46
1439_10.png,DCP (Dark Channel Prior),7.6136,57.8322,34.1377,71.9699,92.9878,16.7402,0.8735,103.08
1439_10.png,CLAHE (LAB),7.7394,58.4442,18.5824,90.197,153.0787,13.308,0.8106,2.74
1439_10.png,"MSRCR (σ=[15,80,250])",7.2659,81.1387,38.2241,115.653,142.1812,13.4572,0.7367,1399.09
1439_9.png,DCP (Dark Channel Prior),7.6146,58.0674,34.2716,72.3011,91.9352,16.6318,0.8732,99.47
1439_9.png,CLAHE (LAB),7.7567,58.744,19.1264,91.8225,151.2108,13.6459,0.8128,2.91
1439_9.png,"MSRCR (σ=[15,80,250])",7.2544,81.3653,38.3175,116.7256,142.1461,13.5594,0.7368,1462.21
1440_7.png,DCP (Dark Channel Prior),6.7848,74.0133,20.7612,34.9262,93.3975,19.0676,0.8855,131.62
1440_7.png,CLAHE (LAB),7.0176,52.1466,9.2792,37.0874,179.344,9.836,0.7244,108.09
1440_7.png,"MSRCR (σ=[15,80,250])",7.0957,79.2196,19.4245,51.9507,139.4625,13.046,0.6934,2119.86
1440_2.png,DCP (Dark Channel Prior),6.6054,77.2912,21.7197,34.8119,83.78,16.8463,0.8528,103.52
1440_2.png,CLAHE (LAB),7.3657,57.9354,12.3084,45.5307,160.1688,12.3319,0.7675,114.12
1440_2.png,"MSRCR (σ=[15,80,250])",7.1728,83.1164,23.253,60.1715,137.856,13.4257,0.6984,2818.83
1440_4.png,DCP (Dark Channel Prior),6.6517,75.9771,21.3743,34.8892,87.4526,17.6944,0.8701,132.14
1440_4.png,CLAHE (LAB),7.2894,55.3859,10.9284,42.0352,168.1395,11.1926,0.7507,119.44
1440_4.png,"MSRCR (σ=[15,80,250])",7.1553,81.3364,21.465,56.5245,138.4683,13.3095,0.6963,3010.21
1440_3.png,DCP (Dark Channel Prior),6.6273,76.6498,21.5414,34.8363,85.5566,17.2502,0.8618,129.14
1440_3.png,CLAHE (LAB),7.3278,56.4718,11.6029,43.6671,164.5567,11.6916,0.7583,117.48
1440_3.png,"MSRCR (σ=[15,80,250])",7.1679,82.1984,22.3308,58.2855,138.1485,13.3779,0.6977,2965.13
1440_6.png,DCP (Dark Channel Prior),6.761,74.7761,20.9477,34.9018,91.2266,18.5543,0.8804,137.22
1440_6.png,CLAHE (LAB),7.0647,53.309,9.7882,38.71,175.83,10.2458,0.7337,119.65
1440_6.png,"MSRCR (σ=[15,80,250])",7.1155,79.8968,20.0119,53.3369,139.1218,13.1443,0.6946,3025.98
1440_8.png,DCP (Dark Channel Prior),6.7919,73.294,20.5433,34.9112,95.6993,19.5887,0.8892,187.76
1440_8.png,CLAHE (LAB),6.9548,50.9856,8.8102,35.5879,182.8427,9.4445,0.7158,153.38
1440_8.png,"MSRCR (σ=[15,80,250])",7.0792,78.5571,18.8819,50.513,139.7891,12.9457,0.6924,2908.37
1440_1.png,DCP (Dark Channel Prior),6.5895,77.9001,21.8726,34.8201,82.0942,16.4771,0.8431,107.38
1440_1.png,CLAHE (LAB),7.4133,59.2744,13.1138,47.2664,156.4041,12.9041,0.7749,113.41
1440_1.png,"MSRCR (σ=[15,80,250])",7.1547,84.0932,24.2332,61.992,137.6354,13.4447,0.698,3454.48
1440_9.png,DCP (Dark Channel Prior),6.8164,72.5042,20.3259,34.9004,98.0975,20.1142,0.8917,132.34
1440_9.png,CLAHE (LAB),6.9017,50.0208,8.3469,34.1108,185.9857,9.1096,0.7075,114.0
1440_9.png,"MSRCR (σ=[15,80,250])",7.0654,77.9376,18.3804,49.1917,140.0942,12.8425,0.6911,3376.46
1440_10.png,DCP (Dark Channel Prior),6.8481,71.7203,20.0753,34.8738,100.5554,20.6034,0.8934,113.55
1440_10.png,CLAHE (LAB),6.8547,48.9262,7.9517,32.6254,189.1671,8.7767,0.6987,130.71
1440_10.png,"MSRCR (σ=[15,80,250])",7.0504,77.357,17.9141,47.955,140.3951,12.7387,0.6897,3387.11
1441_1.png,DCP (Dark Channel Prior),7.0922,70.2162,42.2932,35.1662,80.8356,21.0788,0.9011,139.09
1441_1.png,CLAHE (LAB),7.6418,62.0949,33.3625,60.9994,130.2222,14.8472,0.702,125.22
1441_1.png,"MSRCR (σ=[15,80,250])",7.0949,85.12,41.6175,70.5016,139.2021,11.8901,0.612,3557.51
1440_5.png,DCP (Dark Channel Prior),6.8413,74.1558,21.1559,34.9424,88.5865,18.0547,0.8735,114.32
1440_5.png,CLAHE (LAB),7.2562,54.1631,10.34,40.3108,172.1119,10.6869,0.7412,108.03
1440_5.png,"MSRCR (σ=[15,80,250])",7.1369,80.5492,20.693,54.871,138.7923,13.2277,0.6952,3840.45
1441_2.png,DCP (Dark Channel Prior),7.1037,70.0751,42.1518,35.0766,81.4192,21.1941,0.8987,80.64
1441_2.png,CLAHE (LAB),7.6264,61.0618,32.2954,59.7516,132.5889,14.4057,0.6978,6.04
1441_2.png,"MSRCR (σ=[15,80,250])",7.089,84.2675,41.1184,69.0887,139.3619,11.8773,0.6112,2044.56
1441_4.png,DCP (Dark Channel Prior),7.119,69.7189,41.8548,34.8983,82.7403,21.405,0.8918,83.32
1441_4.png,CLAHE (LAB),7.602,59.2244,30.3824,57.5526,137.1299,13.5693,0.6897,4.02
1441_4.png,"MSRCR (σ=[15,80,250])",7.0783,82.8168,40.0653,66.4343,139.745,11.8124,0.6112,1486.25
1441_5.png,DCP (Dark Channel Prior),7.1256,69.5552,41.7011,34.8053,83.4012,21.4971,0.8887,113.13
1441_5.png,CLAHE (LAB),7.5881,58.3654,29.4977,56.367,139.1713,13.2117,0.6871,2.51
1441_5.png,"MSRCR (σ=[15,80,250])",7.0717,82.2002,39.5329,65.1606,139.9487,11.767,0.6119,1400.7
1441_3.png,DCP (Dark Channel Prior),7.1107,69.8764,42.0043,34.9912,82.0948,21.3016,0.8947,102.41
1441_3.png,CLAHE (LAB),7.6145,60.0214,31.323,58.6297,135.0183,13.9583,0.6933,4.9
1441_3.png,"MSRCR (σ=[15,80,250])",7.0841,83.5055,40.5916,67.7405,139.5472,11.85,0.6109,1555.75
1441_6.png,DCP (Dark Channel Prior),7.1311,69.3888,41.5454,34.6989,84.0972,21.5792,0.8856,77.53
1441_6.png,CLAHE (LAB),7.5768,57.6776,28.6624,55.303,141.142,12.8614,0.6838,8.32
1441_6.png,"MSRCR (σ=[15,80,250])",7.0675,81.6443,39.028,63.9362,140.1525,11.7167,0.6127,1553.89
1441_7.png,DCP (Dark Channel Prior),7.1372,69.2233,41.3786,34.628,84.8138,21.6415,0.8825,115.26
1441_7.png,CLAHE (LAB),7.5657,56.9787,27.8884,54.2793,143.4896,12.4767,0.679,100.61
1441_7.png,"MSRCR (σ=[15,80,250])",7.0651,81.1209,38.5248,62.7712,140.3657,11.6623,0.6139,2332.12
1442_7.png,DCP (Dark Channel Prior),7.2984,53.8463,43.0866,44.8586,75.5111,19.0231,0.8578,131.78
1442_7.png,CLAHE (LAB),7.5676,50.5088,21.3675,55.0629,147.087,11.1705,0.6478,115.3
1442_7.png,"MSRCR (σ=[15,80,250])",6.9081,86.2686,38.176,74.8703,137.4693,11.2598,0.5682,2679.33
1441_9.png,DCP (Dark Channel Prior),7.1491,68.8884,41.0464,34.4721,86.3029,21.7255,0.8759,121.45
1441_9.png,CLAHE (LAB),7.5438,55.8742,26.4426,52.2641,147.1719,11.8952,0.6729,84.08
1441_9.png,"MSRCR (σ=[15,80,250])",7.0627,80.2222,37.6012,60.5983,140.7755,11.547,0.6162,3072.9
1442_6.png,DCP (Dark Channel Prior),7.2751,53.9902,43.3989,45.0743,74.1571,18.9011,0.8639,129.64
1442_6.png,CLAHE (LAB),7.5981,51.2987,22.2935,56.7858,143.7194,11.6175,0.6547,103.62
1442_6.png,"MSRCR (σ=[15,80,250])",6.9029,86.6421,38.9223,75.8224,137.1027,11.3497,0.5685,3015.16
1442_2.png,DCP (Dark Channel Prior),7.1771,54.8467,44.59,45.9654,69.5448,18.3386,0.8864,181.79
1442_2.png,CLAHE (LAB),7.6867,55.1272,26.8118,64.0408,130.1221,13.6833,0.6794,114.11
1442_2.png,"MSRCR (σ=[15,80,250])",6.8758,88.6853,42.0778,79.898,135.6794,11.6702,0.5714,3029.16
1441_10.png,DCP (Dark Channel Prior),7.1518,68.7319,40.8782,34.4207,87.1021,21.7545,0.8729,121.42
1441_10.png,CLAHE (LAB),7.5297,55.2777,25.7866,51.2827,149.3027,11.581,0.6688,181.82
1441_10.png,"MSRCR (σ=[15,80,250])",7.0638,79.8216,37.1766,59.6189,140.9749,11.4877,0.6172,2998.56
1442_3.png,DCP (Dark Channel Prior),7.2,54.7083,44.3591,45.7752,70.7085,18.5116,0.8815,131.89
1442_3.png,CLAHE (LAB),7.6699,54.0629,25.5619,62.1361,133.6115,13.1067,0.6735,120.61
1442_3.png,"MSRCR (σ=[15,80,250])",6.8802,88.067,41.2658,78.805,136.0285,11.5987,0.5703,3349.97
1442_5.png,DCP (Dark Channel Prior),7.2513,54.1459,43.6761,45.2755,72.8252,18.7551,0.87,125.05
1442_5.png,CLAHE (LAB),7.6259,52.2438,23.3014,58.5278,140.3456,12.0943,0.6612,123.19
1442_5.png,"MSRCR (σ=[15,80,250])",6.8951,87.0538,39.6743,76.7737,136.7477,11.4367,0.5689,3480.54
1441_8.png,DCP (Dark Channel Prior),7.1418,69.0532,41.2207,34.5336,85.561,21.6973,0.8792,118.42
1441_8.png,CLAHE (LAB),7.5518,56.3706,27.1508,53.2244,145.1333,12.2073,0.6768,99.88
1441_8.png,"MSRCR (σ=[15,80,250])",7.0651,80.6527,38.0484,61.6501,140.5718,11.6055,0.6152,3691.27
1442_4.png,DCP (Dark Channel Prior),7.2288,54.3473,43.9918,45.4677,71.6808,18.6179,0.8755,109.14
1442_4.png,CLAHE (LAB),7.6501,53.0633,24.4067,60.2261,137.0606,12.5841,0.6673,101.14
1442_4.png,"MSRCR (σ=[15,80,250])",6.8861,87.5273,40.4646,77.757,136.3848,11.5205,0.5696,3787.22
1442_1.png,DCP (Dark Channel Prior),7.1555,54.985,44.8125,46.1561,68.4352,18.167,0.891,225.28
1442_1.png,CLAHE (LAB),7.7064,56.4388,28.1647,66.0548,126.3257,14.3486,0.6859,132.15
1442_1.png,"MSRCR (σ=[15,80,250])",6.8789,89.4095,42.8797,81.0708,135.3414,11.7305,0.5729,3736.46
1442_8.png,DCP (Dark Channel Prior),7.3194,53.7149,42.7846,44.6226,76.935,19.1311,0.8516,68.29
1442_8.png,CLAHE (LAB),7.5335,49.8749,20.4631,53.5116,150.2504,10.7559,0.641,5.34
1442_8.png,"MSRCR (σ=[15,80,250])",6.9102,85.9296,37.4444,73.9846,137.8288,11.1702,0.5681,2037.01
1442_10.png,DCP (Dark Channel Prior),7.368,53.5237,42.1371,44.2296,79.9292,19.2565,0.8394,104.2
1442_10.png,CLAHE (LAB),7.4671,48.6228,18.8364,50.3735,156.466,10.029,0.6272,3.18
1442_10.png,"MSRCR (σ=[15,80,250])",6.9077,85.3461,36.0964,72.2583,138.5275,10.9916,0.5673,1481.7
1442_9.png,DCP (Dark Channel Prior),7.3431,53.6073,42.4694,44.4422,78.4032,19.2086,0.8455,97.64
1442_9.png,CLAHE (LAB),7.4994,49.2216,19.627,51.9183,153.3509,10.3832,0.6343,3.2
1442_9.png,"MSRCR (σ=[15,80,250])",6.9096,85.6296,36.7671,73.112,138.1798,11.0803,0.5677,1558.64
1443_2.png,DCP (Dark Channel Prior),7.3575,59.5311,42.5805,36.2506,74.9512,16.4605,0.8551,111.16
1443_2.png,CLAHE (LAB),7.7391,58.5746,30.8911,58.0904,130.8925,15.6704,0.7269,4.96
1443_2.png,"MSRCR (σ=[15,80,250])",6.6808,89.0504,36.3894,61.3153,140.3801,12.9423,0.6744,1560.24
1443_1.png,DCP (Dark Channel Prior),7.354,59.7002,42.6659,36.2985,74.2076,16.3335,0.8559,105.03
1443_1.png,CLAHE (LAB),7.7483,59.3557,31.6603,59.3699,128.5443,16.0924,0.7302,4.46
1443_1.png,"MSRCR (σ=[15,80,250])",6.6808,89.3177,36.9828,62.3229,140.3326,12.9859,0.6734,1807.46
1443_10.png,DCP (Dark Channel Prior),7.4119,58.4003,41.7617,35.7959,82.115,17.5653,0.8461,119.22
1443_10.png,CLAHE (LAB),7.6292,54.0495,25.8059,49.3826,148.1796,12.6764,0.6963,74.34
1443_10.png,"MSRCR (σ=[15,80,250])",6.7727,87.3908,32.6965,54.2789,141.4332,12.4395,0.6728,2643.08
1443_9.png,DCP (Dark Channel Prior),7.4027,58.5346,41.8657,35.8472,81.0991,17.4275,0.8479,82.85
1443_9.png,CLAHE (LAB),7.6475,54.4772,26.3508,50.3327,146.1252,13.0033,0.7003,103.15
1443_9.png,"MSRCR (σ=[15,80,250])",6.7613,87.5582,33.0203,55.0596,141.2736,12.5051,0.6737,3261.97
1443_4.png,DCP (Dark Channel Prior),7.3697,59.2233,42.3817,36.1183,76.5486,16.7277,0.854,133.01
1443_4.png,CLAHE (LAB),7.7195,57.1131,29.4429,55.7059,135.2017,14.8739,0.7199,121.09
1443_4.png,"MSRCR (σ=[15,80,250])",6.6979,88.5483,35.2444,59.3657,140.5651,12.8325,0.6759,2967.15
1443_6.png,DCP (Dark Channel Prior),7.3801,58.9326,42.1725,36.001,78.2576,17.0084,0.852,132.56
1443_6.png,CLAHE (LAB),7.6934,55.8833,28.109,53.4659,139.4551,14.1172,0.7126,115.75
1443_6.png,"MSRCR (σ=[15,80,250])",6.7258,88.1151,34.2367,57.5738,140.8215,12.7054,0.6756,3061.11
1443_7.png,DCP (Dark Channel Prior),7.3891,58.805,42.0872,35.9306,79.1541,17.1502,0.8516,122.96
1443_7.png,CLAHE (LAB),7.6773,55.3251,27.5069,52.3554,141.6609,13.728,0.7087,120.59
1443_7.png,"MSRCR (σ=[15,80,250])",6.7381,87.9147,33.7913,56.6921,140.969,12.6386,0.6752,3129.31
1443_3.png,DCP (Dark Channel Prior),7.3661,59.3905,42.4869,36.1829,75.7817,16.5944,0.8548,119.6
1443_3.png,CLAHE (LAB),7.7313,57.9066,30.1418,56.8426,132.977,15.2891,0.7239,116.51
1443_3.png,"MSRCR (σ=[15,80,250])",6.6863,88.7936,35.8087,60.3303,140.4614,12.8901,0.6754,3268.06
1444_1.png,DCP (Dark Channel Prior),7.1944,52.8143,36.6136,48.8506,59.4157,24.1197,0.8803,147.03
1444_1.png,CLAHE (LAB),7.7408,59.5481,22.4998,80.6901,116.2167,12.4596,0.5558,159.48
1444_1.png,"MSRCR (σ=[15,80,250])",7.0189,95.1485,44.3612,110.184,126.2675,9.7435,0.4159,3123.21
1444_3.png,DCP (Dark Channel Prior),7.2227,52.4901,36.1794,48.4049,61.5735,24.0407,0.8563,136.37
1444_3.png,CLAHE (LAB),7.7181,57.1242,19.8302,76.4889,122.6712,11.5619,0.5457,109.59
1444_3.png,"MSRCR (σ=[15,80,250])",7.0392,93.9353,43.4904,106.4924,126.0777,9.7807,0.4205,3252.18
1444_2.png,DCP (Dark Channel Prior),7.2088,52.6598,36.4036,48.6379,60.4512,24.1121,0.8685,140.68
1444_2.png,CLAHE (LAB),7.7307,58.3665,21.1119,78.6581,119.4837,11.9992,0.5503,119.32
1444_2.png,"MSRCR (σ=[15,80,250])",7.0309,94.4981,43.9598,108.2738,126.1167,9.7721,0.4183,3455.94
1443_8.png,DCP (Dark Channel Prior),7.3935,58.6175,41.966,35.8858,80.1514,17.2931,0.8485,93.16
1443_8.png,CLAHE (LAB),7.6648,54.8749,26.9373,51.3916,143.8909,13.368,0.7045,116.55
1443_8.png,"MSRCR (σ=[15,80,250])",6.7514,87.7218,33.3873,55.8551,141.1263,12.5718,0.6745,3979.11
1443_5.png,DCP (Dark Channel Prior),7.3743,59.069,42.2705,36.0623,77.3988,16.8707,0.8528,122.37
1443_5.png,CLAHE (LAB),7.7047,56.4337,28.7601,54.5679,137.3864,14.4792,0.7159,117.95
1443_5.png,"MSRCR (σ=[15,80,250])",6.7113,88.3256,34.7225,58.4834,140.6913,12.7696,0.6759,3852.07
1444_4.png,DCP (Dark Channel Prior),7.2344,52.3596,35.9463,48.2124,62.7366,23.9355,0.8451,88.91
1444_4.png,CLAHE (LAB),7.7028,56.1662,18.6493,74.2616,125.7247,11.1642,0.5412,6.12
1444_4.png,"MSRCR (σ=[15,80,250])",7.0432,93.4631,42.9826,104.7285,126.1091,9.7733,0.4225,1507.19
1444_7.png,DCP (Dark Channel Prior),7.2736,52.0535,35.1544,47.6207,66.5782,23.2631,0.8132,62.1
1444_7.png,CLAHE (LAB),7.6547,53.1644,15.6456,67.8812,135.5472,9.9896,0.5244,2.23
1444_7.png,"MSRCR (σ=[15,80,250])",7.0426,92.39,41.3772,100.0282,126.5254,9.687,0.4276,1500.92
1444_5.png,DCP (Dark Channel Prior),7.249,52.2523,35.691,48.0039,63.949,23.7738,0.8346,79.85
1444_5.png,CLAHE (LAB),7.6893,55.1654,17.5806,72.2088,129.0285,10.7505,0.5355,2.3
1444_5.png,"MSRCR (σ=[15,80,250])",7.0446,93.0488,42.4568,103.0749,126.2079,9.7533,0.4243,1616.61
1444_8.png,DCP (Dark Channel Prior),7.2869,52.0008,34.869,47.4862,67.9527,22.9343,0.8029,83.28
1444_8.png,CLAHE (LAB),7.6395,52.381,14.78,65.8687,138.3159,9.6749,0.5198,2.15
1444_8.png,"MSRCR (σ=[15,80,250])",7.0403,92.1161,40.8362,98.5534,126.7332,9.6446,0.4289,1569.69
1444_6.png,DCP (Dark Channel Prior),7.2605,52.1329,35.4208,47.8026,65.2425,23.5493,0.8237,100.56
1444_6.png,CLAHE (LAB),7.671,54.0958,16.5708,70.073,132.3104,10.36,0.5302,2.0
1444_6.png,"MSRCR (σ=[15,80,250])",7.0428,92.7018,41.9141,101.5304,126.3356,9.7247,0.426,1778.74
1444_9.png,DCP (Dark Channel Prior),7.298,51.795,34.5116,47.202,69.2255,22.5396,0.7929,122.96
1444_9.png,CLAHE (LAB),7.6136,51.3687,13.9725,63.6931,141.6712,9.33,0.5131,104.88
1444_9.png,"MSRCR (σ=[15,80,250])",7.0379,91.8723,40.3009,97.0947,126.965,9.598,0.43,2776.92
1445_1.png,DCP (Dark Channel Prior),7.2692,46.7298,39.5685,50.6032,71.3399,21.8244,0.9347,142.67
1445_1.png,CLAHE (LAB),7.8445,60.9167,24.9959,94.8661,124.818,13.8304,0.6924,128.0
1445_1.png,"MSRCR (σ=[15,80,250])",7.1243,89.0426,36.7902,117.3196,138.9785,10.5458,0.5393,2922.79
1445_2.png,DCP (Dark Channel Prior),7.2772,46.6952,39.2616,50.3301,72.1875,21.9266,0.931,123.8
1445_2.png,CLAHE (LAB),7.8376,60.2741,23.7814,92.9318,126.4409,13.6144,0.691,101.85
1445_2.png,"MSRCR (σ=[15,80,250])",7.1438,88.6255,36.4123,116.0667,138.9798,10.5404,0.5383,3138.93
1445_3.png,DCP (Dark Channel Prior),7.2836,46.7196,38.9893,50.0904,73.1143,22.0346,0.9272,142.05
1445_3.png,CLAHE (LAB),7.8261,59.506,22.6862,90.8453,128.4476,13.3626,0.6884,104.25
1445_3.png,"MSRCR (σ=[15,80,250])",7.1595,88.2131,35.9794,114.6866,139.0566,10.5197,0.5374,3056.51
1445_7.png,DCP (Dark Channel Prior),7.3228,46.7767,37.5963,49.0597,76.8011,22.133,0.9108,236.25
1445_7.png,CLAHE (LAB),7.781,57.1895,18.9899,83.0504,135.5434,12.4111,0.6786,125.03
1445_7.png,"MSRCR (σ=[15,80,250])",7.172,86.8856,34.1241,108.4754,139.7091,10.3351,0.5333,2906.99
1445_6.png,DCP (Dark Channel Prior),7.3118,46.9283,38.0676,49.4039,76.049,22.2092,0.9153,135.54
1445_6.png,CLAHE (LAB),7.7936,57.7103,19.8203,85.0067,133.6563,12.6612,0.6815,107.04
1445_6.png,"MSRCR (σ=[15,80,250])",7.1742,87.1606,34.5995,110.0797,139.5249,10.392,0.5345,3231.42
1445_5.png,DCP (Dark Channel Prior),7.3021,46.8068,38.3654,49.609,75.0385,22.1784,0.9195,131.12
1445_5.png,CLAHE (LAB),7.8046,58.1987,20.6991,87.022,131.9506,12.8823,0.6835,175.96
1445_5.png,"MSRCR (σ=[15,80,250])",7.1736,87.4737,35.0605,111.6736,139.3515,10.4429,0.5356,3468.1
1445_8.png,DCP (Dark Channel Prior),7.3333,46.8897,37.284,48.8178,77.9499,22.1185,0.9063,133.24
1445_8.png,CLAHE (LAB),7.7708,56.7498,18.232,81.1771,137.4782,12.1648,0.6747,107.58
1445_8.png,"MSRCR (σ=[15,80,250])",7.1687,86.6477,33.6597,106.8536,139.9049,10.2728,0.532,3728.76
1444_10.png,DCP (Dark Channel Prior),7.309,51.7619,34.1933,47.0521,70.713,22.1273,0.7828,268.52
1444_10.png,CLAHE (LAB),7.593,50.476,13.2311,61.695,144.8715,9.0072,0.5067,103.02
1444_10.png,"MSRCR (σ=[15,80,250])",7.0361,91.6576,39.7919,95.7448,127.216,9.5476,0.4305,3757.4
1445_9.png,DCP (Dark Channel Prior),7.346,47.0456,36.9419,48.6331,78.9854,22.0479,0.9022,87.51
1445_9.png,CLAHE (LAB),7.7582,56.2438,17.5183,79.4564,139.4267,11.9082,0.6702,191.6
1445_9.png,"MSRCR (σ=[15,80,250])",7.1631,86.4631,33.2125,105.268,140.085,10.2077,0.5306,3918.89
1445_4.png,DCP (Dark Channel Prior),7.2912,46.7445,38.6636,49.8373,74.062,22.1122,0.9233,120.51
1445_4.png,CLAHE (LAB),7.8159,58.8179,21.6506,88.8913,130.0075,13.1528,0.6867,104.65
1445_4.png,"MSRCR (σ=[15,80,250])",7.1685,87.8276,35.5293,113.2332,139.1872,10.4865,0.5365,4112.87
1445_10.png,DCP (Dark Channel Prior),7.3592,47.1811,36.5296,48.4137,80.0032,21.9459,0.8982,102.38
1445_10.png,CLAHE (LAB),7.7476,55.8364,16.8464,77.6843,141.4061,11.6459,0.6656,4.46
1445_10.png,"MSRCR (σ=[15,80,250])",7.1573,86.2923,32.7642,103.6395,140.2687,10.1412,0.5295,2111.33
1446_4.png,DCP (Dark Channel Prior),7.5254,61.2343,43.2309,64.6587,87.7543,22.8164,0.9236,100.12
1446_4.png,CLAHE (LAB),7.7945,61.6691,22.1201,100.5438,136.2118,13.7247,0.7123,3.89
1446_4.png,"MSRCR (σ=[15,80,250])",7.2567,88.0173,38.015,115.2129,138.8401,12.2957,0.6236,1814.71
1446_3.png,DCP (Dark Channel Prior),7.502,61.7248,43.7,65.222,87.0139,22.84,0.9298,92.84
1446_3.png,CLAHE (LAB),7.8243,62.6076,23.3535,103.2893,134.0199,14.0138,0.7148,3.68
1446_3.png,"MSRCR (σ=[15,80,250])",7.2173,88.8038,38.721,117.3391,138.4425,12.3321,0.6216,2007.69
1446_1.png,DCP (Dark Channel Prior),7.494,62.038,44.3238,65.9931,85.0259,22.5302,0.9378,107.13
1446_1.png,CLAHE (LAB),7.8502,64.6879,26.1485,109.0461,129.8697,14.5264,0.7173,4.15
1446_1.png,"MSRCR (σ=[15,80,250])",7.1251,90.4028,40.0304,121.4225,137.8089,12.3483,0.6165,2015.77
1446_2.png,DCP (Dark Channel Prior),7.498,61.8675,44.0084,65.5872,86.0013,22.6943,0.9338,104.73
1446_2.png,CLAHE (LAB),7.838,63.601,24.6877,106.1712,131.8516,14.2888,0.7163,4.73
1446_2.png,"MSRCR (σ=[15,80,250])",7.173,89.5999,39.3983,119.4243,138.085,12.3518,0.6194,1981.78
1447_2.png,DCP (Dark Channel Prior),7.3249,52.7617,40.0387,48.0591,67.0911,19.4831,0.9143,128.81
1447_2.png,CLAHE (LAB),7.7712,59.2875,21.2052,76.6769,121.5368,13.8244,0.664,121.17
1447_2.png,"MSRCR (σ=[15,80,250])",7.064,91.0523,38.1428,88.0816,137.4008,10.6681,0.5343,2200.33
1447_4.png,DCP (Dark Channel Prior),7.3566,52.9404,39.2357,47.4855,69.3192,19.8096,0.9071,78.52
1447_4.png,CLAHE (LAB),7.7532,57.9546,19.1238,72.1981,126.2961,13.2218,0.6581,84.32
1447_4.png,"MSRCR (σ=[15,80,250])",7.0437,91.4251,36.414,83.7095,137.7295,10.5323,0.5363,2944.29
1447_1.png,DCP (Dark Channel Prior),7.3094,52.6773,40.3857,48.3523,65.9791,19.294,0.9173,139.3
1447_1.png,CLAHE (LAB),7.7795,59.8689,22.3827,79.0987,119.1667,14.0874,0.6654,122.9
1447_1.png,"MSRCR (σ=[15,80,250])",7.073,90.8611,39.0223,90.451,137.3303,10.7188,0.5332,2805.1
1446_6.png,DCP (Dark Channel Prior),7.5363,60.9566,42.5064,63.9345,89.8901,22.9349,0.9143,136.07
1446_6.png,CLAHE (LAB),7.7596,59.9207,19.9166,94.8413,140.7445,13.1181,0.7064,143.65
1446_6.png,"MSRCR (σ=[15,80,250])",7.3308,86.5056,36.6216,110.8511,139.7428,12.1761,0.6275,2793.41
1447_5.png,DCP (Dark Channel Prior),7.3743,53.2212,38.9632,47.2714,70.6256,20.0112,0.9037,177.61
1447_5.png,CLAHE (LAB),7.7476,57.3946,18.209,69.9634,128.7527,12.9182,0.6543,146.32
1447_5.png,"MSRCR (σ=[15,80,250])",7.0361,91.6139,35.5849,81.6936,137.9508,10.4545,0.5374,2733.84
1446_8.png,DCP (Dark Channel Prior),7.5406,60.7195,41.7188,63.1718,92.2627,22.8983,0.9044,125.52
1446_8.png,CLAHE (LAB),7.7182,58.3017,18.0313,89.2401,145.554,12.4736,0.6977,113.84
1446_8.png,"MSRCR (σ=[15,80,250])",7.3892,85.0126,35.2203,106.3791,140.6527,12.0196,0.6303,3160.26
1446_10.png,DCP (Dark Channel Prior),7.5538,60.5429,40.8573,62.4403,94.6959,22.6706,0.8949,131.54
1446_10.png,CLAHE (LAB),7.6811,56.7801,16.385,83.8378,150.3752,11.836,0.6865,129.47
1446_10.png,"MSRCR (σ=[15,80,250])",7.4329,83.5801,33.8408,101.9291,141.4997,11.8417,0.6315,3364.9
1446_7.png,DCP (Dark Channel Prior),7.5373,60.8859,42.1251,63.5904,91.0518,22.942,0.9096,125.93
1446_7.png,CLAHE (LAB),7.7339,59.0476,18.9429,92.1379,143.1588,12.785,0.7019,132.09
1446_7.png,"MSRCR (σ=[15,80,250])",7.3622,85.7533,35.9152,108.6188,140.198,12.102,0.6291,3609.69
1446_5.png,DCP (Dark Channel Prior),7.5314,61.0618,42.8633,64.27,88.7864,22.889,0.919,117.6
1446_5.png,CLAHE (LAB),7.7816,60.8054,20.9715,97.6218,138.3009,13.4533,0.7103,108.52
1446_5.png,"MSRCR (σ=[15,80,250])",7.2929,87.2639,37.3172,113.0378,139.2865,12.2409,0.6255,3914.46
1447_3.png,DCP (Dark Channel Prior),7.3421,52.9359,39.7454,47.8255,68.2622,19.6846,0.9112,127.72
1447_3.png,CLAHE (LAB),7.7618,58.5151,20.1157,74.4579,123.9805,13.5083,0.6608,144.92
1447_3.png,"MSRCR (σ=[15,80,250])",7.0524,91.2409,37.2592,85.8297,137.5486,10.604,0.5351,3684.64
1446_9.png,DCP (Dark Channel Prior),7.5477,60.6311,41.2793,62.7994,93.4583,22.8129,0.8998,128.3
1446_9.png,CLAHE (LAB),7.7008,57.5395,17.1747,86.5587,147.8092,12.1712,0.6926,116.17
1446_9.png,"MSRCR (σ=[15,80,250])",7.412,84.2816,34.5198,104.1539,141.09,11.9326,0.6312,3845.42
1447_6.png,DCP (Dark Channel Prior),7.3911,53.3281,38.5644,46.9477,71.8006,20.1361,0.8995,57.51
1447_6.png,CLAHE (LAB),7.7404,56.9873,17.3592,67.8056,131.249,12.5988,0.65,3.4
1447_6.png,"MSRCR (σ=[15,80,250])",7.0293,91.8178,34.8121,79.8228,138.1759,10.3743,0.5383,1954.71
1447_7.png,DCP (Dark Channel Prior),7.4058,53.6225,38.1215,46.7393,73.1577,20.283,0.8953,96.28
1447_7.png,CLAHE (LAB),7.7325,56.4929,16.5755,65.6896,134.0081,12.2576,0.6443,3.29
1447_7.png,"MSRCR (σ=[15,80,250])",7.0242,91.9866,34.0653,78.055,138.4227,10.2937,0.539,1221.65
1447_10.png,DCP (Dark Channel Prior),7.4544,54.606,36.7786,45.9869,77.4221,20.553,0.8818,91.39
1447_10.png,CLAHE (LAB),7.7105,55.5794,14.5485,59.8021,141.3388,11.3829,0.6262,5.82
1447_10.png,"MSRCR (σ=[15,80,250])",7.0122,92.4247,32.0601,73.1677,139.1709,10.0594,0.5395,1261.82
1447_9.png,DCP (Dark Channel Prior),7.438,54.106,37.2061,46.2061,75.8158,20.4635,0.8861,87.99
1447_9.png,CLAHE (LAB),7.7203,55.9215,15.1607,61.7781,138.9685,11.6536,0.6326,5.03
1447_9.png,"MSRCR (σ=[15,80,250])",7.0162,92.2973,32.6883,74.7153,138.9275,10.135,0.5396,1387.18
1447_8.png,DCP (Dark Channel Prior),7.4206,53.9014,37.7663,46.4504,74.6383,20.4182,0.8904,80.92
1447_8.png,CLAHE (LAB),7.7249,56.1521,15.8436,63.7113,136.6156,11.9401,0.6382,4.19
1447_8.png,"MSRCR (σ=[15,80,250])",7.0206,92.1472,33.3519,76.3288,138.6738,10.2138,0.5395,1545.83
1448_8.png,DCP (Dark Channel Prior),7.4374,65.9214,36.2487,43.2951,84.3573,22.0798,0.9132,88.67
1448_8.png,CLAHE (LAB),7.6677,64.2952,17.4861,63.2138,137.7539,13.2009,0.6722,75.96
1448_8.png,"MSRCR (σ=[15,80,250])",7.0338,87.1555,28.972,67.3205,141.9625,11.3659,0.6165,1809.73
1449_1.png,DCP (Dark Channel Prior),7.507,65.1868,43.3711,60.2473,82.6689,22.4263,0.943,142.39
1449_1.png,CLAHE (LAB),7.8016,64.7129,25.6448,95.0385,128.6297,14.5513,0.7176,127.04
1449_1.png,"MSRCR (σ=[15,80,250])",7.0313,91.698,41.3961,106.1889,136.5263,12.1579,0.6013,2285.67
1448_3.png,DCP (Dark Channel Prior),7.3306,66.076,38.0018,43.8068,79.8256,21.6193,0.9296,130.17
1448_3.png,CLAHE (LAB),7.7353,67.1163,21.3062,71.9043,126.7187,15.0213,0.692,120.58
1448_3.png,"MSRCR (σ=[15,80,250])",6.9694,89.7793,30.9683,74.3049,139.9689,11.6945,0.6161,2800.72
1448_6.png,DCP (Dark Channel Prior),7.4297,65.7966,36.9316,43.4444,82.2824,21.9156,0.9205,130.71
1448_6.png,CLAHE (LAB),7.7089,65.3217,18.8489,66.5077,133.3232,13.9211,0.6812,122.67
1448_6.png,"MSRCR (σ=[15,80,250])",7.0131,88.1059,29.7571,69.9696,141.2195,11.5073,0.6173,2955.24
1448_10.png,DCP (Dark Channel Prior),7.4679,66.03,35.5183,43.1214,86.4501,22.1357,0.9072,139.52
1448_10.png,CLAHE (LAB),7.6501,63.3458,16.2757,59.8478,142.0801,12.5251,0.6623,124.52
1448_10.png,"MSRCR (σ=[15,80,250])",7.0524,86.3006,28.2379,64.8821,142.6157,11.2228,0.6142,3007.5
1448_7.png,DCP (Dark Channel Prior),7.4269,65.97,36.5961,43.3787,83.3124,22.0178,0.9176,122.79
1448_7.png,CLAHE (LAB),7.6737,64.8643,18.1393,64.7438,135.5943,13.5539,0.6771,122.82
1448_7.png,"MSRCR (σ=[15,80,250])",7.0256,87.6066,29.3537,68.6077,141.6044,11.4378,0.6172,2946.32
1448_1.png,DCP (Dark Channel Prior),7.3077,66.1227,38.5563,44.0307,78.0993,21.2571,0.9331,125.57
1448_1.png,CLAHE (LAB),7.7552,68.8426,23.2781,75.2322,122.41,15.7218,0.6999,118.98
1448_1.png,"MSRCR (σ=[15,80,250])",6.9447,91.1932,31.7547,77.5398,139.0712,11.779,0.6138,2982.71
1448_4.png,DCP (Dark Channel Prior),7.3433,66.0458,37.7011,43.7038,80.7347,21.7755,0.9272,121.75
1448_4.png,CLAHE (LAB),7.7311,66.5211,20.4158,69.9648,128.6653,14.6833,0.6899,114.73
1448_4.png,"MSRCR (σ=[15,80,250])",6.9853,89.1697,30.5616,72.7992,140.4112,11.6362,0.6169,3288.54
1448_5.png,DCP (Dark Channel Prior),7.3574,66.0309,37.3943,43.6012,81.7052,21.9285,0.9249,99.99
1448_5.png,CLAHE (LAB),7.7253,65.7251,19.6098,68.2654,130.9948,14.2836,0.6851,106.96
1448_5.png,"MSRCR (σ=[15,80,250])",7.0011,88.6112,30.1523,71.3525,140.8324,11.5729,0.6173,3418.66
1448_9.png,DCP (Dark Channel Prior),7.4541,65.9733,35.8962,43.2063,85.3859,22.1252,0.9101,119.62
1448_9.png,CLAHE (LAB),7.6604,63.8656,16.8648,61.4175,139.9746,12.8514,0.6675,122.58
1448_9.png,"MSRCR (σ=[15,80,250])",7.0429,86.7219,28.6002,66.0842,142.2962,11.2945,0.6155,3731.25
1448_2.png,DCP (Dark Channel Prior),7.3198,66.086,38.2797,43.9138,78.9435,21.4447,0.9315,120.24
1448_2.png,CLAHE (LAB),7.7472,67.9849,22.2452,73.5607,124.5105,15.3748,0.6961,125.39
1448_2.png,"MSRCR (σ=[15,80,250])",6.956,90.4465,31.3702,75.8716,139.5202,11.7432,0.615,3721.28
1449_2.png,DCP (Dark Channel Prior),7.5113,65.088,43.0703,59.8438,83.6058,22.6539,0.9409,71.64
1449_2.png,CLAHE (LAB),7.7872,63.9572,24.2428,92.2818,130.5235,14.3404,0.7177,5.34
1449_2.png,"MSRCR (σ=[15,80,250])",7.0192,91.5411,40.5372,103.5096,136.7635,12.1152,0.6014,2472.92
1449_3.png,DCP (Dark Channel Prior),7.5226,65.0009,42.7361,59.4364,84.6025,22.8801,0.9386,79.3
1449_3.png,CLAHE (LAB),7.7772,63.3787,22.9739,89.5543,132.6089,14.0986,0.7172,5.07
1449_3.png,"MSRCR (σ=[15,80,250])",7.0049,91.3749,39.6309,100.833,137.0908,12.0542,0.6015,1734.51
1449_6.png,DCP (Dark Channel Prior),7.5758,64.4761,41.5311,58.1318,87.4009,23.2459,0.9283,58.67
1449_6.png,CLAHE (LAB),7.7509,61.5262,19.6743,81.4389,139.3675,13.2668,0.7103,2.55
1449_6.png,"MSRCR (σ=[15,80,250])",6.9756,90.9163,36.9571,93.4311,138.2949,11.8098,0.6023,1548.43
1449_4.png,DCP (Dark Channel Prior),7.554,64.6279,42.2772,58.9566,85.2871,22.9263,0.9345,100.44
1449_4.png,CLAHE (LAB),7.7668,62.737,21.7916,86.7995,134.915,13.8272,0.7155,2.23
1449_4.png,"MSRCR (σ=[15,80,250])",6.9911,91.2139,38.7207,98.2752,137.4561,11.9817,0.6019,1548.72
1449_5.png,DCP (Dark Channel Prior),7.5646,64.5599,41.9267,58.5719,86.3231,23.1023,0.9315,74.22
1449_5.png,CLAHE (LAB),7.7584,62.0892,20.6945,83.9978,136.9997,13.5693,0.7138,1.97
1449_5.png,"MSRCR (σ=[15,80,250])",6.9803,91.0615,37.8202,95.8014,137.8682,11.8986,0.6021,1401.18
1449_7.png,DCP (Dark Channel Prior),7.5865,64.4326,41.1597,57.7334,88.4894,23.3499,0.9248,66.72
1449_7.png,CLAHE (LAB),7.737,60.9499,18.7196,78.871,141.4784,13.0047,0.7067,70.24
1449_7.png,"MSRCR (σ=[15,80,250])",6.97,90.7736,36.1146,91.1897,138.7282,11.719,0.6025,1394.52
1449_9.png,DCP (Dark Channel Prior),7.6035,64.436,40.3351,56.963,90.85,23.4485,0.9173,82.28
1449_9.png,CLAHE (LAB),7.7097,59.8214,17.0247,73.7765,146.297,12.37,0.6958,71.04
1449_9.png,"MSRCR (σ=[15,80,250])",6.9749,90.4599,34.5176,86.9813,139.5958,11.5336,0.6028,1418.62
1449_8.png,DCP (Dark Channel Prior),7.5915,64.474,40.7689,57.3725,89.6933,23.4224,0.9211,57.54
1449_8.png,CLAHE (LAB),7.7198,60.413,17.8433,76.3798,143.9876,12.6678,0.7013,73.34
1449_8.png,"MSRCR (σ=[15,80,250])",6.9715,90.6142,35.3,89.0482,139.1562,11.6272,0.6028,1553.07
1449_10.png,DCP (Dark Channel Prior),7.616,64.4249,39.8922,56.5522,92.0681,23.4055,0.9133,60.28
1449_10.png,CLAHE (LAB),7.6973,59.3126,16.2798,71.3721,148.8359,12.038,0.689,71.97
1449_10.png,"MSRCR (σ=[15,80,250])",6.9814,90.2918,33.7759,85.0257,140.0163,11.4425,0.6027,1551.17
